{
  "ast_grep": {
    "category_counts": {},
    "category_weighted": {},
    "counts": {},
    "rules_checked": 355,
    "violation_lines": 0,
    "violations": 0,
    "weighted": 0
  },
  "classes": {
    "attribute_counts_mean": 3.55,
    "attribute_counts_sum": 71,
    "count": 20,
    "method_counts_mean": 2.7,
    "method_counts_sum": 54
  },
  "complexity": {
    "cc_max": 191,
    "cc_ratings": {
      "A": 52,
      "B": 13,
      "C": 12,
      "D": 1,
      "E": 3,
      "F": 4
    },
    "cc_sum": 893,
    "mi_min": 0.0,
    "mi_ratings": {
      "A": 0,
      "B": 0,
      "C": 1
    },
    "mi_sum": 0.0,
    "num_complex": 20
  },
  "file_count": 1,
  "functions": {
    "cc_concentration": 0.5598125,
    "cc_extreme_count": 4,
    "cc_high_count": 15,
    "cc_max": 62,
    "cc_mean": 7.8125,
    "cc_normalized": 0.027321904761904763,
    "cc_std": 10.330836872015281,
    "cc_sum": 500,
    "cc_top20": 0.6,
    "count": 64,
    "depth_max": 5,
    "extreme_cc_mean": 40.75,
    "high_cc_mean": 21.533333333333335,
    "lines_mean": 22.046875,
    "lines_sum": 1411
  },
  "graph": {
    "cyclic_dependency_mass": 0.05263157894736842,
    "dependency_entropy": 0.3868115818170328,
    "edge_count": 135,
    "node_count": 63,
    "propagation_cost": 0.09037378392217102
  },
  "lines": {
    "comments": 76,
    "loc": 1317,
    "multi_comment": 5,
    "single_comment": 74,
    "total_lines": 1627
  },
  "lint": {
    "counts": {
      "ANN401": 9,
      "ARG002": 8,
      "B007": 1,
      "B904": 8,
      "BLE001": 9,
      "C901": 13,
      "DOC201": 3,
      "DTZ007": 3,
      "DTZ901": 1,
      "EM101": 38,
      "EM102": 63,
      "EXE001": 1,
      "F401": 7,
      "F402": 1,
      "F541": 6,
      "F811": 1,
      "F841": 1,
      "FBT001": 1,
      "FBT002": 1,
      "FBT003": 2,
      "FURB101": 1,
      "FURB103": 1,
      "PERF203": 9,
      "PERF401": 1,
      "PLR0124": 1,
      "PLR0904": 1,
      "PLR0911": 5,
      "PLR0912": 11,
      "PLR0913": 1,
      "PLR0914": 3,
      "PLR0915": 4,
      "PLR0917": 1,
      "PLR1704": 1,
      "PLR1714": 1,
      "PLR2004": 5,
      "PLR5501": 1,
      "PLR6104": 1,
      "PLR6201": 23,
      "PLW1514": 3,
      "PTH123": 3,
      "RET505": 14,
      "RUF013": 1,
      "RUF019": 1,
      "RUF045": 7,
      "RUF049": 1,
      "SIM102": 1,
      "SIM105": 1,
      "SIM114": 1,
      "SIM118": 1,
      "TRY003": 101,
      "UP006": 57,
      "UP015": 2,
      "UP035": 5,
      "UP045": 14
    },
    "errors": 461,
    "fixable": 108
  },
  "redundancy": {
    "clone_lines": 96,
    "clone_ratio_sum": 0.07289293849658314,
    "cloned_sloc_lines": 96,
    "files_with_clones": 1
  },
  "source_files": [],
  "symbols": {
    "classes": 20,
    "expressions": 3859,
    "expressions_top_level": 43,
    "functions": 10,
    "globals": 1,
    "imports": 11,
    "max_imports": 11,
    "methods": 54,
    "statements": 1010,
    "total": 85,
    "type_aliases": 0,
    "variables": 1
  },
  "verbosity_flagged_sloc_lines": 96,
  "waste": {
    "single_use_functions": 6,
    "trivial_wrappers": 0,
    "unused_variables": 8
  }
}