{
  "ast_grep": {
    "category_counts": {},
    "category_weighted": {},
    "counts": {},
    "rules_checked": 355,
    "violation_lines": 0,
    "violations": 0,
    "weighted": 0
  },
  "classes": {
    "attribute_counts_mean": 2.9411764705882355,
    "attribute_counts_sum": 50,
    "count": 17,
    "method_counts_mean": 4.588235294117647,
    "method_counts_sum": 78
  },
  "complexity": {
    "cc_max": 83,
    "cc_ratings": {
      "A": 101,
      "B": 14,
      "C": 3,
      "D": 5,
      "E": 2,
      "F": 2
    },
    "cc_sum": 617,
    "mi_min": 0.0,
    "mi_ratings": {
      "A": 1,
      "B": 0,
      "C": 1
    },
    "mi_sum": 55.43701345216072,
    "num_complex": 12
  },
  "file_count": 2,
  "functions": {
    "cc_concentration": 0.585143822439116,
    "cc_extreme_count": 1,
    "cc_high_count": 8,
    "cc_max": 40,
    "cc_mean": 4.178217821782178,
    "cc_normalized": 0.022520271332629543,
    "cc_std": 6.301422124574675,
    "cc_sum": 422,
    "cc_top20": 0.6635071090047393,
    "count": 101,
    "depth_max": 5,
    "extreme_cc_mean": 40.0,
    "high_cc_mean": 22.25,
    "lines_mean": 13.871287128712872,
    "lines_sum": 1401
  },
  "graph": {
    "cyclic_dependency_mass": 0.2926829268292683,
    "dependency_entropy": 0.04434151270064254,
    "edge_count": 37,
    "node_count": 89,
    "propagation_cost": 0.009448416751787538
  },
  "lines": {
    "comments": 174,
    "loc": 1265,
    "multi_comment": 4,
    "single_comment": 191,
    "total_lines": 1794
  },
  "lint": {
    "counts": {
      "ANN401": 6,
      "ARG005": 1,
      "B011": 2,
      "B904": 3,
      "BLE001": 9,
      "C901": 6,
      "DOC201": 25,
      "DOC501": 7,
      "DTZ003": 1,
      "E712": 4,
      "E722": 1,
      "EM101": 2,
      "EM102": 13,
      "ERA001": 1,
      "EXE001": 2,
      "F401": 8,
      "F841": 1,
      "FURB101": 2,
      "FURB110": 4,
      "G004": 13,
      "N802": 7,
      "PERF203": 2,
      "PERF401": 1,
      "PLC0415": 9,
      "PLC1901": 5,
      "PLC2701": 9,
      "PLR0911": 6,
      "PLR0912": 5,
      "PLR0914": 1,
      "PLR0915": 3,
      "PLR2004": 19,
      "PLR6201": 2,
      "PLR6301": 3,
      "PLW0108": 4,
      "PLW1514": 3,
      "PT015": 2,
      "PT017": 2,
      "PTH123": 3,
      "RET505": 3,
      "RET507": 1,
      "RSE102": 14,
      "RUF005": 1,
      "RUF012": 3,
      "RUF013": 1,
      "S101": 32,
      "S104": 1,
      "S112": 1,
      "S314": 1,
      "S405": 1,
      "SIM102": 2,
      "SLF001": 8,
      "TRY003": 15,
      "UP006": 31,
      "UP015": 3,
      "UP035": 3,
      "UP045": 15
    },
    "errors": 333,
    "fixable": 84
  },
  "redundancy": {
    "clone_lines": 156,
    "clone_ratio_sum": 0.21385281385281385,
    "cloned_sloc_lines": 131,
    "files_with_clones": 2
  },
  "source_files": [],
  "symbols": {
    "classes": 17,
    "expressions": 2634,
    "expressions_top_level": 34,
    "functions": 23,
    "globals": 9,
    "imports": 29,
    "max_imports": 26,
    "methods": 78,
    "statements": 695,
    "total": 127,
    "type_aliases": 0,
    "variables": 9
  },
  "verbosity_flagged_sloc_lines": 131,
  "waste": {
    "single_use_functions": 22,
    "trivial_wrappers": 0,
    "unused_variables": 30
  }
}