{
  "ast_grep": {
    "category_counts": {},
    "category_weighted": {},
    "counts": {},
    "rules_checked": 355,
    "violation_lines": 0,
    "violations": 0,
    "weighted": 0
  },
  "classes": {
    "attribute_counts_mean": 0.2727272727272727,
    "attribute_counts_sum": 3,
    "count": 11,
    "method_counts_mean": 2.6363636363636362,
    "method_counts_sum": 29
  },
  "complexity": {
    "cc_max": 49,
    "cc_ratings": {
      "A": 28,
      "B": 20,
      "C": 8,
      "D": 2,
      "E": 2,
      "F": 1
    },
    "cc_sum": 493,
    "mi_min": 0.0,
    "mi_ratings": {
      "A": 1,
      "B": 0,
      "C": 1
    },
    "mi_sum": 42.485091327508826,
    "num_complex": 13
  },
  "file_count": 2,
  "functions": {
    "cc_concentration": 0.4247104247104247,
    "cc_extreme_count": 1,
    "cc_high_count": 7,
    "cc_max": 32,
    "cc_mean": 6.795918367346939,
    "cc_normalized": 0.016017894771648524,
    "cc_std": 6.020726672077378,
    "cc_sum": 333,
    "cc_top20": 0.4744744744744745,
    "count": 49,
    "depth_max": 10,
    "extreme_cc_mean": 32.0,
    "high_cc_mean": 18.285714285714285,
    "lines_mean": 21.163265306122447,
    "lines_sum": 1037
  },
  "graph": {
    "cyclic_dependency_mass": 0.0,
    "dependency_entropy": 0.17826945885851647,
    "edge_count": 11,
    "node_count": 11,
    "propagation_cost": 0.12727272727272726
  },
  "lines": {
    "comments": 42,
    "loc": 870,
    "multi_comment": 21,
    "single_comment": 74,
    "total_lines": 1172
  },
  "lint": {
    "counts": {
      "ANN401": 4,
      "ARG001": 1,
      "ARG005": 1,
      "B007": 3,
      "B904": 1,
      "B905": 1,
      "BLE001": 6,
      "C901": 6,
      "DOC201": 20,
      "DOC402": 1,
      "DOC501": 5,
      "EM101": 20,
      "EM102": 8,
      "EXE001": 2,
      "F401": 2,
      "F821": 1,
      "F841": 5,
      "FBT001": 1,
      "FBT002": 1,
      "FURB101": 1,
      "FURB171": 2,
      "FURB188": 2,
      "PERF203": 1,
      "PERF401": 2,
      "PIE790": 2,
      "PLC0415": 2,
      "PLR0911": 1,
      "PLR0912": 4,
      "PLR0914": 1,
      "PLR0915": 1,
      "PLR1702": 6,
      "PLR1714": 1,
      "PLR2004": 1,
      "PLR5501": 1,
      "PLR6104": 1,
      "PLR6201": 6,
      "PLR6301": 3,
      "PTH110": 1,
      "PTH123": 14,
      "RET505": 2,
      "RUF005": 8,
      "RUF012": 1,
      "RUF013": 1,
      "RUF059": 1,
      "SIM102": 3,
      "SIM108": 1,
      "SLF001": 7,
      "TRY003": 28,
      "UP006": 78,
      "UP015": 6,
      "UP035": 5,
      "UP045": 5
    },
    "errors": 288,
    "fixable": 117
  },
  "redundancy": {
    "clone_lines": 59,
    "clone_ratio_sum": 0.10968439019425154,
    "cloned_sloc_lines": 59,
    "files_with_clones": 2
  },
  "source_files": [],
  "symbols": {
    "classes": 11,
    "expressions": 1452,
    "expressions_top_level": 9,
    "functions": 20,
    "globals": 1,
    "imports": 22,
    "max_imports": 12,
    "methods": 29,
    "statements": 562,
    "total": 61,
    "type_aliases": 0,
    "variables": 1
  },
  "verbosity_flagged_sloc_lines": 59,
  "waste": {
    "single_use_functions": 18,
    "trivial_wrappers": 0,
    "unused_variables": 6
  }
}