{
  "model": "glm-5-kimi",
  "thinking": "none",
  "prompt": "just-solve",
  "agent_type": "claude_code",
  "agent_version": "2.0.51",
  "num_problems": 8,
  "num_checkpoints": 39,
  "expected_checkpoints": 39,
  "costs": {
    "checkpoint": {
      "mean": 6.5056691846153845,
      "stddev": 5.587243430003358,
      "min": 0.006470999999999999,
      "max": 17.319408,
      "median": 4.651101,
      "count": 39
    },
    "problem": {
      "mean": 31.715137274999996,
      "stddev": 13.52373851154526,
      "min": 13.448826000000002,
      "max": 50.841618,
      "median": 30.018111300000008,
      "count": 8
    },
    "total": 253.72109819999997
  },
  "time": {
    "checkpoint": {
      "mean": 768.8487758717948,
      "stddev": 592.4815536224484,
      "min": 9.901065,
      "max": 2781.745041,
      "median": 648.210488,
      "count": 39
    },
    "problem": {
      "mean": 3748.137782375,
      "stddev": 1220.4105561077974,
      "min": 1890.008912,
      "max": 5864.845824,
      "median": 3684.192912,
      "count": 8
    }
  },
  "tokens": {
    "input": 79199452,
    "output": 449207,
    "cache_read": 1941824,
    "cache_write": 0,
    "reasoning": 0,
    "problem": {
      "input": 9899931.5,
      "output": 56150.875,
      "cache_read": 242728.0,
      "cache_write": 0.0,
      "reasoning": 0.0
    },
    "checkpoint": {
      "input": 2030755.1794871795,
      "output": 11518.128205128205,
      "cache_read": 49790.35897435898,
      "cache_write": 0.0,
      "reasoning": 0.0
    }
  },
  "steps": {
    "checkpoint": {
      "mean": 45.1025641025641,
      "stddev": 27.69076881314219,
      "min": 1.0,
      "max": 97.0,
      "median": 44.0,
      "count": 39
    },
    "problem": {
      "mean": 219.875,
      "stddev": 79.81306284061526,
      "min": 117.0,
      "max": 331.0,
      "median": 230.5,
      "count": 8
    }
  },
  "checkpoints_solved": 3,
  "checkpoints_iso_solved": 5,
  "checkpoints_core_solved": 17,
  "problem_solved": 0.0,
  "problem_partial": 3.0,
  "pct_checkpoints_solved": 7.6923076923076925,
  "pct_checkpoints_iso_solved": 12.82051282051282,
  "pct_problems_solved": 0.0,
  "pct_problems_partial": 37.5,
  "pct_checkpoints_core_solved": 43.58974358974359,
  "pass_rates": {
    "problem": {
      "core": 0.5035615079365079,
      "total": 0.6234191041328496,
      "error": 0.6006908369408369,
      "functionality": 0.5077487657358981,
      "regression": 0.6410612925063841
    },
    "checkpoint": {
      "core": 0.5642958892958893,
      "total": 0.6856524016948201,
      "error": 0.8157002929730203,
      "functionality": 0.5648135434617335,
      "regression": 0.717129449990583
    }
  },
  "cc": {
    "high_count": {
      "mean": 5.6923076923076925,
      "stddev": 3.8604188902368053,
      "min": 0.0,
      "max": 14.0,
      "median": 4.0,
      "count": 39
    },
    "high_mean": {
      "mean": 22.405016137708447,
      "stddev": 8.662076622059951,
      "min": 0.0,
      "max": 46.0,
      "median": 22.90909090909091,
      "count": 39
    },
    "max": {
      "mean": 41.794871794871796,
      "stddev": 22.20974120939715,
      "min": 0.0,
      "max": 80.0,
      "median": 42.0,
      "count": 39
    }
  },
  "ratios": {
    "rubric": {
      "mean": null,
      "stddev": null,
      "min": null,
      "max": null,
      "median": null,
      "count": 0
    },
    "lint": {
      "mean": 0.17921578230800875,
      "stddev": 0.057287385735770815,
      "min": 0.06921241050119331,
      "max": 0.3159340659340659,
      "median": 0.1722488038277512,
      "count": 38
    },
    "violation_pct": {
      "mean": 0.0,
      "stddev": 0.0,
      "min": 0.0,
      "max": 0.0,
      "median": 0.0,
      "count": 38
    }
  },
  "verbosity": {
    "mean": null,
    "stddev": null,
    "min": null,
    "max": null,
    "median": null,
    "count": 0
  },
  "erosion": {
    "mean": null,
    "stddev": null,
    "min": null,
    "max": null,
    "median": null,
    "count": 0
  }
}