{
  "ast_grep": {
    "category_counts": {},
    "category_weighted": {},
    "counts": {},
    "rules_checked": 355,
    "violation_lines": 0,
    "violations": 0,
    "weighted": 0
  },
  "classes": {
    "attribute_counts_mean": 0.0,
    "attribute_counts_sum": 0,
    "count": 0,
    "method_counts_mean": 0.0,
    "method_counts_sum": 0
  },
  "complexity": {
    "cc_max": 32,
    "cc_ratings": {
      "A": 140,
      "B": 18,
      "C": 13,
      "D": 1,
      "E": 1,
      "F": 0
    },
    "cc_sum": 677,
    "mi_min": 0.0,
    "mi_ratings": {
      "A": 4,
      "B": 1,
      "C": 1
    },
    "mi_sum": 191.81616143682356,
    "num_complex": 15
  },
  "file_count": 6,
  "functions": {
    "cc_concentration": 0.47982536506927437,
    "cc_extreme_count": 1,
    "cc_high_count": 15,
    "cc_max": 32,
    "cc_mean": 4.284810126582278,
    "cc_normalized": 0.007703044455882963,
    "cc_std": 4.727062313592311,
    "cc_sum": 677,
    "cc_top20": 0.5332348596750369,
    "count": 158,
    "depth_max": 7,
    "extreme_cc_mean": 32.0,
    "high_cc_mean": 15.8,
    "lines_mean": 19.38607594936709,
    "lines_sum": 3063
  },
  "graph": {
    "cyclic_dependency_mass": 0.0,
    "dependency_entropy": 0.5432814751500058,
    "edge_count": 229,
    "node_count": 82,
    "propagation_cost": 0.052393857271906055
  },
  "lines": {
    "comments": 32,
    "loc": 2748,
    "multi_comment": 14,
    "single_comment": 52,
    "total_lines": 3539
  },
  "lint": {
    "counts": {
      "ANN401": 2,
      "ARG001": 1,
      "C401": 1,
      "C420": 3,
      "C901": 8,
      "DOC201": 7,
      "EXE001": 1,
      "F401": 3,
      "FBT001": 1,
      "FBT002": 1,
      "FURB118": 2,
      "N806": 3,
      "PERF203": 2,
      "PERF401": 2,
      "PLR0912": 5,
      "PLR0913": 2,
      "PLR0914": 3,
      "PLR0915": 3,
      "PLR0917": 2,
      "PLR1702": 4,
      "PLW1514": 6,
      "PTH110": 9,
      "PTH112": 2,
      "PTH118": 3,
      "PTH119": 2,
      "PTH120": 2,
      "PTH123": 6,
      "PTH208": 1,
      "RET504": 1,
      "RET505": 1,
      "RUF010": 2,
      "S608": 14,
      "SIM102": 5,
      "SIM105": 2,
      "UP006": 200,
      "UP015": 6,
      "UP024": 6,
      "UP035": 11,
      "UP045": 38
    },
    "errors": 373,
    "fixable": 276
  },
  "redundancy": {
    "clone_lines": 383,
    "clone_ratio_sum": 0.596144349771504,
    "cloned_sloc_lines": 363,
    "files_with_clones": 6
  },
  "source_files": [],
  "symbols": {
    "classes": 0,
    "expressions": 2603,
    "expressions_top_level": 206,
    "functions": 158,
    "globals": 15,
    "imports": 27,
    "max_imports": 8,
    "methods": 0,
    "statements": 567,
    "total": 173,
    "type_aliases": 0,
    "variables": 15
  },
  "verbosity_flagged_sloc_lines": 363,
  "waste": {
    "single_use_functions": 117,
    "trivial_wrappers": 2,
    "unused_variables": 18
  }
}