{
  "ast_grep": {
    "category_counts": {},
    "category_weighted": {},
    "counts": {},
    "rules_checked": 355,
    "violation_lines": 0,
    "violations": 0,
    "weighted": 0
  },
  "classes": {
    "attribute_counts_mean": 1.875,
    "attribute_counts_sum": 15,
    "count": 8,
    "method_counts_mean": 2.875,
    "method_counts_sum": 23
  },
  "complexity": {
    "cc_max": 79,
    "cc_ratings": {
      "A": 50,
      "B": 4,
      "C": 11,
      "D": 1,
      "E": 0,
      "F": 3
    },
    "cc_sum": 517,
    "mi_min": 0.0,
    "mi_ratings": {
      "A": 0,
      "B": 0,
      "C": 1
    },
    "mi_sum": 0.0,
    "num_complex": 15
  },
  "file_count": 1,
  "functions": {
    "cc_concentration": 0.6048741217798594,
    "cc_extreme_count": 2,
    "cc_high_count": 14,
    "cc_max": 79,
    "cc_mean": 7.344262295081967,
    "cc_normalized": 0.049964956685799325,
    "cc_std": 12.821707174295785,
    "cc_sum": 448,
    "cc_top20": 0.6584821428571429,
    "count": 61,
    "depth_max": 5,
    "extreme_cc_mean": 70.5,
    "high_cc_mean": 21.857142857142858,
    "lines_mean": 31.278688524590162,
    "lines_sum": 1908
  },
  "graph": {
    "cyclic_dependency_mass": 0.15263157894736842,
    "dependency_entropy": 0.4053878396109835,
    "edge_count": 113,
    "node_count": 61,
    "propagation_cost": 0.18579234972677597
  },
  "lines": {
    "comments": 82,
    "loc": 1514,
    "multi_comment": 128,
    "single_comment": 111,
    "total_lines": 2051
  },
  "lint": {
    "counts": {
      "ANN401": 8,
      "ARG001": 2,
      "B007": 1,
      "B904": 9,
      "B905": 2,
      "BLE001": 13,
      "C901": 12,
      "DOC201": 51,
      "DOC501": 28,
      "E721": 3,
      "EM101": 104,
      "EXE001": 1,
      "F401": 1,
      "FBT001": 1,
      "FBT002": 1,
      "FBT003": 2,
      "FURB110": 2,
      "FURB148": 1,
      "PERF203": 3,
      "PIE790": 1,
      "PLR0911": 2,
      "PLR0912": 5,
      "PLR0913": 4,
      "PLR0914": 1,
      "PLR0915": 2,
      "PLR0917": 4,
      "PLR2004": 1,
      "PLR6201": 2,
      "RET504": 1,
      "RET505": 6,
      "RUF005": 1,
      "RUF010": 5,
      "RUF051": 1,
      "S110": 5,
      "SIM103": 2,
      "SIM114": 1,
      "TRY203": 2,
      "TRY300": 1,
      "UP006": 170,
      "UP035": 3,
      "UP045": 24
    },
    "errors": 489,
    "fixable": 211
  },
  "redundancy": {
    "clone_lines": 700,
    "clone_ratio_sum": 0.4511228533685601,
    "cloned_sloc_lines": 671,
    "files_with_clones": 1
  },
  "source_files": [],
  "symbols": {
    "classes": 8,
    "expressions": 1656,
    "expressions_top_level": 12,
    "functions": 38,
    "globals": 0,
    "imports": 5,
    "max_imports": 5,
    "methods": 23,
    "statements": 614,
    "total": 69,
    "type_aliases": 0,
    "variables": 0
  },
  "verbosity_flagged_sloc_lines": 671,
  "waste": {
    "single_use_functions": 20,
    "trivial_wrappers": 0,
    "unused_variables": 3
  }
}