{
  "ast_grep": {
    "category_counts": {},
    "category_weighted": {},
    "counts": {},
    "rules_checked": 355,
    "violation_lines": 0,
    "violations": 0,
    "weighted": 0
  },
  "classes": {
    "attribute_counts_mean": 2.5,
    "attribute_counts_sum": 65,
    "count": 26,
    "method_counts_mean": 1.1153846153846154,
    "method_counts_sum": 29
  },
  "complexity": {
    "cc_max": 61,
    "cc_ratings": {
      "A": 76,
      "B": 5,
      "C": 5,
      "D": 5,
      "E": 1,
      "F": 1
    },
    "cc_sum": 439,
    "mi_min": 0.0,
    "mi_ratings": {
      "A": 0,
      "B": 0,
      "C": 1
    },
    "mi_sum": 0.0,
    "num_complex": 12
  },
  "file_count": 1,
  "functions": {
    "cc_concentration": 0.6159449615540267,
    "cc_extreme_count": 1,
    "cc_high_count": 10,
    "cc_max": 31,
    "cc_mean": 5.603174603174603,
    "cc_normalized": 0.03104497966413134,
    "cc_std": 7.836102723189433,
    "cc_sum": 353,
    "cc_top20": 0.6968838526912181,
    "count": 63,
    "depth_max": 4,
    "extreme_cc_mean": 31.0,
    "high_cc_mean": 21.6,
    "lines_mean": 20.063492063492063,
    "lines_sum": 1264
  },
  "graph": {
    "cyclic_dependency_mass": 0.0,
    "dependency_entropy": 0.07710469358302056,
    "edge_count": 54,
    "node_count": 62,
    "propagation_cost": 0.03172924378635643
  },
  "lines": {
    "comments": 134,
    "loc": 1087,
    "multi_comment": 10,
    "single_comment": 148,
    "total_lines": 1486
  },
  "lint": {
    "counts": {
      "A001": 1,
      "B904": 4,
      "B905": 1,
      "C420": 3,
      "C901": 9,
      "DOC201": 26,
      "DOC501": 23,
      "EM101": 18,
      "EM102": 11,
      "ERA001": 2,
      "EXE001": 1,
      "F541": 2,
      "F821": 1,
      "F841": 1,
      "FBT001": 4,
      "FURB101": 1,
      "FURB116": 1,
      "PLR0911": 2,
      "PLR0912": 7,
      "PLR0913": 5,
      "PLR0914": 1,
      "PLR0915": 5,
      "PLR0917": 5,
      "PLR1714": 2,
      "PLR2004": 1,
      "PLR6201": 6,
      "PLW1514": 1,
      "PTH123": 1,
      "RET505": 4,
      "RET506": 1,
      "RET508": 1,
      "RSE102": 1,
      "RUF005": 1,
      "RUF059": 1,
      "S105": 5,
      "SIM102": 3,
      "TRY003": 23,
      "TRY300": 2,
      "UP015": 1,
      "UP045": 53
    },
    "errors": 241,
    "fixable": 68
  },
  "redundancy": {
    "clone_lines": 234,
    "clone_ratio_sum": 0.21435142594296228,
    "cloned_sloc_lines": 229,
    "files_with_clones": 1
  },
  "source_files": [],
  "symbols": {
    "classes": 26,
    "expressions": 1762,
    "expressions_top_level": 34,
    "functions": 34,
    "globals": 4,
    "imports": 6,
    "max_imports": 6,
    "methods": 29,
    "statements": 428,
    "total": 93,
    "type_aliases": 0,
    "variables": 4
  },
  "verbosity_flagged_sloc_lines": 229,
  "waste": {
    "single_use_functions": 25,
    "trivial_wrappers": 0,
    "unused_variables": 33
  }
}