{
  "ast_grep": {
    "category_counts": {},
    "category_weighted": {},
    "counts": {},
    "rules_checked": 355,
    "violation_lines": 0,
    "violations": 0,
    "weighted": 0
  },
  "classes": {
    "attribute_counts_mean": 3.25,
    "attribute_counts_sum": 13,
    "count": 4,
    "method_counts_mean": 1.5,
    "method_counts_sum": 6
  },
  "complexity": {
    "cc_max": 51,
    "cc_ratings": {
      "A": 25,
      "B": 14,
      "C": 3,
      "D": 1,
      "E": 0,
      "F": 1
    },
    "cc_sum": 268,
    "mi_min": 0.0,
    "mi_ratings": {
      "A": 0,
      "B": 0,
      "C": 1
    },
    "mi_sum": 0.0,
    "num_complex": 5
  },
  "file_count": 1,
  "functions": {
    "cc_concentration": 0.4562060889929742,
    "cc_extreme_count": 1,
    "cc_high_count": 4,
    "cc_max": 51,
    "cc_mean": 6.9714285714285715,
    "cc_normalized": 0.04327781905559859,
    "cc_std": 8.580023701755671,
    "cc_sum": 244,
    "cc_top20": 0.5040983606557377,
    "count": 35,
    "depth_max": 7,
    "extreme_cc_mean": 51.0,
    "high_cc_mean": 24.25,
    "lines_mean": 22.0,
    "lines_sum": 770
  },
  "graph": {
    "cyclic_dependency_mass": 0.0,
    "dependency_entropy": 0.30374002525566085,
    "edge_count": 33,
    "node_count": 32,
    "propagation_cost": 0.0715725806451613
  },
  "lines": {
    "comments": 2,
    "loc": 732,
    "multi_comment": 0,
    "single_comment": 4,
    "total_lines": 890
  },
  "lint": {
    "counts": {
      "ANN401": 9,
      "ARG001": 3,
      "ARG002": 1,
      "B904": 1,
      "BLE001": 4,
      "C901": 3,
      "DTZ007": 2,
      "EM101": 3,
      "EM102": 7,
      "EXE001": 1,
      "FBT001": 4,
      "FURB110": 3,
      "FURB188": 1,
      "PERF203": 3,
      "PIE810": 1,
      "PLC1901": 3,
      "PLR0911": 3,
      "PLR0912": 1,
      "PLR0913": 4,
      "PLR0914": 1,
      "PLR0915": 1,
      "PLR0916": 1,
      "PLR0917": 4,
      "PLR1702": 13,
      "PLR2004": 3,
      "PLR5501": 1,
      "PLR6201": 3,
      "PLR6301": 1,
      "PLW2901": 2,
      "PTH105": 1,
      "PTH108": 1,
      "PTH123": 8,
      "Q001": 1,
      "RET505": 5,
      "S110": 1,
      "SIM102": 1,
      "SIM105": 1,
      "SIM113": 1,
      "SIM114": 1,
      "SIM115": 2,
      "TRY003": 10,
      "TRY301": 5,
      "UP006": 62,
      "UP015": 4,
      "UP024": 2,
      "UP035": 5,
      "UP045": 12
    },
    "errors": 210,
    "fixable": 102
  },
  "redundancy": {
    "clone_lines": 14,
    "clone_ratio_sum": 0.01912568306010929,
    "cloned_sloc_lines": 14,
    "files_with_clones": 1
  },
  "source_files": [],
  "symbols": {
    "classes": 4,
    "expressions": 838,
    "expressions_top_level": 24,
    "functions": 29,
    "globals": 5,
    "imports": 15,
    "max_imports": 15,
    "methods": 6,
    "statements": 302,
    "total": 44,
    "type_aliases": 0,
    "variables": 5
  },
  "verbosity_flagged_sloc_lines": 14,
  "waste": {
    "single_use_functions": 21,
    "trivial_wrappers": 0,
    "unused_variables": 8
  }
}