{
  "ast_grep": {
    "category_counts": {},
    "category_weighted": {},
    "counts": {},
    "rules_checked": 355,
    "violation_lines": 0,
    "violations": 0,
    "weighted": 0
  },
  "classes": {
    "attribute_counts_mean": 3.4838709677419355,
    "attribute_counts_sum": 108,
    "count": 31,
    "method_counts_mean": 2.129032258064516,
    "method_counts_sum": 66
  },
  "complexity": {
    "cc_max": 103,
    "cc_ratings": {
      "A": 97,
      "B": 15,
      "C": 5,
      "D": 4,
      "E": 0,
      "F": 3
    },
    "cc_sum": 664,
    "mi_min": 0.0,
    "mi_ratings": {
      "A": 0,
      "B": 0,
      "C": 1
    },
    "mi_sum": 0.0,
    "num_complex": 12
  },
  "file_count": 1,
  "functions": {
    "cc_concentration": 0.570914192190788,
    "cc_extreme_count": 1,
    "cc_high_count": 9,
    "cc_max": 55,
    "cc_mean": 5.164835164835165,
    "cc_normalized": 0.024939188169609175,
    "cc_std": 7.780693679820208,
    "cc_sum": 470,
    "cc_top20": 0.6404255319148936,
    "count": 91,
    "depth_max": 6,
    "extreme_cc_mean": 55.0,
    "high_cc_mean": 23.77777777777778,
    "lines_mean": 15.637362637362637,
    "lines_sum": 1423
  },
  "graph": {
    "cyclic_dependency_mass": 0.0234375,
    "dependency_entropy": 0.37560627650496514,
    "edge_count": 137,
    "node_count": 91,
    "propagation_cost": 0.03907203907203907
  },
  "lines": {
    "comments": 145,
    "loc": 1291,
    "multi_comment": 8,
    "single_comment": 150,
    "total_lines": 1817
  },
  "lint": {
    "counts": {
      "ANN401": 27,
      "ARG002": 7,
      "B007": 1,
      "B905": 4,
      "C416": 2,
      "C901": 8,
      "DOC201": 27,
      "DOC501": 5,
      "E721": 2,
      "EM101": 3,
      "EM102": 35,
      "EXE001": 1,
      "F541": 9,
      "FBT001": 1,
      "FBT003": 2,
      "FURB140": 2,
      "FURB142": 2,
      "PERF401": 2,
      "PLR0904": 1,
      "PLR0911": 4,
      "PLR0912": 6,
      "PLR0914": 2,
      "PLR0915": 1,
      "PLR1702": 1,
      "PLR1714": 1,
      "PLR2004": 3,
      "PLR5501": 4,
      "PLR6201": 3,
      "PLR6301": 1,
      "PLW2901": 1,
      "PTH123": 2,
      "RET505": 8,
      "RUF012": 1,
      "SIM102": 7,
      "SIM103": 1,
      "SIM108": 1,
      "SIM118": 2,
      "TRY003": 38,
      "UP006": 44,
      "UP007": 9,
      "UP015": 1,
      "UP024": 2,
      "UP035": 2,
      "UP045": 24
    },
    "errors": 310,
    "fixable": 98
  },
  "redundancy": {
    "clone_lines": 207,
    "clone_ratio_sum": 0.1541440743609605,
    "cloned_sloc_lines": 197,
    "files_with_clones": 1
  },
  "source_files": [],
  "symbols": {
    "classes": 31,
    "expressions": 2658,
    "expressions_top_level": 27,
    "functions": 25,
    "globals": 2,
    "imports": 5,
    "max_imports": 5,
    "methods": 66,
    "statements": 816,
    "total": 124,
    "type_aliases": 0,
    "variables": 2
  },
  "verbosity_flagged_sloc_lines": 197,
  "waste": {
    "single_use_functions": 15,
    "trivial_wrappers": 0,
    "unused_variables": 26
  }
}