{
  "ast_grep": {
    "category_counts": {},
    "category_weighted": {},
    "counts": {},
    "rules_checked": 355,
    "violation_lines": 0,
    "violations": 0,
    "weighted": 0
  },
  "classes": {
    "attribute_counts_mean": 2.875,
    "attribute_counts_sum": 46,
    "count": 16,
    "method_counts_mean": 3.4375,
    "method_counts_sum": 55
  },
  "complexity": {
    "cc_max": 81,
    "cc_ratings": {
      "A": 70,
      "B": 18,
      "C": 7,
      "D": 4,
      "E": 0,
      "F": 3
    },
    "cc_sum": 670,
    "mi_min": 0.0,
    "mi_ratings": {
      "A": 0,
      "B": 0,
      "C": 1
    },
    "mi_sum": 0.0,
    "num_complex": 14
  },
  "file_count": 1,
  "functions": {
    "cc_concentration": 0.5282309035092999,
    "cc_extreme_count": 1,
    "cc_high_count": 9,
    "cc_max": 55,
    "cc_mean": 6.0675675675675675,
    "cc_normalized": 0.02249968454575914,
    "cc_std": 7.829223585223945,
    "cc_sum": 449,
    "cc_top20": 0.5612472160356348,
    "count": 74,
    "depth_max": 5,
    "extreme_cc_mean": 55.0,
    "high_cc_mean": 21.555555555555557,
    "lines_mean": 17.35135135135135,
    "lines_sum": 1284
  },
  "graph": {
    "cyclic_dependency_mass": 0.20408163265306123,
    "dependency_entropy": 0.17887622123546973,
    "edge_count": 62,
    "node_count": 73,
    "propagation_cost": 0.0243531202435312
  },
  "lines": {
    "comments": 78,
    "loc": 1206,
    "multi_comment": 23,
    "single_comment": 92,
    "total_lines": 1521
  },
  "lint": {
    "counts": {
      "ARG001": 1,
      "ARG002": 1,
      "B904": 5,
      "BLE001": 2,
      "C420": 1,
      "C901": 8,
      "DOC201": 24,
      "DOC501": 6,
      "EM101": 69,
      "EM102": 8,
      "ERA001": 1,
      "EXE001": 1,
      "F841": 6,
      "FBT001": 4,
      "FURB101": 1,
      "FURB116": 2,
      "FURB118": 2,
      "N806": 3,
      "PERF401": 1,
      "PLR0911": 5,
      "PLR0912": 7,
      "PLR0914": 1,
      "PLR0915": 2,
      "PLR2004": 3,
      "PLR6201": 13,
      "PLR6301": 3,
      "PLW1514": 1,
      "PTH123": 1,
      "RET505": 2,
      "RUF005": 1,
      "RUF013": 9,
      "RUF021": 4,
      "SIM102": 1,
      "TRY003": 9,
      "UP006": 4,
      "UP015": 1,
      "UP024": 1,
      "UP035": 1
    },
    "errors": 215,
    "fixable": 15
  },
  "redundancy": {
    "clone_lines": 128,
    "clone_ratio_sum": 0.10613598673300166,
    "cloned_sloc_lines": 127,
    "files_with_clones": 1
  },
  "source_files": [],
  "symbols": {
    "classes": 16,
    "expressions": 3026,
    "expressions_top_level": 10,
    "functions": 19,
    "globals": 12,
    "imports": 5,
    "max_imports": 5,
    "methods": 55,
    "statements": 853,
    "total": 102,
    "type_aliases": 0,
    "variables": 12
  },
  "verbosity_flagged_sloc_lines": 127,
  "waste": {
    "single_use_functions": 9,
    "trivial_wrappers": 1,
    "unused_variables": 25
  }
}