{
  "ast_grep": {
    "category_counts": {},
    "category_weighted": {},
    "counts": {},
    "rules_checked": 355,
    "violation_lines": 0,
    "violations": 0,
    "weighted": 0
  },
  "classes": {
    "attribute_counts_mean": 6.0,
    "attribute_counts_sum": 24,
    "count": 4,
    "method_counts_mean": 5.0,
    "method_counts_sum": 20
  },
  "complexity": {
    "cc_max": 68,
    "cc_ratings": {
      "A": 26,
      "B": 6,
      "C": 1,
      "D": 4,
      "E": 0,
      "F": 1
    },
    "cc_sum": 267,
    "mi_min": 2.5933408262611115,
    "mi_ratings": {
      "A": 4,
      "B": 0,
      "C": 1
    },
    "mi_sum": 402.5933408262611,
    "num_complex": 6
  },
  "file_count": 5,
  "functions": {
    "cc_concentration": 0.49210987726475747,
    "cc_extreme_count": 0,
    "cc_high_count": 4,
    "cc_max": 27,
    "cc_mean": 6.103448275862069,
    "cc_normalized": 0.03936334660264565,
    "cc_std": 6.521091207909296,
    "cc_sum": 177,
    "cc_top20": 0.559322033898305,
    "count": 29,
    "depth_max": 4,
    "extreme_cc_mean": 0.0,
    "high_cc_mean": 20.0,
    "lines_mean": 23.655172413793103,
    "lines_sum": 686
  },
  "graph": {
    "cyclic_dependency_mass": 0.0,
    "dependency_entropy": 0.18916522438671113,
    "edge_count": 20,
    "node_count": 26,
    "propagation_cost": 0.05692307692307692
  },
  "lines": {
    "comments": 18,
    "loc": 633,
    "multi_comment": 4,
    "single_comment": 18,
    "total_lines": 793
  },
  "lint": {
    "counts": {
      "ARG002": 7,
      "B007": 3,
      "B904": 1,
      "BLE001": 2,
      "C901": 3,
      "DOC201": 1,
      "EM101": 3,
      "EM102": 12,
      "ERA001": 1,
      "EXE001": 1,
      "F821": 5,
      "FIX002": 2,
      "FURB101": 2,
      "FURB103": 1,
      "FURB113": 1,
      "FURB148": 1,
      "INP001": 4,
      "PERF401": 2,
      "PLC0206": 1,
      "PLR0911": 2,
      "PLR0912": 3,
      "PLR0915": 1,
      "PLR6201": 7,
      "PLR6301": 6,
      "PLW2901": 1,
      "PTH112": 1,
      "PTH113": 1,
      "PTH118": 2,
      "PTH122": 1,
      "PTH123": 4,
      "RUF012": 1,
      "RUF021": 1,
      "RUF059": 1,
      "S105": 2,
      "SLF001": 1,
      "TD002": 2,
      "TD003": 2,
      "TRY003": 15,
      "TRY004": 3,
      "UP015": 3
    },
    "errors": 113,
    "fixable": 13
  },
  "redundancy": {
    "clone_lines": 16,
    "clone_ratio_sum": 0.025518341307814992,
    "cloned_sloc_lines": 16,
    "files_with_clones": 5
  },
  "source_files": [],
  "symbols": {
    "classes": 4,
    "expressions": 1333,
    "expressions_top_level": 12,
    "functions": 9,
    "globals": 5,
    "imports": 7,
    "max_imports": 7,
    "methods": 20,
    "statements": 321,
    "total": 38,
    "type_aliases": 0,
    "variables": 5
  },
  "verbosity_flagged_sloc_lines": 16,
  "waste": {
    "single_use_functions": 9,
    "trivial_wrappers": 0,
    "unused_variables": 9
  }
}