{
  "ast_grep": {
    "category_counts": {},
    "category_weighted": {},
    "counts": {},
    "rules_checked": 355,
    "violation_lines": 0,
    "violations": 0,
    "weighted": 0
  },
  "classes": {
    "attribute_counts_mean": 0.0,
    "attribute_counts_sum": 0,
    "count": 0,
    "method_counts_mean": 0.0,
    "method_counts_sum": 0
  },
  "complexity": {
    "cc_max": 146,
    "cc_ratings": {
      "A": 18,
      "B": 10,
      "C": 5,
      "D": 1,
      "E": 1,
      "F": 2
    },
    "cc_sum": 494,
    "mi_min": 0.0,
    "mi_ratings": {
      "A": 0,
      "B": 0,
      "C": 1
    },
    "mi_sum": 0.0,
    "num_complex": 9
  },
  "file_count": 1,
  "functions": {
    "cc_concentration": 0.6491228070175439,
    "cc_extreme_count": 3,
    "cc_high_count": 9,
    "cc_max": 146,
    "cc_mean": 13.722222222222221,
    "cc_normalized": 0.11996777992942494,
    "cc_std": 28.517274074408316,
    "cc_sum": 494,
    "cc_top20": 0.7327935222672065,
    "count": 36,
    "depth_max": 12,
    "extreme_cc_mean": 94.66666666666667,
    "high_cc_mean": 41.44444444444444,
    "lines_mean": 50.77777777777778,
    "lines_sum": 1828
  },
  "graph": {
    "cyclic_dependency_mass": 0.0,
    "dependency_entropy": 0.1667913614027725,
    "edge_count": 46,
    "node_count": 35,
    "propagation_cost": 0.09327731092436975
  },
  "lines": {
    "comments": 122,
    "loc": 1413,
    "multi_comment": 83,
    "single_comment": 128,
    "total_lines": 1947
  },
  "lint": {
    "counts": {
      "B007": 3,
      "BLE001": 1,
      "C420": 4,
      "C901": 6,
      "DOC201": 30,
      "EXE001": 1,
      "F541": 38,
      "FURB103": 1,
      "FURB113": 20,
      "FURB118": 5,
      "N806": 3,
      "PERF401": 5,
      "PLC1901": 14,
      "PLR0911": 1,
      "PLR0912": 5,
      "PLR0913": 1,
      "PLR0914": 4,
      "PLR0915": 5,
      "PLR0917": 1,
      "PLR1702": 11,
      "PLR5501": 1,
      "PLR6201": 8,
      "PLW1514": 2,
      "PLW2901": 1,
      "PTH100": 5,
      "PTH101": 2,
      "PTH103": 3,
      "PTH110": 2,
      "PTH112": 6,
      "PTH116": 2,
      "PTH118": 21,
      "PTH119": 9,
      "PTH120": 5,
      "PTH122": 1,
      "PTH123": 2,
      "PTH208": 1,
      "RET505": 1,
      "RUF005": 1,
      "RUF059": 4,
      "SIM102": 3,
      "SIM108": 1,
      "SIM114": 1,
      "TRY300": 1,
      "UP015": 1
    },
    "errors": 243,
    "fixable": 62
  },
  "redundancy": {
    "clone_lines": 272,
    "clone_ratio_sum": 0.19037508846426043,
    "cloned_sloc_lines": 269,
    "files_with_clones": 1
  },
  "source_files": [],
  "symbols": {
    "classes": 0,
    "expressions": 1817,
    "expressions_top_level": 30,
    "functions": 36,
    "globals": 1,
    "imports": 8,
    "max_imports": 8,
    "methods": 0,
    "statements": 431,
    "total": 37,
    "type_aliases": 0,
    "variables": 1
  },
  "verbosity_flagged_sloc_lines": 269,
  "waste": {
    "single_use_functions": 24,
    "trivial_wrappers": 0,
    "unused_variables": 5
  }
}