{
  "ast_grep": {
    "category_counts": {},
    "category_weighted": {},
    "counts": {},
    "rules_checked": 355,
    "violation_lines": 0,
    "violations": 0,
    "weighted": 0
  },
  "classes": {
    "attribute_counts_mean": 6.833333333333333,
    "attribute_counts_sum": 41,
    "count": 6,
    "method_counts_mean": 3.3333333333333335,
    "method_counts_sum": 20
  },
  "complexity": {
    "cc_max": 51,
    "cc_ratings": {
      "A": 40,
      "B": 16,
      "C": 4,
      "D": 2,
      "E": 0,
      "F": 1
    },
    "cc_sum": 364,
    "mi_min": 0.0,
    "mi_ratings": {
      "A": 0,
      "B": 0,
      "C": 1
    },
    "mi_sum": 0.0,
    "num_complex": 7
  },
  "file_count": 1,
  "functions": {
    "cc_concentration": 0.4656065088757396,
    "cc_extreme_count": 1,
    "cc_high_count": 4,
    "cc_max": 51,
    "cc_mean": 6.0,
    "cc_normalized": 0.03154851684263449,
    "cc_std": 7.684973879552992,
    "cc_sum": 312,
    "cc_top20": 0.5224358974358975,
    "count": 52,
    "depth_max": 7,
    "extreme_cc_mean": 51.0,
    "high_cc_mean": 26.75,
    "lines_mean": 20.134615384615383,
    "lines_sum": 1047
  },
  "graph": {
    "cyclic_dependency_mass": 0.0,
    "dependency_entropy": 0.25905573730013465,
    "edge_count": 50,
    "node_count": 49,
    "propagation_cost": 0.041666666666666664
  },
  "lines": {
    "comments": 20,
    "loc": 966,
    "multi_comment": 0,
    "single_comment": 38,
    "total_lines": 1197
  },
  "lint": {
    "counts": {
      "ANN401": 10,
      "ARG001": 3,
      "ARG002": 1,
      "B904": 1,
      "B905": 1,
      "BLE001": 5,
      "C901": 3,
      "DOC201": 8,
      "DTZ007": 2,
      "EM101": 3,
      "EM102": 7,
      "EXE001": 1,
      "F401": 2,
      "F821": 1,
      "FBT001": 4,
      "FURB110": 4,
      "FURB188": 1,
      "PERF203": 3,
      "PERF401": 1,
      "PIE810": 1,
      "PLC0415": 3,
      "PLC1901": 5,
      "PLR0911": 3,
      "PLR0912": 2,
      "PLR0913": 6,
      "PLR0914": 1,
      "PLR0915": 2,
      "PLR0916": 1,
      "PLR0917": 6,
      "PLR1702": 13,
      "PLR2004": 3,
      "PLR5501": 1,
      "PLR6201": 3,
      "PLR6301": 2,
      "PLW2901": 2,
      "PTH104": 1,
      "PTH105": 1,
      "PTH108": 1,
      "PTH123": 9,
      "Q001": 1,
      "RET504": 1,
      "RET505": 5,
      "S101": 2,
      "S110": 1,
      "SIM102": 1,
      "SIM105": 1,
      "SIM113": 1,
      "SIM114": 1,
      "SIM115": 3,
      "TRY003": 10,
      "TRY301": 5,
      "UP006": 79,
      "UP015": 4,
      "UP024": 2,
      "UP035": 5,
      "UP037": 1,
      "UP045": 21
    },
    "errors": 271,
    "fixable": 134
  },
  "redundancy": {
    "clone_lines": 20,
    "clone_ratio_sum": 0.020703933747412008,
    "cloned_sloc_lines": 20,
    "files_with_clones": 1
  },
  "source_files": [],
  "symbols": {
    "classes": 6,
    "expressions": 1345,
    "expressions_top_level": 32,
    "functions": 32,
    "globals": 5,
    "imports": 20,
    "max_imports": 20,
    "methods": 20,
    "statements": 388,
    "total": 63,
    "type_aliases": 0,
    "variables": 5
  },
  "verbosity_flagged_sloc_lines": 20,
  "waste": {
    "single_use_functions": 21,
    "trivial_wrappers": 0,
    "unused_variables": 24
  }
}