{
  "ast_grep": {
    "category_counts": {},
    "category_weighted": {},
    "counts": {},
    "rules_checked": 355,
    "violation_lines": 0,
    "violations": 0,
    "weighted": 0
  },
  "classes": {
    "attribute_counts_mean": 3.857142857142857,
    "attribute_counts_sum": 27,
    "count": 7,
    "method_counts_mean": 9.428571428571429,
    "method_counts_sum": 66
  },
  "complexity": {
    "cc_max": 152,
    "cc_ratings": {
      "A": 77,
      "B": 15,
      "C": 7,
      "D": 2,
      "E": 3,
      "F": 3
    },
    "cc_sum": 765,
    "mi_min": 0.0,
    "mi_ratings": {
      "A": 10,
      "B": 0,
      "C": 1
    },
    "mi_sum": 840.4028806137966,
    "num_complex": 15
  },
  "file_count": 11,
  "functions": {
    "cc_concentration": 0.5241674034777483,
    "cc_extreme_count": 3,
    "cc_high_count": 9,
    "cc_max": 38,
    "cc_mean": 5.576923076923077,
    "cc_normalized": 0.021022798050146445,
    "cc_std": 7.141463400487291,
    "cc_sum": 435,
    "cc_top20": 0.5747126436781609,
    "count": 78,
    "depth_max": 6,
    "extreme_cc_mean": 36.333333333333336,
    "high_cc_mean": 20.88888888888889,
    "lines_mean": 22.435897435897434,
    "lines_sum": 1750
  },
  "graph": {
    "cyclic_dependency_mass": 0.20512820512820512,
    "dependency_entropy": 0.1178340823396896,
    "edge_count": 52,
    "node_count": 62,
    "propagation_cost": 0.04257006874669487
  },
  "lines": {
    "comments": 130,
    "loc": 1557,
    "multi_comment": 8,
    "single_comment": 197,
    "total_lines": 2129
  },
  "lint": {
    "counts": {
      "ANN401": 1,
      "ARG002": 3,
      "B904": 1,
      "B905": 1,
      "BLE001": 4,
      "C901": 6,
      "DOC201": 48,
      "DOC501": 18,
      "E712": 2,
      "EM101": 5,
      "EM102": 18,
      "ERA001": 2,
      "EXE001": 11,
      "F401": 6,
      "F541": 7,
      "F811": 1,
      "F841": 3,
      "FBT001": 2,
      "FURB101": 1,
      "FURB103": 7,
      "FURB110": 4,
      "FURB113": 1,
      "FURB122": 2,
      "PD015": 5,
      "PERF203": 1,
      "PIE810": 1,
      "PLC0415": 13,
      "PLC1901": 1,
      "PLR0904": 1,
      "PLR0911": 5,
      "PLR0912": 4,
      "PLR0915": 4,
      "PLR1702": 3,
      "PLR1714": 1,
      "PLR2004": 2,
      "PLR5501": 3,
      "PLR6201": 4,
      "PLR6301": 8,
      "PLW0603": 1,
      "PLW1514": 13,
      "PTH123": 13,
      "Q001": 1,
      "RET504": 2,
      "RET505": 4,
      "RUF012": 3,
      "RUF013": 6,
      "RUF021": 1,
      "S101": 11,
      "S106": 9,
      "SIM102": 4,
      "SIM114": 1,
      "SIM116": 1,
      "SIM118": 2,
      "TRY003": 23,
      "TRY301": 1,
      "UP006": 41,
      "UP007": 1,
      "UP015": 1,
      "UP035": 3,
      "UP045": 11
    },
    "errors": 363,
    "fixable": 102
  },
  "redundancy": {
    "clone_lines": 162,
    "clone_ratio_sum": 0.1523988711194732,
    "cloned_sloc_lines": 156,
    "files_with_clones": 11
  },
  "source_files": [],
  "symbols": {
    "classes": 7,
    "expressions": 3908,
    "expressions_top_level": 63,
    "functions": 12,
    "globals": 22,
    "imports": 53,
    "max_imports": 13,
    "methods": 66,
    "statements": 909,
    "total": 107,
    "type_aliases": 0,
    "variables": 22
  },
  "verbosity_flagged_sloc_lines": 156,
  "waste": {
    "single_use_functions": 12,
    "trivial_wrappers": 0,
    "unused_variables": 24
  }
}