{
  "ast_grep": {
    "category_counts": {},
    "category_weighted": {},
    "counts": {},
    "rules_checked": 355,
    "violation_lines": 0,
    "violations": 0,
    "weighted": 0
  },
  "classes": {
    "attribute_counts_mean": 2.3333333333333335,
    "attribute_counts_sum": 7,
    "count": 3,
    "method_counts_mean": 13.0,
    "method_counts_sum": 39
  },
  "complexity": {
    "cc_max": 121,
    "cc_ratings": {
      "A": 48,
      "B": 6,
      "C": 7,
      "D": 0,
      "E": 1,
      "F": 2
    },
    "cc_sum": 436,
    "mi_min": 0.0,
    "mi_ratings": {
      "A": 0,
      "B": 0,
      "C": 1
    },
    "mi_sum": 0.0,
    "num_complex": 10
  },
  "file_count": 1,
  "functions": {
    "cc_concentration": 0.4994252365372712,
    "cc_extreme_count": 1,
    "cc_high_count": 8,
    "cc_max": 35,
    "cc_mean": 6.116279069767442,
    "cc_normalized": 0.027803537092380357,
    "cc_std": 6.687619344108511,
    "cc_sum": 263,
    "cc_top20": 0.5741444866920152,
    "count": 43,
    "depth_max": 6,
    "extreme_cc_mean": 35.0,
    "high_cc_mean": 17.75,
    "lines_mean": 18.558139534883722,
    "lines_sum": 798
  },
  "graph": {
    "cyclic_dependency_mass": 0.052980132450331126,
    "dependency_entropy": 0.45669613359856204,
    "edge_count": 83,
    "node_count": 43,
    "propagation_cost": 0.11960132890365449
  },
  "lines": {
    "comments": 99,
    "loc": 703,
    "multi_comment": 3,
    "single_comment": 108,
    "total_lines": 945
  },
  "lint": {
    "counts": {
      "A002": 4,
      "ARG002": 1,
      "B007": 1,
      "BLE001": 2,
      "C901": 4,
      "DOC201": 13,
      "DOC501": 3,
      "EM101": 2,
      "EM102": 12,
      "EXE001": 1,
      "F401": 1,
      "FURB101": 1,
      "PD015": 1,
      "PLC0207": 1,
      "PLC0415": 1,
      "PLR0911": 2,
      "PLR0912": 3,
      "PLR0914": 1,
      "PLR0915": 2,
      "PLR1702": 1,
      "PLR6201": 3,
      "PLR6301": 2,
      "PLW1514": 1,
      "PTH113": 1,
      "PTH118": 1,
      "PTH123": 1,
      "RET504": 1,
      "RUF013": 5,
      "S110": 1,
      "SIM102": 1,
      "TRY003": 14,
      "UP006": 13,
      "UP015": 1,
      "UP035": 3,
      "UP045": 5
    },
    "errors": 110,
    "fixable": 24
  },
  "redundancy": {
    "clone_lines": 94,
    "clone_ratio_sum": 0.1337126600284495,
    "cloned_sloc_lines": 94,
    "files_with_clones": 1
  },
  "source_files": [],
  "symbols": {
    "classes": 3,
    "expressions": 1898,
    "expressions_top_level": 9,
    "functions": 4,
    "globals": 18,
    "imports": 7,
    "max_imports": 7,
    "methods": 39,
    "statements": 545,
    "total": 64,
    "type_aliases": 0,
    "variables": 18
  },
  "verbosity_flagged_sloc_lines": 94,
  "waste": {
    "single_use_functions": 4,
    "trivial_wrappers": 0,
    "unused_variables": 24
  }
}