{
  "ast_grep": {
    "category_counts": {},
    "category_weighted": {},
    "counts": {},
    "rules_checked": 355,
    "violation_lines": 0,
    "violations": 0,
    "weighted": 0
  },
  "classes": {
    "attribute_counts_mean": 5.857142857142857,
    "attribute_counts_sum": 82,
    "count": 14,
    "method_counts_mean": 2.4285714285714284,
    "method_counts_sum": 34
  },
  "complexity": {
    "cc_max": 56,
    "cc_ratings": {
      "A": 38,
      "B": 18,
      "C": 9,
      "D": 2,
      "E": 0,
      "F": 2
    },
    "cc_sum": 524,
    "mi_min": 14.086648684684326,
    "mi_ratings": {
      "A": 6,
      "B": 1,
      "C": 0
    },
    "mi_sum": 263.268264733882,
    "num_complex": 13
  },
  "file_count": 7,
  "functions": {
    "cc_concentration": 0.41977507029053424,
    "cc_extreme_count": 0,
    "cc_high_count": 11,
    "cc_max": 28,
    "cc_mean": 7.054545454545455,
    "cc_normalized": 0.012670837220470549,
    "cc_std": 5.889155701979265,
    "cc_sum": 388,
    "cc_top20": 0.4690721649484536,
    "count": 55,
    "depth_max": 5,
    "extreme_cc_mean": 0.0,
    "high_cc_mean": 16.545454545454547,
    "lines_mean": 23.09090909090909,
    "lines_sum": 1270
  },
  "graph": {
    "cyclic_dependency_mass": 0.12749003984063745,
    "dependency_entropy": 0.2893520363079544,
    "edge_count": 114,
    "node_count": 85,
    "propagation_cost": 0.06358543417366946
  },
  "lines": {
    "comments": 63,
    "loc": 1142,
    "multi_comment": 48,
    "single_comment": 93,
    "total_lines": 1530
  },
  "lint": {
    "counts": {
      "ANN401": 7,
      "ARG002": 6,
      "B007": 1,
      "B904": 5,
      "BLE001": 4,
      "C408": 1,
      "C901": 7,
      "DOC201": 24,
      "DOC501": 5,
      "EM101": 6,
      "EM102": 13,
      "EXE001": 1,
      "F401": 9,
      "F821": 8,
      "F841": 3,
      "FBT001": 2,
      "FBT002": 1,
      "FIX002": 1,
      "FURB101": 2,
      "FURB110": 2,
      "INP001": 6,
      "PERF203": 1,
      "PLC0415": 4,
      "PLC2701": 1,
      "PLR0912": 5,
      "PLR0913": 3,
      "PLR0914": 2,
      "PLR0915": 2,
      "PLR0917": 3,
      "PLR2004": 1,
      "PLR5501": 2,
      "PLR6201": 10,
      "PLR6301": 5,
      "PLW1510": 1,
      "PLW1514": 6,
      "PLW2901": 5,
      "PTH123": 7,
      "RUF010": 2,
      "RUF012": 1,
      "RUF015": 1,
      "S110": 1,
      "S404": 1,
      "S602": 1,
      "SIM105": 2,
      "SIM108": 1,
      "TD002": 1,
      "TD003": 1,
      "TRY003": 19,
      "UP006": 44,
      "UP015": 3,
      "UP024": 1,
      "UP035": 13,
      "UP045": 46
    },
    "errors": 310,
    "fixable": 118
  },
  "redundancy": {
    "clone_lines": 59,
    "clone_ratio_sum": 0.34700049605608163,
    "cloned_sloc_lines": 59,
    "files_with_clones": 7
  },
  "source_files": [
    "pipeline_types.py",
    "orchestrator.py",
    "pipeline_parser.py",
    "executor.py",
    "cache.py",
    "evaluator.py",
    "config_parser.py"
  ],
  "symbols": {
    "classes": 14,
    "expressions": 2264,
    "expressions_top_level": 12,
    "functions": 21,
    "globals": 0,
    "imports": 40,
    "max_imports": 8,
    "methods": 34,
    "statements": 485,
    "total": 69,
    "type_aliases": 0,
    "variables": 0
  },
  "verbosity_flagged_sloc_lines": 59,
  "waste": {
    "single_use_functions": 17,
    "trivial_wrappers": 0,
    "unused_variables": 47
  }
}