{
  "ast_grep": {
    "category_counts": {},
    "category_weighted": {},
    "counts": {},
    "rules_checked": 355,
    "violation_lines": 0,
    "violations": 0,
    "weighted": 0
  },
  "classes": {
    "attribute_counts_mean": 3.5,
    "attribute_counts_sum": 7,
    "count": 2,
    "method_counts_mean": 5.0,
    "method_counts_sum": 10
  },
  "complexity": {
    "cc_max": 97,
    "cc_ratings": {
      "A": 20,
      "B": 0,
      "C": 2,
      "D": 0,
      "E": 0,
      "F": 3
    },
    "cc_sum": 267,
    "mi_min": 24.53968063658385,
    "mi_ratings": {
      "A": 2,
      "B": 0,
      "C": 0
    },
    "mi_sum": 63.45568086617607,
    "num_complex": 5
  },
  "file_count": 2,
  "functions": {
    "cc_concentration": 0.6535947712418301,
    "cc_extreme_count": 2,
    "cc_high_count": 4,
    "cc_max": 48,
    "cc_mean": 9.444444444444445,
    "cc_normalized": 0.1419499287604315,
    "cc_std": 15.09663859049511,
    "cc_sum": 170,
    "cc_top20": 0.7941176470588235,
    "count": 18,
    "depth_max": 8,
    "extreme_cc_mean": 48.0,
    "high_cc_mean": 33.75,
    "lines_mean": 40.5,
    "lines_sum": 729
  },
  "graph": {
    "cyclic_dependency_mass": 0.0,
    "dependency_entropy": 0.17422876756360023,
    "edge_count": 10,
    "node_count": 11,
    "propagation_cost": 0.11818181818181818
  },
  "lines": {
    "comments": 61,
    "loc": 648,
    "multi_comment": 7,
    "single_comment": 70,
    "total_lines": 828
  },
  "lint": {
    "counts": {
      "A002": 1,
      "ANN401": 1,
      "B007": 2,
      "B904": 1,
      "BLE001": 3,
      "C901": 4,
      "DOC201": 9,
      "DOC501": 2,
      "EM101": 11,
      "EM102": 4,
      "EXE001": 2,
      "F401": 1,
      "F541": 3,
      "F841": 5,
      "FURB101": 1,
      "FURB110": 1,
      "FURB113": 1,
      "PLC0415": 4,
      "PLC1901": 1,
      "PLR0912": 4,
      "PLR0914": 3,
      "PLR0915": 3,
      "PLR1702": 7,
      "PLR5501": 2,
      "PLR6201": 9,
      "PLR6301": 2,
      "PLW0602": 1,
      "PLW0603": 1,
      "PTH119": 1,
      "PTH123": 1,
      "PTH207": 1,
      "RET504": 1,
      "RET505": 2,
      "RUF010": 5,
      "S104": 1,
      "S110": 1,
      "S404": 1,
      "S602": 1,
      "SIM108": 1,
      "SIM118": 1,
      "TRY003": 15,
      "TRY004": 7,
      "TRY300": 1,
      "UP007": 1,
      "UP015": 1
    },
    "errors": 131,
    "fixable": 16
  },
  "redundancy": {
    "clone_lines": 6,
    "clone_ratio_sum": 0.014457831325301205,
    "cloned_sloc_lines": 6,
    "files_with_clones": 2
  },
  "source_files": [],
  "symbols": {
    "classes": 2,
    "expressions": 1067,
    "expressions_top_level": 38,
    "functions": 8,
    "globals": 5,
    "imports": 27,
    "max_imports": 21,
    "methods": 10,
    "statements": 253,
    "total": 25,
    "type_aliases": 0,
    "variables": 5
  },
  "verbosity_flagged_sloc_lines": 6,
  "waste": {
    "single_use_functions": 7,
    "trivial_wrappers": 0,
    "unused_variables": 8
  }
}