{
  "ast_grep": {
    "category_counts": {},
    "category_weighted": {},
    "counts": {},
    "rules_checked": 355,
    "violation_lines": 0,
    "violations": 0,
    "weighted": 0
  },
  "classes": {
    "attribute_counts_mean": 0.0,
    "attribute_counts_sum": 0,
    "count": 0,
    "method_counts_mean": 0.0,
    "method_counts_sum": 0
  },
  "complexity": {
    "cc_max": 91,
    "cc_ratings": {
      "A": 74,
      "B": 4,
      "C": 5,
      "D": 1,
      "E": 2,
      "F": 1
    },
    "cc_sum": 367,
    "mi_min": 0.3469846471250033,
    "mi_ratings": {
      "A": 6,
      "B": 0,
      "C": 1
    },
    "mi_sum": 380.225538761453,
    "num_complex": 9
  },
  "file_count": 7,
  "functions": {
    "cc_concentration": 0.6541367351994055,
    "cc_extreme_count": 3,
    "cc_high_count": 9,
    "cc_max": 91,
    "cc_mean": 8.340909090909092,
    "cc_normalized": 0.07524155129465349,
    "cc_std": 15.17639412670934,
    "cc_sum": 367,
    "cc_top20": 0.7138964577656676,
    "count": 44,
    "depth_max": 6,
    "extreme_cc_mean": 51.666666666666664,
    "high_cc_mean": 29.11111111111111,
    "lines_mean": 29.09090909090909,
    "lines_sum": 1280
  },
  "graph": {
    "cyclic_dependency_mass": 0.0,
    "dependency_entropy": 0.11878895599472988,
    "edge_count": 17,
    "node_count": 25,
    "propagation_cost": 0.04
  },
  "lines": {
    "comments": 99,
    "loc": 1175,
    "multi_comment": 27,
    "single_comment": 86,
    "total_lines": 1528
  },
  "lint": {
    "counts": {
      "ARG001": 1,
      "B007": 7,
      "BLE001": 8,
      "C901": 8,
      "DOC201": 7,
      "DOC501": 2,
      "ERA001": 4,
      "EXE001": 6,
      "F401": 2,
      "F821": 18,
      "F841": 2,
      "FAST002": 1,
      "FBT001": 2,
      "FBT002": 1,
      "FBT003": 2,
      "FURB118": 2,
      "FURB154": 2,
      "INP001": 1,
      "N806": 7,
      "PERF102": 1,
      "PERF203": 14,
      "PLC0206": 1,
      "PLC0415": 1,
      "PLR0912": 6,
      "PLR0914": 2,
      "PLR0915": 5,
      "PLR1702": 1,
      "PLR1714": 1,
      "PLR2004": 10,
      "PLR6104": 1,
      "PLW0602": 18,
      "PLW0603": 4,
      "PLW1514": 3,
      "PLW2901": 4,
      "PTH100": 2,
      "PTH118": 4,
      "PTH120": 2,
      "PTH123": 8,
      "RET504": 1,
      "RET505": 1,
      "RUF013": 1,
      "RUF029": 1,
      "RUF056": 11,
      "S101": 12,
      "S110": 2,
      "S113": 6,
      "SIM102": 1,
      "SIM114": 2,
      "SIM115": 4,
      "TRY300": 2,
      "UP006": 16,
      "UP015": 5,
      "UP035": 1,
      "UP045": 5
    },
    "errors": 242,
    "fixable": 52
  },
  "redundancy": {
    "clone_lines": 10,
    "clone_ratio_sum": 0.11235955056179775,
    "cloned_sloc_lines": 10,
    "files_with_clones": 7
  },
  "source_files": [],
  "symbols": {
    "classes": 0,
    "expressions": 1439,
    "expressions_top_level": 60,
    "functions": 44,
    "globals": 43,
    "imports": 36,
    "max_imports": 11,
    "methods": 0,
    "statements": 427,
    "total": 87,
    "type_aliases": 0,
    "variables": 43
  },
  "verbosity_flagged_sloc_lines": 10,
  "waste": {
    "single_use_functions": 36,
    "trivial_wrappers": 2,
    "unused_variables": 49
  }
}