{
  "ast_grep": {
    "category_counts": {},
    "category_weighted": {},
    "counts": {},
    "rules_checked": 355,
    "violation_lines": 0,
    "violations": 0,
    "weighted": 0
  },
  "classes": {
    "attribute_counts_mean": 5.111111111111111,
    "attribute_counts_sum": 46,
    "count": 9,
    "method_counts_mean": 0.4444444444444444,
    "method_counts_sum": 4
  },
  "complexity": {
    "cc_max": 59,
    "cc_ratings": {
      "A": 20,
      "B": 8,
      "C": 5,
      "D": 3,
      "E": 0,
      "F": 1
    },
    "cc_sum": 304,
    "mi_min": 0.0,
    "mi_ratings": {
      "A": 0,
      "B": 0,
      "C": 1
    },
    "mi_sum": 0.0,
    "num_complex": 9
  },
  "file_count": 1,
  "functions": {
    "cc_concentration": 0.5033783783783784,
    "cc_extreme_count": 1,
    "cc_high_count": 9,
    "cc_max": 59,
    "cc_mean": 11.384615384615385,
    "cc_normalized": 0.047220598977355734,
    "cc_std": 12.614521546461992,
    "cc_sum": 296,
    "cc_top20": 0.5844594594594594,
    "count": 26,
    "depth_max": 7,
    "extreme_cc_mean": 59.0,
    "high_cc_mean": 23.88888888888889,
    "lines_mean": 43.88461538461539,
    "lines_sum": 1141
  },
  "graph": {
    "cyclic_dependency_mass": 0.0,
    "dependency_entropy": 0.25699983096027423,
    "edge_count": 23,
    "node_count": 22,
    "propagation_cost": 0.12337662337662338
  },
  "lines": {
    "comments": 110,
    "loc": 876,
    "multi_comment": 31,
    "single_comment": 122,
    "total_lines": 1238
  },
  "lint": {
    "counts": {
      "ARG001": 2,
      "B007": 1,
      "BLE001": 1,
      "C901": 8,
      "DOC201": 19,
      "EM101": 4,
      "EXE001": 1,
      "F402": 2,
      "F541": 1,
      "F811": 1,
      "F821": 6,
      "FURB110": 3,
      "FURB118": 1,
      "FURB142": 1,
      "PERF102": 1,
      "PERF401": 7,
      "PLC1901": 2,
      "PLR0911": 2,
      "PLR0912": 5,
      "PLR0913": 1,
      "PLR0914": 1,
      "PLR0915": 1,
      "PLR0917": 1,
      "PLR1702": 1,
      "PLR6201": 10,
      "PLW1514": 1,
      "PTH120": 2,
      "PTH123": 1,
      "PTH201": 2,
      "RET504": 1,
      "RET508": 1,
      "RUF005": 1,
      "RUF013": 1,
      "RUF059": 3,
      "SIM102": 1,
      "UP015": 1,
      "UP045": 27
    },
    "errors": 125,
    "fixable": 37
  },
  "redundancy": {
    "clone_lines": 236,
    "clone_ratio_sum": 0.23515981735159816,
    "cloned_sloc_lines": 206,
    "files_with_clones": 1
  },
  "source_files": [],
  "symbols": {
    "classes": 9,
    "expressions": 1082,
    "expressions_top_level": 13,
    "functions": 22,
    "globals": 2,
    "imports": 9,
    "max_imports": 9,
    "methods": 4,
    "statements": 291,
    "total": 37,
    "type_aliases": 0,
    "variables": 2
  },
  "verbosity_flagged_sloc_lines": 206,
  "waste": {
    "single_use_functions": 13,
    "trivial_wrappers": 0,
    "unused_variables": 9
  }
}