{
  "ast_grep": {
    "category_counts": {},
    "category_weighted": {},
    "counts": {},
    "rules_checked": 355,
    "violation_lines": 0,
    "violations": 0,
    "weighted": 0
  },
  "classes": {
    "attribute_counts_mean": 3.1,
    "attribute_counts_sum": 93,
    "count": 30,
    "method_counts_mean": 0.13333333333333333,
    "method_counts_sum": 4
  },
  "complexity": {
    "cc_max": 70,
    "cc_ratings": {
      "A": 79,
      "B": 14,
      "C": 12,
      "D": 10,
      "E": 3,
      "F": 10
    },
    "cc_sum": 1362,
    "mi_min": 0.0,
    "mi_ratings": {
      "A": 0,
      "B": 0,
      "C": 1
    },
    "mi_sum": 0.0,
    "num_complex": 35
  },
  "file_count": 1,
  "functions": {
    "cc_concentration": 0.5960264900662252,
    "cc_extreme_count": 13,
    "cc_high_count": 35,
    "cc_max": 70,
    "cc_mean": 14.010309278350515,
    "cc_normalized": 0.016678140966671195,
    "cc_std": 17.81998810170807,
    "cc_sum": 1359,
    "cc_top20": 0.6526857983811626,
    "count": 97,
    "depth_max": 6,
    "extreme_cc_mean": 53.76923076923077,
    "high_cc_mean": 31.8,
    "lines_mean": 44.350515463917525,
    "lines_sum": 4302
  },
  "graph": {
    "cyclic_dependency_mass": 0.0,
    "dependency_entropy": 0.0,
    "edge_count": 0,
    "node_count": 0,
    "propagation_cost": 0.0
  },
  "lines": {
    "comments": 274,
    "loc": 2179,
    "multi_comment": 21,
    "single_comment": 283,
    "total_lines": 2930
  },
  "lint": {
    "counts": {
      "ARG001": 9,
      "B007": 7,
      "B023": 2,
      "B903": 1,
      "B904": 2,
      "B905": 4,
      "BLE001": 2,
      "C416": 4,
      "C420": 1,
      "C901": 31,
      "DOC201": 20,
      "DOC501": 31,
      "EM101": 8,
      "EM102": 80,
      "EXE001": 1,
      "F402": 1,
      "F841": 3,
      "FURB101": 3,
      "FURB103": 2,
      "FURB116": 13,
      "FURB118": 7,
      "FURB142": 3,
      "FURB145": 3,
      "N806": 6,
      "N818": 1,
      "PERF401": 4,
      "PIE810": 3,
      "PLC0415": 4,
      "PLR0911": 13,
      "PLR0912": 15,
      "PLR0914": 6,
      "PLR0915": 20,
      "PLR1702": 4,
      "PLR1730": 1,
      "PLR2004": 6,
      "PLR5501": 3,
      "PLR6104": 2,
      "PLR6201": 27,
      "PLW1514": 6,
      "PLW2901": 3,
      "PTH123": 6,
      "Q003": 1,
      "RET502": 1,
      "RET505": 11,
      "RUF005": 2,
      "RUF023": 1,
      "RUF047": 2,
      "S112": 1,
      "S311": 1,
      "SIM102": 4,
      "SIM108": 5,
      "SIM114": 6,
      "SIM118": 1,
      "SIM300": 1,
      "TRY003": 88,
      "UP045": 14
    },
    "errors": 507,
    "fixable": 62
  },
  "redundancy": {
    "clone_lines": 499,
    "clone_ratio_sum": 0.22074346030289124,
    "cloned_sloc_lines": 479,
    "files_with_clones": 1
  },
  "source_files": null,
  "symbols": {
    "classes": 30,
    "expressions": 6100,
    "expressions_top_level": 47,
    "functions": 93,
    "globals": 1,
    "imports": 12,
    "max_imports": 12,
    "methods": 4,
    "statements": 1482,
    "total": 128,
    "type_aliases": 0,
    "variables": 1
  },
  "verbosity_flagged_sloc_lines": 479,
  "waste": {
    "single_use_functions": 37,
    "trivial_wrappers": 6,
    "unused_variables": 6
  }
}