{
  "ast_grep": {
    "category_counts": {},
    "category_weighted": {},
    "counts": {},
    "rules_checked": 355,
    "violation_lines": 0,
    "violations": 0,
    "weighted": 0
  },
  "classes": {
    "attribute_counts_mean": 0.0,
    "attribute_counts_sum": 0,
    "count": 0,
    "method_counts_mean": 0.0,
    "method_counts_sum": 0
  },
  "complexity": {
    "cc_max": 80,
    "cc_ratings": {
      "A": 8,
      "B": 5,
      "C": 5,
      "D": 2,
      "E": 0,
      "F": 3
    },
    "cc_sum": 377,
    "mi_min": 0.0,
    "mi_ratings": {
      "A": 0,
      "B": 0,
      "C": 1
    },
    "mi_sum": 0.0,
    "num_complex": 10
  },
  "file_count": 1,
  "functions": {
    "cc_concentration": 0.5356884494815529,
    "cc_extreme_count": 3,
    "cc_high_count": 10,
    "cc_max": 80,
    "cc_mean": 17.136363636363637,
    "cc_normalized": 0.06214106634851169,
    "cc_std": 20.036384652843687,
    "cc_sum": 377,
    "cc_top20": 0.6419098143236074,
    "count": 22,
    "depth_max": 11,
    "extreme_cc_mean": 60.666666666666664,
    "high_cc_mean": 31.3,
    "lines_mean": 64.04545454545455,
    "lines_sum": 1409
  },
  "graph": {
    "cyclic_dependency_mass": 0.0,
    "dependency_entropy": 0.27924374015646275,
    "edge_count": 26,
    "node_count": 21,
    "propagation_cost": 0.17142857142857143
  },
  "lines": {
    "comments": 150,
    "loc": 993,
    "multi_comment": 75,
    "single_comment": 151,
    "total_lines": 1466
  },
  "lint": {
    "counts": {
      "ARG001": 2,
      "BLE001": 1,
      "C414": 1,
      "C420": 2,
      "C901": 8,
      "DOC201": 20,
      "EXE001": 1,
      "F841": 2,
      "FBT001": 1,
      "FBT002": 1,
      "FURB118": 4,
      "N806": 3,
      "PERF401": 6,
      "PIE810": 1,
      "PLC1901": 10,
      "PLR0911": 2,
      "PLR0912": 7,
      "PLR0914": 1,
      "PLR0915": 5,
      "PLR1702": 10,
      "PLR2004": 3,
      "PLR6201": 6,
      "PLW1514": 1,
      "PTH112": 2,
      "PTH118": 1,
      "PTH119": 1,
      "PTH120": 1,
      "PTH123": 1,
      "RET504": 1,
      "RET505": 3,
      "RUF005": 1,
      "RUF059": 4,
      "SIM102": 9,
      "SIM108": 1,
      "SIM114": 2,
      "UP006": 65,
      "UP015": 1,
      "UP035": 3,
      "UP045": 15
    },
    "errors": 209,
    "fixable": 91
  },
  "redundancy": {
    "clone_lines": 227,
    "clone_ratio_sum": 0.22457200402819738,
    "cloned_sloc_lines": 223,
    "files_with_clones": 1
  },
  "source_files": [],
  "symbols": {
    "classes": 0,
    "expressions": 1241,
    "expressions_top_level": 12,
    "functions": 22,
    "globals": 1,
    "imports": 6,
    "max_imports": 6,
    "methods": 0,
    "statements": 316,
    "total": 23,
    "type_aliases": 0,
    "variables": 1
  },
  "verbosity_flagged_sloc_lines": 223,
  "waste": {
    "single_use_functions": 16,
    "trivial_wrappers": 0,
    "unused_variables": 8
  }
}