{
  "ast_grep": {
    "category_counts": {},
    "category_weighted": {},
    "counts": {},
    "rules_checked": 355,
    "violation_lines": 0,
    "violations": 0,
    "weighted": 0
  },
  "classes": {
    "attribute_counts_mean": 3.6578947368421053,
    "attribute_counts_sum": 139,
    "count": 38,
    "method_counts_mean": 1.236842105263158,
    "method_counts_sum": 47
  },
  "complexity": {
    "cc_max": 22,
    "cc_ratings": {
      "A": 118,
      "B": 21,
      "C": 11,
      "D": 2,
      "E": 0,
      "F": 0
    },
    "cc_sum": 505,
    "mi_min": 0.0,
    "mi_ratings": {
      "A": 0,
      "B": 0,
      "C": 1
    },
    "mi_sum": 0.0,
    "num_complex": 13
  },
  "file_count": 1,
  "functions": {
    "cc_concentration": 0.48425590884594655,
    "cc_extreme_count": 0,
    "cc_high_count": 11,
    "cc_max": 21,
    "cc_mean": 4.505376344086022,
    "cc_normalized": 0.009956900896331583,
    "cc_std": 4.335454582037802,
    "cc_sum": 419,
    "cc_top20": 0.5322195704057279,
    "count": 93,
    "depth_max": 4,
    "extreme_cc_mean": 0.0,
    "high_cc_mean": 14.090909090909092,
    "lines_mean": 17.591397849462364,
    "lines_sum": 1636
  },
  "graph": {
    "cyclic_dependency_mass": 0.0,
    "dependency_entropy": 0.0,
    "edge_count": 0,
    "node_count": 0,
    "propagation_cost": 0.0
  },
  "lines": {
    "comments": 203,
    "loc": 1469,
    "multi_comment": 28,
    "single_comment": 285,
    "total_lines": 2244
  },
  "lint": {
    "counts": {
      "ANN401": 2,
      "ARG001": 6,
      "B903": 1,
      "B904": 11,
      "BLE001": 1,
      "C416": 2,
      "C901": 5,
      "DOC201": 53,
      "DOC501": 33,
      "EM101": 91,
      "EM102": 2,
      "EXE001": 1,
      "F401": 10,
      "F821": 19,
      "F841": 3,
      "FBT001": 3,
      "FBT002": 2,
      "FURB110": 1,
      "PERF401": 5,
      "PIE810": 4,
      "PLC0415": 1,
      "PLC2801": 3,
      "PLR0912": 2,
      "PLR0914": 2,
      "PLR0915": 1,
      "PLR2004": 3,
      "PLR6104": 1,
      "PLR6201": 3,
      "PLR6301": 3,
      "PLW2901": 1,
      "RET505": 2,
      "RUF005": 1,
      "RUF029": 3,
      "S104": 1,
      "SIM102": 6,
      "SIM114": 2,
      "SLF001": 1,
      "TRY003": 12,
      "TRY004": 4,
      "TRY203": 2,
      "TRY300": 3
    },
    "errors": 312,
    "fixable": 5
  },
  "redundancy": {
    "clone_lines": 80,
    "clone_ratio_sum": 0.05445881552076242,
    "cloned_sloc_lines": 80,
    "files_with_clones": 1
  },
  "source_files": null,
  "symbols": {
    "classes": 38,
    "expressions": 1781,
    "expressions_top_level": 11,
    "functions": 46,
    "globals": 21,
    "imports": 21,
    "max_imports": 21,
    "methods": 47,
    "statements": 596,
    "total": 152,
    "type_aliases": 0,
    "variables": 21
  },
  "verbosity_flagged_sloc_lines": 80,
  "waste": {
    "single_use_functions": 36,
    "trivial_wrappers": 0,
    "unused_variables": 41
  }
}