{
  "ast_grep": {
    "category_counts": {},
    "category_weighted": {},
    "counts": {},
    "rules_checked": 355,
    "violation_lines": 0,
    "violations": 0,
    "weighted": 0
  },
  "classes": {
    "attribute_counts_mean": 3.3333333333333335,
    "attribute_counts_sum": 10,
    "count": 3,
    "method_counts_mean": 18.666666666666668,
    "method_counts_sum": 56
  },
  "complexity": {
    "cc_max": 293,
    "cc_ratings": {
      "A": 42,
      "B": 5,
      "C": 10,
      "D": 3,
      "E": 3,
      "F": 1
    },
    "cc_sum": 772,
    "mi_min": 0.0,
    "mi_ratings": {
      "A": 0,
      "B": 0,
      "C": 1
    },
    "mi_sum": 0.0,
    "num_complex": 17
  },
  "file_count": 1,
  "functions": {
    "cc_concentration": 0.5617143277218261,
    "cc_extreme_count": 2,
    "cc_high_count": 15,
    "cc_max": 39,
    "cc_mean": 7.311475409836065,
    "cc_normalized": 0.023659400618016316,
    "cc_std": 8.78358503802511,
    "cc_sum": 446,
    "cc_top20": 0.6367713004484304,
    "count": 61,
    "depth_max": 5,
    "extreme_cc_mean": 35.5,
    "high_cc_mean": 20.533333333333335,
    "lines_mean": 36.278688524590166,
    "lines_sum": 2213
  },
  "graph": {
    "cyclic_dependency_mass": 0.0,
    "dependency_entropy": 0.42813961547259566,
    "edge_count": 165,
    "node_count": 60,
    "propagation_cost": 0.08559322033898305
  },
  "lines": {
    "comments": 69,
    "loc": 1738,
    "multi_comment": 21,
    "single_comment": 101,
    "total_lines": 2292
  },
  "lint": {
    "counts": {
      "ARG002": 3,
      "B007": 1,
      "B904": 5,
      "BLE001": 1,
      "C420": 2,
      "C901": 13,
      "DOC201": 33,
      "DOC501": 30,
      "EM101": 16,
      "EM102": 101,
      "EXE001": 1,
      "F541": 14,
      "F841": 6,
      "FBT001": 2,
      "FBT002": 2,
      "FURB110": 1,
      "FURB118": 2,
      "FURB171": 1,
      "PERF401": 10,
      "PIE790": 1,
      "PLR0911": 2,
      "PLR0912": 10,
      "PLR0914": 6,
      "PLR0915": 8,
      "PLR2004": 1,
      "PLR5501": 1,
      "PLR6201": 1,
      "PLR6301": 6,
      "PLW1514": 4,
      "PTH123": 4,
      "RET505": 3,
      "RUF012": 2,
      "S608": 9,
      "SIM102": 2,
      "SIM105": 2,
      "SLF001": 17,
      "TRY003": 117,
      "TRY201": 2,
      "TRY203": 2,
      "TRY301": 1,
      "UP006": 82,
      "UP015": 4,
      "UP035": 2,
      "UP045": 10
    },
    "errors": 543,
    "fixable": 127
  },
  "redundancy": {
    "clone_lines": 408,
    "clone_ratio_sum": 0.2140391254315305,
    "cloned_sloc_lines": 367,
    "files_with_clones": 1
  },
  "source_files": [],
  "symbols": {
    "classes": 3,
    "expressions": 3953,
    "expressions_top_level": 123,
    "functions": 5,
    "globals": 0,
    "imports": 7,
    "max_imports": 7,
    "methods": 56,
    "statements": 905,
    "total": 64,
    "type_aliases": 0,
    "variables": 0
  },
  "verbosity_flagged_sloc_lines": 367,
  "waste": {
    "single_use_functions": 5,
    "trivial_wrappers": 0,
    "unused_variables": 7
  }
}