{
  "ast_grep": {
    "category_counts": {},
    "category_weighted": {},
    "counts": {},
    "rules_checked": 355,
    "violation_lines": 0,
    "violations": 0,
    "weighted": 0
  },
  "classes": {
    "attribute_counts_mean": 10.5,
    "attribute_counts_sum": 21,
    "count": 2,
    "method_counts_mean": 21.0,
    "method_counts_sum": 42
  },
  "complexity": {
    "cc_max": 336,
    "cc_ratings": {
      "A": 25,
      "B": 7,
      "C": 7,
      "D": 1,
      "E": 2,
      "F": 3
    },
    "cc_sum": 762,
    "mi_min": 0.0,
    "mi_ratings": {
      "A": 0,
      "B": 0,
      "C": 1
    },
    "mi_sum": 0.0,
    "num_complex": 13
  },
  "file_count": 1,
  "functions": {
    "cc_concentration": 0.5729284262813276,
    "cc_extreme_count": 4,
    "cc_high_count": 11,
    "cc_max": 43,
    "cc_mean": 9.581395348837209,
    "cc_normalized": 0.033742969805511044,
    "cc_std": 11.541297604151662,
    "cc_sum": 412,
    "cc_top20": 0.633495145631068,
    "count": 43,
    "depth_max": 8,
    "extreme_cc_mean": 38.75,
    "high_cc_mean": 26.454545454545453,
    "lines_mean": 50.81395348837209,
    "lines_sum": 2185
  },
  "graph": {
    "cyclic_dependency_mass": 0.0,
    "dependency_entropy": 0.2700354314396769,
    "edge_count": 68,
    "node_count": 43,
    "propagation_cost": 0.058693244739756366
  },
  "lines": {
    "comments": 299,
    "loc": 1583,
    "multi_comment": 56,
    "single_comment": 313,
    "total_lines": 2290
  },
  "lint": {
    "counts": {
      "ARG002": 3,
      "B007": 5,
      "B904": 2,
      "C901": 10,
      "DOC201": 33,
      "DOC501": 4,
      "EM102": 27,
      "ERA001": 1,
      "EXE001": 1,
      "F541": 3,
      "F821": 1,
      "F841": 10,
      "FBT001": 2,
      "FBT002": 1,
      "FURB110": 1,
      "FURB113": 5,
      "FURB142": 1,
      "N806": 3,
      "PERF102": 1,
      "PERF401": 2,
      "PERF402": 1,
      "PIE808": 2,
      "PLR0904": 1,
      "PLR0912": 10,
      "PLR0913": 2,
      "PLR0914": 11,
      "PLR0915": 10,
      "PLR0917": 2,
      "PLR1702": 6,
      "PLR1730": 1,
      "PLR2004": 18,
      "PLR5501": 2,
      "PLR6104": 4,
      "PLR6201": 5,
      "PLR6301": 6,
      "PLW2901": 1,
      "PTH123": 5,
      "Q001": 1,
      "RET504": 1,
      "RET505": 1,
      "RET508": 2,
      "RUF012": 3,
      "RUF046": 2,
      "RUF059": 1,
      "SIM102": 5,
      "SIM108": 1,
      "SIM114": 4,
      "SIM300": 1,
      "TRY003": 27,
      "UP015": 3
    },
    "errors": 255,
    "fixable": 27
  },
  "redundancy": {
    "clone_lines": 355,
    "clone_ratio_sum": 0.1983575489576753,
    "cloned_sloc_lines": 306,
    "files_with_clones": 1
  },
  "source_files": [],
  "symbols": {
    "classes": 2,
    "expressions": 3902,
    "expressions_top_level": 35,
    "functions": 1,
    "globals": 0,
    "imports": 8,
    "max_imports": 8,
    "methods": 42,
    "statements": 817,
    "total": 45,
    "type_aliases": 0,
    "variables": 0
  },
  "verbosity_flagged_sloc_lines": 306,
  "waste": {
    "single_use_functions": 1,
    "trivial_wrappers": 0,
    "unused_variables": 31
  }
}