{
  "ast_grep": {
    "category_counts": {},
    "category_weighted": {},
    "counts": {},
    "rules_checked": 355,
    "violation_lines": 0,
    "violations": 0,
    "weighted": 0
  },
  "classes": {
    "attribute_counts_mean": 3.3333333333333335,
    "attribute_counts_sum": 10,
    "count": 3,
    "method_counts_mean": 4.666666666666667,
    "method_counts_sum": 14
  },
  "complexity": {
    "cc_max": 97,
    "cc_ratings": {
      "A": 32,
      "B": 7,
      "C": 8,
      "D": 3,
      "E": 1,
      "F": 1
    },
    "cc_sum": 444,
    "mi_min": 0.0,
    "mi_ratings": {
      "A": 1,
      "B": 0,
      "C": 1
    },
    "mi_sum": 47.3830911976659,
    "num_complex": 13
  },
  "file_count": 2,
  "functions": {
    "cc_concentration": 0.4923661781838249,
    "cc_extreme_count": 1,
    "cc_high_count": 12,
    "cc_max": 37,
    "cc_mean": 7.382978723404255,
    "cc_normalized": 0.022699805409605738,
    "cc_std": 7.625908902320693,
    "cc_sum": 347,
    "cc_top20": 0.5590778097982709,
    "count": 47,
    "depth_max": 6,
    "extreme_cc_mean": 37.0,
    "high_cc_mean": 18.0,
    "lines_mean": 37.702127659574465,
    "lines_sum": 1772
  },
  "graph": {
    "cyclic_dependency_mass": 0.2153846153846154,
    "dependency_entropy": 0.30441385025133616,
    "edge_count": 53,
    "node_count": 39,
    "propagation_cost": 0.09581646423751687
  },
  "lines": {
    "comments": 87,
    "loc": 1492,
    "multi_comment": 8,
    "single_comment": 131,
    "total_lines": 1906
  },
  "lint": {
    "counts": {
      "ANN401": 1,
      "ARG002": 1,
      "B904": 8,
      "BLE001": 3,
      "C901": 10,
      "DOC201": 28,
      "DOC501": 29,
      "EM101": 101,
      "EXE001": 2,
      "F401": 1,
      "F541": 1,
      "F811": 1,
      "F841": 2,
      "FBT002": 1,
      "PERF203": 4,
      "PERF402": 2,
      "PERF403": 1,
      "PLC0415": 1,
      "PLR0911": 3,
      "PLR0912": 5,
      "PLR0915": 2,
      "PLR1702": 1,
      "PLR2004": 1,
      "PLR6201": 3,
      "PLR6301": 2,
      "PLW1510": 1,
      "Q001": 1,
      "RET504": 6,
      "RET505": 4,
      "RET506": 1,
      "RUF013": 4,
      "RUF059": 3,
      "S101": 10,
      "S105": 20,
      "S404": 1,
      "S603": 1,
      "SIM108": 1,
      "SIM114": 3,
      "SLF001": 5,
      "TRY301": 3
    },
    "errors": 278,
    "fixable": 12
  },
  "redundancy": {
    "clone_lines": 454,
    "clone_ratio_sum": 0.33482810164424515,
    "cloned_sloc_lines": 448,
    "files_with_clones": 2
  },
  "source_files": [],
  "symbols": {
    "classes": 3,
    "expressions": 1419,
    "expressions_top_level": 32,
    "functions": 33,
    "globals": 2,
    "imports": 9,
    "max_imports": 6,
    "methods": 14,
    "statements": 539,
    "total": 52,
    "type_aliases": 0,
    "variables": 2
  },
  "verbosity_flagged_sloc_lines": 448,
  "waste": {
    "single_use_functions": 27,
    "trivial_wrappers": 0,
    "unused_variables": 11
  }
}