{
  "ast_grep": {
    "category_counts": {},
    "category_weighted": {},
    "counts": {},
    "rules_checked": 355,
    "violation_lines": 0,
    "violations": 0,
    "weighted": 0
  },
  "classes": {
    "attribute_counts_mean": 2.2,
    "attribute_counts_sum": 22,
    "count": 10,
    "method_counts_mean": 1.2,
    "method_counts_sum": 12
  },
  "complexity": {
    "cc_max": 27,
    "cc_ratings": {
      "A": 35,
      "B": 16,
      "C": 8,
      "D": 3,
      "E": 0,
      "F": 0
    },
    "cc_sum": 378,
    "mi_min": 0.0,
    "mi_ratings": {
      "A": 2,
      "B": 0,
      "C": 1
    },
    "mi_sum": 97.68737691197285,
    "num_complex": 11
  },
  "file_count": 3,
  "functions": {
    "cc_concentration": 0.49216524216524216,
    "cc_extreme_count": 0,
    "cc_high_count": 11,
    "cc_max": 27,
    "cc_mean": 6.75,
    "cc_normalized": 0.01787402731484068,
    "cc_std": 6.507537108283461,
    "cc_sum": 351,
    "cc_top20": 0.5470085470085471,
    "count": 52,
    "depth_max": 9,
    "extreme_cc_mean": 0.0,
    "high_cc_mean": 17.454545454545453,
    "lines_mean": 37.07692307692308,
    "lines_sum": 1928
  },
  "graph": {
    "cyclic_dependency_mass": 0.04878048780487805,
    "dependency_entropy": 0.1495383223905618,
    "edge_count": 33,
    "node_count": 38,
    "propagation_cost": 0.04694167852062589
  },
  "lines": {
    "comments": 165,
    "loc": 1246,
    "multi_comment": 306,
    "single_comment": 188,
    "total_lines": 2162
  },
  "lint": {
    "counts": {
      "A002": 3,
      "ANN401": 1,
      "ARG001": 2,
      "B007": 1,
      "B904": 24,
      "C901": 10,
      "DOC201": 7,
      "DOC501": 13,
      "DOC502": 2,
      "E722": 2,
      "EM101": 17,
      "EM102": 52,
      "EXE001": 3,
      "F401": 6,
      "F841": 2,
      "FURB101": 1,
      "FURB110": 2,
      "FURB118": 1,
      "PERF401": 3,
      "PIE790": 7,
      "PLR0911": 4,
      "PLR0912": 9,
      "PLR0913": 2,
      "PLR0914": 1,
      "PLR0915": 3,
      "PLR0917": 2,
      "PLR1702": 6,
      "PLR2004": 10,
      "PLW1514": 2,
      "PTH110": 2,
      "PTH113": 1,
      "PTH123": 2,
      "RET505": 10,
      "RUF012": 5,
      "RUF059": 2,
      "S310": 12,
      "S404": 1,
      "SIM102": 2,
      "SIM108": 5,
      "SIM114": 1,
      "TRY003": 69,
      "TRY203": 13,
      "TRY300": 7,
      "TRY301": 1,
      "UP006": 65,
      "UP015": 2,
      "UP024": 2,
      "UP035": 4,
      "UP045": 21
    },
    "errors": 425,
    "fixable": 122
  },
  "redundancy": {
    "clone_lines": 465,
    "clone_ratio_sum": 0.6338086911885016,
    "cloned_sloc_lines": 347,
    "files_with_clones": 3
  },
  "source_files": [],
  "symbols": {
    "classes": 10,
    "expressions": 1581,
    "expressions_top_level": 15,
    "functions": 40,
    "globals": 0,
    "imports": 25,
    "max_imports": 10,
    "methods": 12,
    "statements": 449,
    "total": 62,
    "type_aliases": 0,
    "variables": 0
  },
  "verbosity_flagged_sloc_lines": 347,
  "waste": {
    "single_use_functions": 34,
    "trivial_wrappers": 0,
    "unused_variables": 18
  }
}