{
  "ast_grep": {
    "category_counts": {},
    "category_weighted": {},
    "counts": {},
    "rules_checked": 355,
    "violation_lines": 0,
    "violations": 0,
    "weighted": 0
  },
  "classes": {
    "attribute_counts_mean": 4.0,
    "attribute_counts_sum": 24,
    "count": 6,
    "method_counts_mean": 9.666666666666666,
    "method_counts_sum": 58
  },
  "complexity": {
    "cc_max": 162,
    "cc_ratings": {
      "A": 66,
      "B": 13,
      "C": 6,
      "D": 1,
      "E": 3,
      "F": 3
    },
    "cc_sum": 678,
    "mi_min": 0.0,
    "mi_ratings": {
      "A": 8,
      "B": 0,
      "C": 1
    },
    "mi_sum": 723.7157122666811,
    "num_complex": 13
  },
  "file_count": 9,
  "functions": {
    "cc_concentration": 0.5475381299734748,
    "cc_extreme_count": 3,
    "cc_high_count": 9,
    "cc_max": 38,
    "cc_mean": 5.890625,
    "cc_normalized": 0.02601872857063564,
    "cc_std": 7.6014142115709635,
    "cc_sum": 377,
    "cc_top20": 0.5888594164456233,
    "count": 64,
    "depth_max": 6,
    "extreme_cc_mean": 35.0,
    "high_cc_mean": 20.77777777777778,
    "lines_mean": 21.703125,
    "lines_sum": 1389
  },
  "graph": {
    "cyclic_dependency_mass": 0.20512820512820512,
    "dependency_entropy": 0.15380950194556955,
    "edge_count": 52,
    "node_count": 54,
    "propagation_cost": 0.05555555555555555
  },
  "lines": {
    "comments": 175,
    "loc": 1151,
    "multi_comment": 12,
    "single_comment": 228,
    "total_lines": 1678
  },
  "lint": {
    "counts": {
      "ANN401": 1,
      "ARG002": 3,
      "B905": 1,
      "BLE001": 2,
      "C901": 7,
      "DOC201": 40,
      "DOC501": 15,
      "EM101": 3,
      "EM102": 16,
      "ERA001": 1,
      "EXE001": 9,
      "F401": 1,
      "F541": 7,
      "F841": 1,
      "FURB101": 1,
      "FURB110": 1,
      "FURB113": 1,
      "PD002": 1,
      "PD015": 5,
      "PLC0415": 1,
      "PLC1901": 1,
      "PLR0904": 1,
      "PLR0911": 6,
      "PLR0912": 5,
      "PLR0915": 3,
      "PLR1702": 3,
      "PLR1714": 2,
      "PLR2004": 2,
      "PLR5501": 3,
      "PLR6201": 4,
      "PLR6301": 8,
      "PLW0603": 1,
      "PLW1514": 1,
      "PTH123": 1,
      "PTH206": 1,
      "Q001": 1,
      "RET504": 2,
      "RET505": 3,
      "RUF012": 1,
      "RUF013": 6,
      "RUF021": 1,
      "S106": 7,
      "SIM102": 2,
      "SIM116": 1,
      "TRY003": 19,
      "UP006": 40,
      "UP007": 1,
      "UP015": 1,
      "UP035": 4,
      "UP045": 8
    },
    "errors": 256,
    "fixable": 68
  },
  "redundancy": {
    "clone_lines": 170,
    "clone_ratio_sum": 0.1689401888772298,
    "cloned_sloc_lines": 155,
    "files_with_clones": 9
  },
  "source_files": [],
  "symbols": {
    "classes": 6,
    "expressions": 3278,
    "expressions_top_level": 36,
    "functions": 6,
    "globals": 22,
    "imports": 23,
    "max_imports": 9,
    "methods": 58,
    "statements": 758,
    "total": 92,
    "type_aliases": 0,
    "variables": 22
  },
  "verbosity_flagged_sloc_lines": 155,
  "waste": {
    "single_use_functions": 6,
    "trivial_wrappers": 0,
    "unused_variables": 23
  }
}