{
  "ast_grep": {
    "category_counts": {},
    "category_weighted": {},
    "counts": {},
    "rules_checked": 355,
    "violation_lines": 0,
    "violations": 0,
    "weighted": 0
  },
  "classes": {
    "attribute_counts_mean": 4.785714285714286,
    "attribute_counts_sum": 67,
    "count": 14,
    "method_counts_mean": 2.2142857142857144,
    "method_counts_sum": 31
  },
  "complexity": {
    "cc_max": 84,
    "cc_ratings": {
      "A": 40,
      "B": 3,
      "C": 4,
      "D": 1,
      "E": 1,
      "F": 3
    },
    "cc_sum": 364,
    "mi_min": 3.8463937234171763,
    "mi_ratings": {
      "A": 0,
      "B": 0,
      "C": 1
    },
    "mi_sum": 3.8463937234171763,
    "num_complex": 9
  },
  "file_count": 1,
  "functions": {
    "cc_concentration": 0.6435124508519003,
    "cc_extreme_count": 2,
    "cc_high_count": 6,
    "cc_max": 44,
    "cc_mean": 6.228571428571429,
    "cc_normalized": 0.07196116389489893,
    "cc_std": 9.884883629550117,
    "cc_sum": 218,
    "cc_top20": 0.7201834862385321,
    "count": 35,
    "depth_max": 6,
    "extreme_cc_mean": 39.0,
    "high_cc_mean": 24.666666666666668,
    "lines_mean": 27.8,
    "lines_sum": 973
  },
  "graph": {
    "cyclic_dependency_mass": 0.0,
    "dependency_entropy": 0.2266228517191285,
    "edge_count": 27,
    "node_count": 35,
    "propagation_cost": 0.041176470588235294
  },
  "lines": {
    "comments": 128,
    "loc": 734,
    "multi_comment": 51,
    "single_comment": 147,
    "total_lines": 1152
  },
  "lint": {
    "counts": {
      "ARG002": 5,
      "BLE001": 4,
      "C901": 4,
      "DOC201": 19,
      "DOC501": 3,
      "EM102": 5,
      "EXE001": 1,
      "F401": 2,
      "F841": 5,
      "FBT001": 3,
      "FBT002": 2,
      "N806": 1,
      "PERF401": 1,
      "PLR0912": 3,
      "PLR0913": 1,
      "PLR0914": 3,
      "PLR0915": 2,
      "PLR0917": 1,
      "PLR1702": 1,
      "PLR2004": 5,
      "PLR6301": 1,
      "PLW1514": 2,
      "PTH118": 4,
      "PTH123": 2,
      "RET505": 1,
      "RUF005": 2,
      "RUF031": 1,
      "RUF059": 1,
      "SIM102": 1,
      "SIM108": 1,
      "SIM113": 1,
      "SIM300": 1,
      "TRY003": 5,
      "UP006": 46,
      "UP015": 2,
      "UP035": 4,
      "UP045": 26
    },
    "errors": 172,
    "fixable": 81
  },
  "redundancy": {
    "clone_lines": 90,
    "clone_ratio_sum": 0.12125340599455041,
    "cloned_sloc_lines": 89,
    "files_with_clones": 1
  },
  "source_files": [],
  "symbols": {
    "classes": 14,
    "expressions": 1722,
    "expressions_top_level": 18,
    "functions": 4,
    "globals": 3,
    "imports": 10,
    "max_imports": 10,
    "methods": 31,
    "statements": 312,
    "total": 52,
    "type_aliases": 0,
    "variables": 3
  },
  "verbosity_flagged_sloc_lines": 89,
  "waste": {
    "single_use_functions": 3,
    "trivial_wrappers": 0,
    "unused_variables": 29
  }
}