{
  "ast_grep": {
    "category_counts": {},
    "category_weighted": {},
    "counts": {},
    "rules_checked": 355,
    "violation_lines": 0,
    "violations": 0,
    "weighted": 0
  },
  "classes": {
    "attribute_counts_mean": 2.5,
    "attribute_counts_sum": 65,
    "count": 26,
    "method_counts_mean": 10.076923076923077,
    "method_counts_sum": 262
  },
  "complexity": {
    "cc_max": 247,
    "cc_ratings": {
      "A": 200,
      "B": 72,
      "C": 21,
      "D": 21,
      "E": 2,
      "F": 4
    },
    "cc_sum": 2257,
    "mi_min": 0.0,
    "mi_ratings": {
      "A": 46,
      "B": 0,
      "C": 1
    },
    "mi_sum": 3196.6841040621657,
    "num_complex": 48
  },
  "file_count": 47,
  "functions": {
    "cc_concentration": 0.45264066455421226,
    "cc_extreme_count": 0,
    "cc_high_count": 22,
    "cc_max": 26,
    "cc_mean": 4.7011070110701105,
    "cc_normalized": 0.0033150908795672195,
    "cc_std": 4.455869897984621,
    "cc_sum": 1274,
    "cc_top20": 0.5,
    "count": 271,
    "depth_max": 6,
    "extreme_cc_mean": 0.0,
    "high_cc_mean": 16.0,
    "lines_mean": 16.33579335793358,
    "lines_sum": 4427
  },
  "graph": {
    "cyclic_dependency_mass": 0.0,
    "dependency_entropy": 0.18581289940329682,
    "edge_count": 55,
    "node_count": 59,
    "propagation_cost": 0.040619520748100525
  },
  "lines": {
    "comments": 143,
    "loc": 4200,
    "multi_comment": 83,
    "single_comment": 193,
    "total_lines": 5153
  },
  "lint": {
    "counts": {
      "ANN401": 23,
      "ARG002": 13,
      "B007": 5,
      "B905": 1,
      "C401": 2,
      "C901": 13,
      "DOC201": 29,
      "DOC501": 2,
      "EM102": 1,
      "EXE001": 1,
      "F401": 34,
      "F841": 9,
      "FBT001": 2,
      "FLY002": 1,
      "FURB101": 1,
      "FURB103": 2,
      "FURB113": 12,
      "FURB148": 2,
      "PERF401": 1,
      "PLC1901": 18,
      "PLR0911": 2,
      "PLR0912": 8,
      "PLR0913": 1,
      "PLR0914": 2,
      "PLR0915": 4,
      "PLR0917": 1,
      "PLR1702": 6,
      "PLR2004": 51,
      "PLR5501": 1,
      "PLR6201": 9,
      "PLR6301": 90,
      "PLW2901": 20,
      "PTH100": 23,
      "PTH123": 74,
      "RET505": 2,
      "RUF010": 3,
      "RUF015": 1,
      "S324": 23,
      "SIM102": 3,
      "SIM103": 18,
      "TRY003": 1,
      "UP006": 269,
      "UP015": 49,
      "UP028": 3,
      "UP035": 67,
      "UP045": 104
    },
    "errors": 1007,
    "fixable": 539
  },
  "redundancy": {
    "clone_lines": 334,
    "clone_ratio_sum": 1.8497127744758548,
    "cloned_sloc_lines": 334,
    "files_with_clones": 47
  },
  "source_files": [],
  "symbols": {
    "classes": 26,
    "expressions": 9302,
    "expressions_top_level": 63,
    "functions": 9,
    "globals": 23,
    "imports": 160,
    "max_imports": 6,
    "methods": 262,
    "statements": 2735,
    "total": 320,
    "type_aliases": 0,
    "variables": 23
  },
  "verbosity_flagged_sloc_lines": 334,
  "waste": {
    "single_use_functions": 7,
    "trivial_wrappers": 1,
    "unused_variables": 50
  }
}