{
  "ast_grep": {
    "category_counts": {},
    "category_weighted": {},
    "counts": {},
    "rules_checked": 355,
    "violation_lines": 0,
    "violations": 0,
    "weighted": 0
  },
  "classes": {
    "attribute_counts_mean": 0.0,
    "attribute_counts_sum": 0,
    "count": 1,
    "method_counts_mean": 3.0,
    "method_counts_sum": 3
  },
  "complexity": {
    "cc_max": 28,
    "cc_ratings": {
      "A": 70,
      "B": 8,
      "C": 7,
      "D": 3,
      "E": 0,
      "F": 0
    },
    "cc_sum": 378,
    "mi_min": 0.0,
    "mi_ratings": {
      "A": 0,
      "B": 0,
      "C": 2
    },
    "mi_sum": 7.16085494665491,
    "num_complex": 10
  },
  "file_count": 2,
  "functions": {
    "cc_concentration": 0.4856437389770723,
    "cc_extreme_count": 0,
    "cc_high_count": 10,
    "cc_max": 28,
    "cc_mean": 5.04,
    "cc_normalized": 0.01565397597143629,
    "cc_std": 5.46101663636934,
    "cc_sum": 378,
    "cc_top20": 0.5582010582010583,
    "count": 75,
    "depth_max": 4,
    "extreme_cc_mean": 0.0,
    "high_cc_mean": 17.0,
    "lines_mean": 21.213333333333335,
    "lines_sum": 1591
  },
  "graph": {
    "cyclic_dependency_mass": 0.0,
    "dependency_entropy": 0.33517747711571677,
    "edge_count": 61,
    "node_count": 36,
    "propagation_cost": 0.11349206349206349
  },
  "lines": {
    "comments": 9,
    "loc": 1454,
    "multi_comment": 8,
    "single_comment": 51,
    "total_lines": 1782
  },
  "lint": {
    "counts": {
      "B007": 1,
      "B904": 2,
      "BLE001": 3,
      "C420": 5,
      "C901": 7,
      "DOC201": 41,
      "DOC501": 3,
      "EM101": 13,
      "ERA001": 1,
      "EXE001": 2,
      "F541": 1,
      "FBT002": 1,
      "FURB101": 1,
      "PERF102": 2,
      "PERF203": 1,
      "PLC1901": 2,
      "PLR0911": 2,
      "PLR0912": 4,
      "PLR0913": 4,
      "PLR0914": 1,
      "PLR0917": 4,
      "PLR1733": 1,
      "PLR2004": 17,
      "PLR6201": 2,
      "PLW0602": 1,
      "PLW0603": 24,
      "PLW1510": 3,
      "PLW1514": 1,
      "PTH108": 30,
      "PTH113": 2,
      "PTH123": 2,
      "RET503": 1,
      "RUF005": 1,
      "RUF015": 3,
      "RUF059": 15,
      "S105": 1,
      "S404": 1,
      "S603": 7,
      "SIM115": 1,
      "TRY003": 13,
      "UP015": 2,
      "UP031": 35
    },
    "errors": 264,
    "fixable": 47
  },
  "redundancy": {
    "clone_lines": 149,
    "clone_ratio_sum": 0.19423463083101639,
    "cloned_sloc_lines": 149,
    "files_with_clones": 2
  },
  "source_files": [],
  "symbols": {
    "classes": 1,
    "expressions": 1309,
    "expressions_top_level": 17,
    "functions": 72,
    "globals": 12,
    "imports": 15,
    "max_imports": 9,
    "methods": 3,
    "statements": 455,
    "total": 88,
    "type_aliases": 0,
    "variables": 12
  },
  "verbosity_flagged_sloc_lines": 149,
  "waste": {
    "single_use_functions": 59,
    "trivial_wrappers": 0,
    "unused_variables": 29
  }
}