{
  "ast_grep": {
    "category_counts": {},
    "category_weighted": {},
    "counts": {},
    "rules_checked": 355,
    "violation_lines": 0,
    "violations": 0,
    "weighted": 0
  },
  "classes": {
    "attribute_counts_mean": 1.037037037037037,
    "attribute_counts_sum": 28,
    "count": 27,
    "method_counts_mean": 2.814814814814815,
    "method_counts_sum": 76
  },
  "complexity": {
    "cc_max": 25,
    "cc_ratings": {
      "A": 104,
      "B": 6,
      "C": 6,
      "D": 1,
      "E": 0,
      "F": 0
    },
    "cc_sum": 282,
    "mi_min": 36.95703610983829,
    "mi_ratings": {
      "A": 6,
      "B": 0,
      "C": 0
    },
    "mi_sum": 337.8208567709215,
    "num_complex": 7
  },
  "file_count": 6,
  "functions": {
    "cc_concentration": 0.5130090497737556,
    "cc_extreme_count": 0,
    "cc_high_count": 5,
    "cc_max": 15,
    "cc_mean": 2.5113636363636362,
    "cc_normalized": 0.02191088276831671,
    "cc_std": 3.4872322726942,
    "cc_sum": 221,
    "cc_top20": 0.6561085972850679,
    "count": 88,
    "depth_max": 5,
    "extreme_cc_mean": 0.0,
    "high_cc_mean": 14.2,
    "lines_mean": 14.818181818181818,
    "lines_sum": 1304
  },
  "graph": {
    "cyclic_dependency_mass": 0.0,
    "dependency_entropy": 0.2750037369413923,
    "edge_count": 5,
    "node_count": 6,
    "propagation_cost": 0.23333333333333334
  },
  "lines": {
    "comments": 77,
    "loc": 1067,
    "multi_comment": 46,
    "single_comment": 160,
    "total_lines": 1590
  },
  "lint": {
    "counts": {
      "A002": 2,
      "ANN401": 7,
      "ARG001": 1,
      "ARG002": 5,
      "B903": 1,
      "B904": 11,
      "C901": 3,
      "DOC201": 21,
      "DOC501": 5,
      "E722": 1,
      "EM101": 2,
      "EM102": 30,
      "ERA001": 1,
      "EXE001": 3,
      "F401": 10,
      "F841": 1,
      "FURB101": 2,
      "FURB110": 4,
      "FURB142": 1,
      "FURB152": 1,
      "PGH003": 3,
      "PIE790": 5,
      "PLC0415": 6,
      "PLC1901": 2,
      "PLR0912": 1,
      "PLR0913": 1,
      "PLR0917": 1,
      "PLR2004": 3,
      "PLR6201": 1,
      "PLR6301": 10,
      "PLW1514": 4,
      "PT009": 64,
      "PT027": 17,
      "PTH100": 1,
      "PTH120": 1,
      "PTH123": 4,
      "RET505": 3,
      "RET507": 1,
      "RUF012": 4,
      "RUF022": 1,
      "RUF023": 1,
      "S310": 2,
      "SIM102": 1,
      "SIM118": 1,
      "TRY003": 32,
      "TRY300": 2,
      "UP015": 3
    },
    "errors": 287,
    "fixable": 36
  },
  "redundancy": {
    "clone_lines": 102,
    "clone_ratio_sum": 0.39856334177498676,
    "cloned_sloc_lines": 96,
    "files_with_clones": 6
  },
  "source_files": [],
  "symbols": {
    "classes": 27,
    "expressions": 1671,
    "expressions_top_level": 78,
    "functions": 12,
    "globals": 2,
    "imports": 32,
    "max_imports": 11,
    "methods": 76,
    "statements": 352,
    "total": 117,
    "type_aliases": 0,
    "variables": 2
  },
  "verbosity_flagged_sloc_lines": 96,
  "waste": {
    "single_use_functions": 11,
    "trivial_wrappers": 0,
    "unused_variables": 8
  }
}