{
  "ast_grep": {
    "category_counts": {},
    "category_weighted": {},
    "counts": {},
    "rules_checked": 355,
    "violation_lines": 0,
    "violations": 0,
    "weighted": 0
  },
  "classes": {
    "attribute_counts_mean": 6.125,
    "attribute_counts_sum": 49,
    "count": 8,
    "method_counts_mean": 3.125,
    "method_counts_sum": 25
  },
  "complexity": {
    "cc_max": 67,
    "cc_ratings": {
      "A": 50,
      "B": 24,
      "C": 9,
      "D": 2,
      "E": 0,
      "F": 2
    },
    "cc_sum": 602,
    "mi_min": 0.0,
    "mi_ratings": {
      "A": 2,
      "B": 0,
      "C": 1
    },
    "mi_sum": 72.35998418073558,
    "num_complex": 13
  },
  "file_count": 3,
  "functions": {
    "cc_concentration": 0.4976432833575691,
    "cc_extreme_count": 2,
    "cc_high_count": 10,
    "cc_max": 67,
    "cc_mean": 7.283783783783784,
    "cc_normalized": 0.025216907197381292,
    "cc_std": 9.949902278408086,
    "cc_sum": 539,
    "cc_top20": 0.5528756957328386,
    "count": 74,
    "depth_max": 8,
    "extreme_cc_mean": 59.0,
    "high_cc_mean": 25.3,
    "lines_mean": 27.324324324324323,
    "lines_sum": 2022
  },
  "graph": {
    "cyclic_dependency_mass": 0.0,
    "dependency_entropy": 0.20352862564534083,
    "edge_count": 75,
    "node_count": 90,
    "propagation_cost": 0.021722846441947566
  },
  "lines": {
    "comments": 113,
    "loc": 1657,
    "multi_comment": 0,
    "single_comment": 155,
    "total_lines": 2149
  },
  "lint": {
    "counts": {
      "ANN401": 23,
      "ARG001": 4,
      "ARG002": 9,
      "B007": 4,
      "B904": 1,
      "BLE001": 6,
      "C901": 8,
      "DOC201": 36,
      "DOC402": 5,
      "DOC501": 7,
      "DTZ007": 2,
      "EM101": 4,
      "EM102": 11,
      "EXE001": 2,
      "F401": 15,
      "F541": 2,
      "F821": 1,
      "F841": 9,
      "FBT001": 7,
      "FURB103": 1,
      "FURB110": 6,
      "FURB118": 1,
      "FURB122": 5,
      "FURB188": 1,
      "INP001": 1,
      "PERF203": 4,
      "PERF401": 2,
      "PIE810": 1,
      "PLC0415": 1,
      "PLC1901": 11,
      "PLR0911": 6,
      "PLR0912": 8,
      "PLR0913": 7,
      "PLR0914": 2,
      "PLR0915": 2,
      "PLR0916": 1,
      "PLR0917": 7,
      "PLR1702": 20,
      "PLR1714": 4,
      "PLR2004": 7,
      "PLR5501": 1,
      "PLR6201": 3,
      "PLR6301": 1,
      "PLW1510": 6,
      "PLW1514": 15,
      "PLW2901": 2,
      "PTH104": 1,
      "PTH105": 1,
      "PTH108": 1,
      "PTH118": 18,
      "PTH119": 1,
      "PTH123": 23,
      "PTH207": 1,
      "Q001": 1,
      "RET504": 1,
      "RET505": 13,
      "RUF059": 3,
      "S101": 2,
      "S110": 1,
      "S404": 1,
      "S603": 6,
      "SIM102": 1,
      "SIM105": 1,
      "SIM113": 1,
      "SIM115": 3,
      "TRY003": 14,
      "TRY004": 1,
      "TRY301": 4,
      "UP006": 106,
      "UP007": 1,
      "UP015": 7,
      "UP024": 2,
      "UP035": 8,
      "UP037": 1,
      "UP045": 24
    },
    "errors": 530,
    "fixable": 218
  },
  "redundancy": {
    "clone_lines": 95,
    "clone_ratio_sum": 0.2491834596183103,
    "cloned_sloc_lines": 95,
    "files_with_clones": 3
  },
  "source_files": [
    "nested_utils.py",
    "typesystem.py"
  ],
  "symbols": {
    "classes": 8,
    "expressions": 2214,
    "expressions_top_level": 33,
    "functions": 49,
    "globals": 5,
    "imports": 29,
    "max_imports": 19,
    "methods": 25,
    "statements": 636,
    "total": 87,
    "type_aliases": 0,
    "variables": 5
  },
  "verbosity_flagged_sloc_lines": 95,
  "waste": {
    "single_use_functions": 37,
    "trivial_wrappers": 0,
    "unused_variables": 44
  }
}