{
  "ast_grep": {
    "category_counts": {},
    "category_weighted": {},
    "counts": {},
    "rules_checked": 355,
    "violation_lines": 0,
    "violations": 0,
    "weighted": 0
  },
  "classes": {
    "attribute_counts_mean": 0.0,
    "attribute_counts_sum": 0,
    "count": 0,
    "method_counts_mean": 0.0,
    "method_counts_sum": 0
  },
  "complexity": {
    "cc_max": 107,
    "cc_ratings": {
      "A": 15,
      "B": 2,
      "C": 1,
      "D": 0,
      "E": 1,
      "F": 1
    },
    "cc_sum": 191,
    "mi_min": 23.957400092248626,
    "mi_ratings": {
      "A": 2,
      "B": 0,
      "C": 0
    },
    "mi_sum": 62.19270098731958,
    "num_complex": 3
  },
  "file_count": 2,
  "functions": {
    "cc_concentration": 0.743455497382199,
    "cc_extreme_count": 2,
    "cc_high_count": 3,
    "cc_max": 107,
    "cc_mean": 11.235294117647058,
    "cc_normalized": 0.3117821605767386,
    "cc_std": 25.866313546205,
    "cc_sum": 191,
    "cc_top20": 0.8324607329842932,
    "count": 17,
    "depth_max": 5,
    "extreme_cc_mean": 70.0,
    "high_cc_mean": 50.666666666666664,
    "lines_mean": 55.76470588235294,
    "lines_sum": 948
  },
  "graph": {
    "cyclic_dependency_mass": 0.0,
    "dependency_entropy": 0.08723858539121573,
    "edge_count": 15,
    "node_count": 15,
    "propagation_cost": 0.1
  },
  "lines": {
    "comments": 95,
    "loc": 757,
    "multi_comment": 0,
    "single_comment": 103,
    "total_lines": 1024
  },
  "lint": {
    "counts": {
      "ARG001": 1,
      "B904": 1,
      "BLE001": 14,
      "C901": 2,
      "DOC201": 13,
      "DOC501": 4,
      "E712": 18,
      "EM101": 3,
      "EM102": 2,
      "EXE001": 2,
      "F401": 1,
      "F541": 2,
      "F841": 2,
      "PERF401": 1,
      "PLC1901": 2,
      "PLR0911": 2,
      "PLR0912": 2,
      "PLR0914": 2,
      "PLR0915": 2,
      "PLR2004": 45,
      "PLR6201": 1,
      "PT018": 1,
      "RET503": 1,
      "RUF010": 1,
      "RUF013": 1,
      "RUF059": 1,
      "S101": 89,
      "S310": 1,
      "S324": 1,
      "S404": 1,
      "S603": 7,
      "SIM118": 1,
      "TRY002": 1,
      "TRY003": 5,
      "TRY203": 1,
      "TRY300": 1,
      "TRY301": 2
    },
    "errors": 237,
    "fixable": 6
  },
  "redundancy": {
    "clone_lines": 38,
    "clone_ratio_sum": 0.1091063304803763,
    "cloned_sloc_lines": 38,
    "files_with_clones": 2
  },
  "source_files": [],
  "symbols": {
    "classes": 0,
    "expressions": 750,
    "expressions_top_level": 34,
    "functions": 17,
    "globals": 3,
    "imports": 18,
    "max_imports": 12,
    "methods": 0,
    "statements": 211,
    "total": 20,
    "type_aliases": 0,
    "variables": 3
  },
  "verbosity_flagged_sloc_lines": 38,
  "waste": {
    "single_use_functions": 13,
    "trivial_wrappers": 0,
    "unused_variables": 6
  }
}