{
  "ast_grep": {
    "category_counts": {},
    "category_weighted": {},
    "counts": {},
    "rules_checked": 355,
    "violation_lines": 0,
    "violations": 0,
    "weighted": 0
  },
  "classes": {
    "attribute_counts_mean": 0.0,
    "attribute_counts_sum": 0,
    "count": 1,
    "method_counts_mean": 4.0,
    "method_counts_sum": 4
  },
  "complexity": {
    "cc_max": 28,
    "cc_ratings": {
      "A": 62,
      "B": 9,
      "C": 7,
      "D": 2,
      "E": 0,
      "F": 0
    },
    "cc_sum": 348,
    "mi_min": 0.0,
    "mi_ratings": {
      "A": 0,
      "B": 1,
      "C": 1
    },
    "mi_sum": 16.922199874540887,
    "num_complex": 9
  },
  "file_count": 2,
  "functions": {
    "cc_concentration": 0.48876308114599415,
    "cc_extreme_count": 0,
    "cc_high_count": 9,
    "cc_max": 28,
    "cc_mean": 5.1940298507462686,
    "cc_normalized": 0.016953372408188106,
    "cc_std": 5.535666191246869,
    "cc_sum": 348,
    "cc_top20": 0.5603448275862069,
    "count": 67,
    "depth_max": 4,
    "extreme_cc_mean": 0.0,
    "high_cc_mean": 17.0,
    "lines_mean": 20.074626865671643,
    "lines_sum": 1345
  },
  "graph": {
    "cyclic_dependency_mass": 0.0,
    "dependency_entropy": 0.36799502915915844,
    "edge_count": 60,
    "node_count": 36,
    "propagation_cost": 0.11031746031746031
  },
  "lines": {
    "comments": 19,
    "loc": 1222,
    "multi_comment": 5,
    "single_comment": 56,
    "total_lines": 1519
  },
  "lint": {
    "counts": {
      "B007": 1,
      "B904": 2,
      "BLE001": 3,
      "C901": 6,
      "DOC201": 34,
      "DOC501": 4,
      "EM101": 13,
      "ERA001": 1,
      "EXE001": 2,
      "F401": 1,
      "F541": 1,
      "FBT002": 1,
      "FURB101": 1,
      "PERF102": 2,
      "PERF203": 1,
      "PLC0415": 1,
      "PLC1901": 2,
      "PLR0911": 2,
      "PLR0912": 3,
      "PLR0913": 2,
      "PLR0914": 1,
      "PLR0915": 1,
      "PLR0917": 2,
      "PLR1733": 1,
      "PLR2004": 13,
      "PLR6201": 2,
      "PLW0602": 1,
      "PLW0603": 15,
      "PLW1510": 3,
      "PLW1514": 1,
      "PTH108": 26,
      "PTH113": 2,
      "PTH123": 2,
      "RET503": 1,
      "RUF005": 1,
      "RUF015": 3,
      "RUF059": 6,
      "S105": 1,
      "S404": 1,
      "S603": 6,
      "SIM115": 1,
      "TRY003": 13,
      "UP015": 2,
      "UP031": 34
    },
    "errors": 222,
    "fixable": 39
  },
  "redundancy": {
    "clone_lines": 150,
    "clone_ratio_sum": 0.23910108257703264,
    "cloned_sloc_lines": 150,
    "files_with_clones": 2
  },
  "source_files": [],
  "symbols": {
    "classes": 1,
    "expressions": 1184,
    "expressions_top_level": 17,
    "functions": 63,
    "globals": 12,
    "imports": 16,
    "max_imports": 9,
    "methods": 4,
    "statements": 405,
    "total": 80,
    "type_aliases": 0,
    "variables": 12
  },
  "verbosity_flagged_sloc_lines": 150,
  "waste": {
    "single_use_functions": 52,
    "trivial_wrappers": 0,
    "unused_variables": 19
  }
}