{
  "ast_grep": {
    "category_counts": {},
    "category_weighted": {},
    "counts": {},
    "rules_checked": 355,
    "violation_lines": 0,
    "violations": 0,
    "weighted": 0
  },
  "classes": {
    "attribute_counts_mean": 0.14285714285714285,
    "attribute_counts_sum": 1,
    "count": 7,
    "method_counts_mean": 1.0,
    "method_counts_sum": 7
  },
  "complexity": {
    "cc_max": 21,
    "cc_ratings": {
      "A": 135,
      "B": 8,
      "C": 6,
      "D": 1,
      "E": 0,
      "F": 0
    },
    "cc_sum": 253,
    "mi_min": 3.4946125839757207,
    "mi_ratings": {
      "A": 9,
      "B": 0,
      "C": 1
    },
    "mi_sum": 568.9682137556135,
    "num_complex": 7
  },
  "file_count": 10,
  "functions": {
    "cc_concentration": 0.5276409414340448,
    "cc_extreme_count": 0,
    "cc_high_count": 7,
    "cc_max": 21,
    "cc_mean": 4.344827586206897,
    "cc_normalized": 0.022546445478776305,
    "cc_std": 4.968503336855925,
    "cc_sum": 252,
    "cc_top20": 0.6031746031746031,
    "count": 58,
    "depth_max": 4,
    "extreme_cc_mean": 0.0,
    "high_cc_mean": 16.0,
    "lines_mean": 23.29310344827586,
    "lines_sum": 1351
  },
  "graph": {
    "cyclic_dependency_mass": 0.0,
    "dependency_entropy": 0.15625,
    "edge_count": 28,
    "node_count": 32,
    "propagation_cost": 0.05040322580645161
  },
  "lines": {
    "comments": 189,
    "loc": 1585,
    "multi_comment": 0,
    "single_comment": 204,
    "total_lines": 2220
  },
  "lint": {
    "counts": {
      "ARG001": 3,
      "B006": 1,
      "B904": 6,
      "BLE001": 3,
      "C901": 3,
      "DOC201": 14,
      "DOC501": 2,
      "E712": 46,
      "EM101": 7,
      "EM102": 9,
      "ERA001": 2,
      "EXE001": 8,
      "F401": 9,
      "F541": 18,
      "F821": 1,
      "FBT002": 2,
      "FBT003": 2,
      "FURB110": 1,
      "FURB118": 1,
      "FURB171": 4,
      "INP001": 2,
      "PIE810": 1,
      "PLC0415": 8,
      "PLC1901": 4,
      "PLR0124": 1,
      "PLR0911": 1,
      "PLR0912": 2,
      "PLR0915": 4,
      "PLR1714": 1,
      "PLR2004": 147,
      "PLR6201": 9,
      "PLW0603": 7,
      "PLW0604": 1,
      "PLW1514": 2,
      "PTH108": 2,
      "PTH123": 3,
      "S113": 69,
      "S324": 2,
      "S404": 4,
      "S602": 2,
      "S603": 2,
      "S607": 5,
      "TRY003": 16,
      "TRY300": 4,
      "TRY301": 5
    },
    "errors": 446,
    "fixable": 30
  },
  "redundancy": {
    "clone_lines": 36,
    "clone_ratio_sum": 0.19404255319148936,
    "cloned_sloc_lines": 36,
    "files_with_clones": 10
  },
  "source_files": [],
  "symbols": {
    "classes": 7,
    "expressions": 1781,
    "expressions_top_level": 55,
    "functions": 51,
    "globals": 85,
    "imports": 72,
    "max_imports": 16,
    "methods": 7,
    "statements": 355,
    "total": 150,
    "type_aliases": 0,
    "variables": 85
  },
  "verbosity_flagged_sloc_lines": 36,
  "waste": {
    "single_use_functions": 32,
    "trivial_wrappers": 0,
    "unused_variables": 34
  }
}