{
  "ast_grep": {
    "category_counts": {},
    "category_weighted": {},
    "counts": {},
    "rules_checked": 355,
    "violation_lines": 0,
    "violations": 0,
    "weighted": 0
  },
  "classes": {
    "attribute_counts_mean": 4.013820335636723,
    "attribute_counts_sum": 4066,
    "count": 1013,
    "method_counts_mean": 3.8627838104639682,
    "method_counts_sum": 3913
  },
  "complexity": {
    "cc_max": 251,
    "cc_ratings": {
      "A": 6065,
      "B": 611,
      "C": 300,
      "D": 62,
      "E": 33,
      "F": 62
    },
    "cc_sum": 25367,
    "mi_min": 0.0,
    "mi_ratings": {
      "A": 272,
      "B": 15,
      "C": 13
    },
    "mi_sum": 16037.761472482012,
    "num_complex": 457
  },
  "file_count": 300,
  "functions": {
    "cc_concentration": 0.5054137996280658,
    "cc_extreme_count": 15,
    "cc_high_count": 275,
    "cc_max": 150,
    "cc_mean": 3.3474314407106993,
    "cc_normalized": 0.0003926093139377115,
    "cc_std": 4.772797549989878,
    "cc_sum": 17333,
    "cc_top20": 0.5717417642646974,
    "count": 5178,
    "depth_max": 7,
    "extreme_cc_mean": 50.733333333333334,
    "high_cc_mean": 17.69818181818182,
    "lines_mean": 16.42893008883739,
    "lines_sum": 85069
  },
  "graph": {
    "cyclic_dependency_mass": 0.0,
    "dependency_entropy": 0.3616263426931793,
    "edge_count": 38,
    "node_count": 19,
    "propagation_cost": 0.11403508771929824
  },
  "lines": {
    "comments": 8000,
    "loc": 88802,
    "multi_comment": 19536,
    "single_comment": 7724,
    "total_lines": 137844
  },
  "lint": {
    "counts": {
      "A001": 41,
      "A002": 95,
      "A003": 3,
      "A004": 11,
      "ANN401": 886,
      "ARG001": 34,
      "ARG002": 198,
      "ARG003": 2,
      "ARG004": 1,
      "ARG005": 5,
      "ASYNC240": 6,
      "B010": 6,
      "B018": 4,
      "B028": 16,
      "B901": 1,
      "B903": 1,
      "B904": 119,
      "B905": 5,
      "BLE001": 133,
      "C400": 1,
      "C401": 1,
      "C402": 1,
      "C408": 4,
      "C414": 1,
      "C416": 3,
      "C901": 188,
      "COM819": 2,
      "DOC201": 1360,
      "DOC402": 69,
      "DOC403": 2,
      "DOC501": 442,
      "DOC502": 16,
      "DTZ005": 12,
      "DTZ006": 2,
      "DTZ007": 1,
      "DTZ011": 1,
      "E712": 22,
      "E713": 1,
      "E721": 1,
      "E722": 2,
      "EM101": 425,
      "EM102": 325,
      "EM103": 3,
      "ERA001": 35,
      "EXE001": 4,
      "F401": 39,
      "F541": 1,
      "F811": 1,
      "F841": 1,
      "FBT001": 610,
      "FBT002": 465,
      "FBT003": 79,
      "FIX001": 5,
      "FIX002": 32,
      "FIX003": 6,
      "FLY002": 4,
      "FURB101": 8,
      "FURB103": 5,
      "FURB110": 6,
      "FURB113": 21,
      "FURB116": 2,
      "FURB118": 14,
      "FURB131": 3,
      "FURB142": 3,
      "FURB145": 1,
      "FURB154": 5,
      "FURB167": 10,
      "FURB171": 1,
      "FURB180": 1,
      "FURB188": 2,
      "FURB189": 7,
      "G001": 7,
      "G003": 1,
      "G004": 5,
      "G201": 1,
      "INP001": 3,
      "ISC001": 1,
      "ISC002": 1,
      "ISC003": 1,
      "LOG004": 3,
      "N801": 10,
      "N802": 79,
      "N803": 2,
      "N805": 22,
      "N806": 16,
      "N812": 4,
      "N813": 2,
      "N815": 19,
      "N816": 3,
      "N818": 78,
      "PERF102": 3,
      "PERF203": 30,
      "PERF401": 13,
      "PERF402": 2,
      "PERF403": 1,
      "PGH003": 246,
      "PGH004": 7,
      "PIE790": 4,
      "PIE796": 1,
      "PIE808": 2,
      "PIE810": 4,
      "PLC0206": 1,
      "PLC0414": 6,
      "PLC0415": 240,
      "PLC1802": 2,
      "PLC1901": 14,
      "PLC2701": 3,
      "PLC2801": 16,
      "PLE0704": 4,
      "PLR0904": 22,
      "PLR0911": 27,
      "PLR0912": 119,
      "PLR0913": 129,
      "PLR0914": 15,
      "PLR0915": 48,
      "PLR0916": 9,
      "PLR0917": 108,
      "PLR1702": 19,
      "PLR1704": 4,
      "PLR1714": 6,
      "PLR1730": 2,
      "PLR2004": 291,
      "PLR5501": 14,
      "PLR6104": 2,
      "PLR6201": 112,
      "PLR6301": 182,
      "PLW0108": 3,
      "PLW0120": 1,
      "PLW0127": 5,
      "PLW0602": 2,
      "PLW0603": 38,
      "PLW1508": 3,
      "PLW1510": 1,
      "PLW1514": 12,
      "PLW1641": 7,
      "PLW2901": 101,
      "PLW3201": 4,
      "PT017": 1,
      "PT018": 2,
      "PTH100": 20,
      "PTH101": 6,
      "PTH102": 1,
      "PTH103": 2,
      "PTH104": 1,
      "PTH105": 3,
      "PTH106": 1,
      "PTH107": 4,
      "PTH108": 16,
      "PTH109": 10,
      "PTH110": 36,
      "PTH111": 15,
      "PTH112": 11,
      "PTH113": 15,
      "PTH116": 8,
      "PTH117": 4,
      "PTH118": 43,
      "PTH119": 17,
      "PTH120": 25,
      "PTH122": 8,
      "PTH123": 43,
      "PTH202": 2,
      "PTH203": 1,
      "PTH204": 9,
      "PTH207": 1,
      "PTH208": 3,
      "PYI032": 5,
      "PYI034": 16,
      "PYI036": 6,
      "PYI041": 9,
      "PYI055": 2,
      "PYI059": 2,
      "PYI063": 9,
      "PYI066": 2,
      "Q001": 1,
      "RET501": 7,
      "RET502": 11,
      "RET503": 10,
      "RET504": 17,
      "RET505": 118,
      "RET506": 23,
      "RET507": 6,
      "RET508": 4,
      "RSE102": 104,
      "RUF001": 410,
      "RUF002": 18,
      "RUF005": 17,
      "RUF010": 2,
      "RUF012": 127,
      "RUF013": 9,
      "RUF021": 9,
      "RUF022": 17,
      "RUF023": 24,
      "RUF029": 5,
      "RUF031": 1,
      "RUF034": 3,
      "RUF036": 48,
      "RUF039": 10,
      "RUF047": 1,
      "RUF052": 18,
      "RUF059": 7,
      "RUF064": 1,
      "RUF065": 7,
      "RUF100": 39,
      "RUF102": 4,
      "S101": 228,
      "S102": 5,
      "S104": 4,
      "S105": 15,
      "S110": 47,
      "S113": 59,
      "S301": 1,
      "S302": 1,
      "S307": 1,
      "S311": 10,
      "S324": 9,
      "S403": 1,
      "S404": 12,
      "S603": 12,
      "S606": 2,
      "S607": 2,
      "S704": 21,
      "SIM101": 3,
      "SIM102": 33,
      "SIM103": 10,
      "SIM105": 75,
      "SIM108": 49,
      "SIM110": 7,
      "SIM114": 7,
      "SIM115": 14,
      "SIM117": 1,
      "SIM118": 3,
      "SIM905": 5,
      "SIM910": 2,
      "SLF001": 222,
      "SLOT002": 1,
      "T100": 1,
      "TC001": 32,
      "TC002": 3,
      "TC003": 65,
      "TC006": 90,
      "TD001": 11,
      "TD002": 42,
      "TD003": 40,
      "TD004": 15,
      "TD006": 1,
      "TRY003": 718,
      "TRY004": 13,
      "TRY201": 3,
      "TRY300": 25,
      "TRY301": 11,
      "TRY400": 21,
      "TRY401": 6,
      "UP006": 291,
      "UP007": 143,
      "UP009": 6,
      "UP011": 2,
      "UP024": 10,
      "UP030": 10,
      "UP031": 175,
      "UP032": 21,
      "UP035": 24,
      "UP036": 5,
      "UP041": 10,
      "UP045": 335
    },
    "errors": 12394,
    "fixable": 1524
  },
  "redundancy": {
    "clone_lines": 4098,
    "clone_ratio_sum": 13.215680114927585,
    "cloned_sloc_lines": 3205,
    "files_with_clones": 300
  },
  "source_files": [],
  "symbols": {
    "classes": 1013,
    "expressions": 121405,
    "expressions_top_level": 1668,
    "functions": 1265,
    "globals": 942,
    "imports": 3151,
    "max_imports": 71,
    "methods": 3913,
    "statements": 28418,
    "total": 7133,
    "type_aliases": 0,
    "variables": 942
  },
  "verbosity_flagged_sloc_lines": 3205,
  "waste": {
    "single_use_functions": 1002,
    "trivial_wrappers": 13,
    "unused_variables": 2558
  }
}