{
  "ast_grep": {
    "category_counts": {},
    "category_weighted": {},
    "counts": {},
    "rules_checked": 355,
    "violation_lines": 0,
    "violations": 0,
    "weighted": 0
  },
  "classes": {
    "attribute_counts_mean": 13.0,
    "attribute_counts_sum": 13,
    "count": 1,
    "method_counts_mean": 17.0,
    "method_counts_sum": 17
  },
  "complexity": {
    "cc_max": 114,
    "cc_ratings": {
      "A": 27,
      "B": 7,
      "C": 3,
      "D": 1,
      "E": 0,
      "F": 2
    },
    "cc_sum": 348,
    "mi_min": 0.0,
    "mi_ratings": {
      "A": 0,
      "B": 0,
      "C": 1
    },
    "mi_sum": 0.0,
    "num_complex": 6
  },
  "file_count": 1,
  "functions": {
    "cc_concentration": 0.6259786476868328,
    "cc_extreme_count": 1,
    "cc_high_count": 5,
    "cc_max": 114,
    "cc_mean": 9.366666666666667,
    "cc_normalized": 0.1585108143740974,
    "cc_std": 20.42561497547716,
    "cc_sum": 281,
    "cc_top20": 0.6797153024911032,
    "count": 30,
    "depth_max": 6,
    "extreme_cc_mean": 114.0,
    "high_cc_mean": 36.4,
    "lines_mean": 39.333333333333336,
    "lines_sum": 1180
  },
  "graph": {
    "cyclic_dependency_mass": 0.0,
    "dependency_entropy": 0.11248880636344648,
    "edge_count": 23,
    "node_count": 30,
    "propagation_cost": 0.0367816091954023
  },
  "lines": {
    "comments": 92,
    "loc": 1005,
    "multi_comment": 21,
    "single_comment": 87,
    "total_lines": 1274
  },
  "lint": {
    "counts": {
      "ARG001": 1,
      "ARG002": 1,
      "B007": 2,
      "C901": 5,
      "DOC201": 6,
      "DOC501": 2,
      "EM102": 11,
      "EXE001": 1,
      "F821": 9,
      "F841": 7,
      "FBT002": 1,
      "FURB113": 10,
      "FURB118": 2,
      "N803": 1,
      "N806": 2,
      "PERF102": 1,
      "PERF401": 3,
      "PIE808": 1,
      "PLR0912": 4,
      "PLR0913": 1,
      "PLR0914": 4,
      "PLR0915": 4,
      "PLR0917": 1,
      "PLR1702": 2,
      "PLR2004": 9,
      "PLR5501": 2,
      "PLR6104": 3,
      "PLR6201": 2,
      "PLW2901": 2,
      "PTH123": 7,
      "RET505": 1,
      "RET508": 1,
      "RUF005": 2,
      "RUF013": 2,
      "RUF031": 1,
      "RUF059": 3,
      "SIM102": 1,
      "SIM108": 2,
      "SIM114": 1,
      "SIM118": 1,
      "SIM300": 3,
      "TRY003": 11,
      "UP015": 3
    },
    "errors": 139,
    "fixable": 20
  },
  "redundancy": {
    "clone_lines": 77,
    "clone_ratio_sum": 0.0736318407960199,
    "cloned_sloc_lines": 72,
    "files_with_clones": 1
  },
  "source_files": [],
  "symbols": {
    "classes": 1,
    "expressions": 1720,
    "expressions_top_level": 38,
    "functions": 13,
    "globals": 9,
    "imports": 8,
    "max_imports": 8,
    "methods": 17,
    "statements": 363,
    "total": 40,
    "type_aliases": 0,
    "variables": 9
  },
  "verbosity_flagged_sloc_lines": 72,
  "waste": {
    "single_use_functions": 7,
    "trivial_wrappers": 0,
    "unused_variables": 33
  }
}