{
  "ast_grep": {
    "category_counts": {},
    "category_weighted": {},
    "counts": {},
    "rules_checked": 355,
    "violation_lines": 0,
    "violations": 0,
    "weighted": 0
  },
  "classes": {
    "attribute_counts_mean": 1.5,
    "attribute_counts_sum": 3,
    "count": 2,
    "method_counts_mean": 6.5,
    "method_counts_sum": 13
  },
  "complexity": {
    "cc_max": 33,
    "cc_ratings": {
      "A": 51,
      "B": 4,
      "C": 3,
      "D": 0,
      "E": 2,
      "F": 0
    },
    "cc_sum": 228,
    "mi_min": 17.711282115789,
    "mi_ratings": {
      "A": 10,
      "B": 1,
      "C": 0
    },
    "mi_sum": 742.565301592234,
    "num_complex": 5
  },
  "file_count": 11,
  "functions": {
    "cc_concentration": 0.5796703296703297,
    "cc_extreme_count": 2,
    "cc_high_count": 4,
    "cc_max": 33,
    "cc_mean": 4.244897959183674,
    "cc_normalized": 0.049717047275641024,
    "cc_std": 6.6254893286109375,
    "cc_sum": 208,
    "cc_top20": 0.6442307692307693,
    "count": 49,
    "depth_max": 7,
    "extreme_cc_mean": 32.0,
    "high_cc_mean": 23.75,
    "lines_mean": 22.653061224489797,
    "lines_sum": 1110
  },
  "graph": {
    "cyclic_dependency_mass": 0.0,
    "dependency_entropy": 0.24505237078537512,
    "edge_count": 24,
    "node_count": 24,
    "propagation_cost": 0.1286231884057971
  },
  "lines": {
    "comments": 124,
    "loc": 960,
    "multi_comment": 22,
    "single_comment": 140,
    "total_lines": 1371
  },
  "lint": {
    "counts": {
      "ARG001": 2,
      "ARG002": 1,
      "C901": 4,
      "DOC201": 20,
      "DOC501": 2,
      "EM101": 1,
      "EM102": 21,
      "ERA001": 1,
      "EXE001": 1,
      "F401": 1,
      "F821": 1,
      "F822": 19,
      "F841": 2,
      "FURB101": 2,
      "FURB103": 1,
      "INP001": 2,
      "PERF401": 6,
      "PLR0912": 4,
      "PLR0913": 1,
      "PLR0914": 1,
      "PLR0915": 1,
      "PLR0917": 1,
      "PLR1702": 3,
      "PLR5501": 1,
      "PLR6201": 3,
      "PLR6301": 5,
      "PTH123": 5,
      "RET507": 1,
      "RUF005": 7,
      "RUF012": 1,
      "RUF022": 8,
      "RUF059": 1,
      "SIM102": 1,
      "TRY003": 22,
      "TRY004": 2,
      "UP015": 3
    },
    "errors": 158,
    "fixable": 22
  },
  "redundancy": {
    "clone_lines": 9,
    "clone_ratio_sum": 0.012145748987854251,
    "cloned_sloc_lines": 9,
    "files_with_clones": 11
  },
  "source_files": [],
  "symbols": {
    "classes": 2,
    "expressions": 1059,
    "expressions_top_level": 12,
    "functions": 36,
    "globals": 9,
    "imports": 31,
    "max_imports": 15,
    "methods": 13,
    "statements": 288,
    "total": 60,
    "type_aliases": 0,
    "variables": 9
  },
  "verbosity_flagged_sloc_lines": 9,
  "waste": {
    "single_use_functions": 29,
    "trivial_wrappers": 7,
    "unused_variables": 18
  }
}