{
  "ast_grep": {
    "category_counts": {},
    "category_weighted": {},
    "counts": {},
    "rules_checked": 355,
    "violation_lines": 0,
    "violations": 0,
    "weighted": 0
  },
  "classes": {
    "attribute_counts_mean": 5.666666666666667,
    "attribute_counts_sum": 17,
    "count": 3,
    "method_counts_mean": 0.0,
    "method_counts_sum": 0
  },
  "complexity": {
    "cc_max": 29,
    "cc_ratings": {
      "A": 8,
      "B": 2,
      "C": 4,
      "D": 2,
      "E": 0,
      "F": 0
    },
    "cc_sum": 143,
    "mi_min": 17.853580933039716,
    "mi_ratings": {
      "A": 0,
      "B": 1,
      "C": 0
    },
    "mi_sum": 17.853580933039716,
    "num_complex": 6
  },
  "file_count": 1,
  "functions": {
    "cc_concentration": 0.3991841491841492,
    "cc_extreme_count": 0,
    "cc_high_count": 6,
    "cc_max": 29,
    "cc_mean": 11.916666666666666,
    "cc_normalized": 0.04550122477649497,
    "cc_std": 8.805559538602802,
    "cc_sum": 143,
    "cc_top20": 0.4965034965034965,
    "count": 12,
    "depth_max": 7,
    "extreme_cc_mean": 0.0,
    "high_cc_mean": 19.0,
    "lines_mean": 71.58333333333333,
    "lines_sum": 859
  },
  "graph": {
    "cyclic_dependency_mass": 0.0,
    "dependency_entropy": 0.0808103249890206,
    "edge_count": 8,
    "node_count": 12,
    "propagation_cost": 0.07575757575757576
  },
  "lines": {
    "comments": 82,
    "loc": 717,
    "multi_comment": 17,
    "single_comment": 73,
    "total_lines": 945
  },
  "lint": {
    "counts": {
      "ANN401": 2,
      "ARG001": 2,
      "B007": 1,
      "B905": 1,
      "C901": 6,
      "DOC201": 7,
      "E722": 2,
      "EM101": 1,
      "EM102": 2,
      "EXE001": 1,
      "F401": 1,
      "F541": 13,
      "F841": 3,
      "PERF401": 1,
      "PLC1901": 3,
      "PLR0911": 2,
      "PLR0912": 4,
      "PLR0914": 2,
      "PLR0915": 2,
      "PLR1702": 2,
      "PLR2004": 1,
      "PLW1514": 2,
      "Q001": 3,
      "Q004": 1,
      "RET505": 5,
      "RET507": 1,
      "RUF059": 1,
      "S110": 2,
      "SIM114": 2,
      "SIM116": 1,
      "TRY003": 3,
      "TRY300": 1,
      "UP006": 11,
      "UP007": 1,
      "UP035": 4,
      "UP045": 1
    },
    "errors": 98,
    "fixable": 39
  },
  "redundancy": {
    "clone_lines": 15,
    "clone_ratio_sum": 0.02092050209205021,
    "cloned_sloc_lines": 15,
    "files_with_clones": 1
  },
  "source_files": [],
  "symbols": {
    "classes": 3,
    "expressions": 558,
    "expressions_top_level": 12,
    "functions": 12,
    "globals": 1,
    "imports": 8,
    "max_imports": 8,
    "methods": 0,
    "statements": 136,
    "total": 16,
    "type_aliases": 0,
    "variables": 1
  },
  "verbosity_flagged_sloc_lines": 15,
  "waste": {
    "single_use_functions": 10,
    "trivial_wrappers": 0,
    "unused_variables": 6
  }
}