{
  "ast_grep": {
    "category_counts": {},
    "category_weighted": {},
    "counts": {},
    "rules_checked": 355,
    "violation_lines": 0,
    "violations": 0,
    "weighted": 0
  },
  "classes": {
    "attribute_counts_mean": 2.8,
    "attribute_counts_sum": 14,
    "count": 5,
    "method_counts_mean": 8.6,
    "method_counts_sum": 43
  },
  "complexity": {
    "cc_max": 101,
    "cc_ratings": {
      "A": 30,
      "B": 12,
      "C": 6,
      "D": 2,
      "E": 0,
      "F": 2
    },
    "cc_sum": 481,
    "mi_min": 0.0,
    "mi_ratings": {
      "A": 0,
      "B": 0,
      "C": 1
    },
    "mi_sum": 0.0,
    "num_complex": 10
  },
  "file_count": 1,
  "functions": {
    "cc_concentration": 0.4297872340425532,
    "cc_extreme_count": 0,
    "cc_high_count": 7,
    "cc_max": 22,
    "cc_mean": 5.74468085106383,
    "cc_normalized": 0.014309059462038526,
    "cc_std": 4.711078917810944,
    "cc_sum": 270,
    "cc_top20": 0.48148148148148145,
    "count": 47,
    "depth_max": 5,
    "extreme_cc_mean": 0.0,
    "high_cc_mean": 14.285714285714286,
    "lines_mean": 23.95744680851064,
    "lines_sum": 1126
  },
  "graph": {
    "cyclic_dependency_mass": 0.05263157894736842,
    "dependency_entropy": 0.35933115921883974,
    "edge_count": 78,
    "node_count": 47,
    "propagation_cost": 0.07400555041628122
  },
  "lines": {
    "comments": 98,
    "loc": 867,
    "multi_comment": 25,
    "single_comment": 132,
    "total_lines": 1235
  },
  "lint": {
    "counts": {
      "ARG002": 3,
      "B007": 5,
      "BLE001": 5,
      "C901": 6,
      "DOC201": 41,
      "DOC501": 16,
      "EM101": 7,
      "EM102": 17,
      "EXE001": 1,
      "FBT001": 1,
      "FBT002": 1,
      "FURB101": 1,
      "FURB110": 1,
      "FURB148": 1,
      "PD011": 1,
      "PD015": 4,
      "PERF102": 3,
      "PERF203": 2,
      "PIE790": 1,
      "PLC0415": 1,
      "PLR0911": 2,
      "PLR0912": 4,
      "PLR0915": 1,
      "PLR6201": 7,
      "PLR6301": 6,
      "PLW1514": 1,
      "PTH113": 1,
      "PTH123": 2,
      "RET504": 1,
      "RET505": 5,
      "RET506": 1,
      "RUF005": 1,
      "RUF012": 5,
      "RUF015": 1,
      "SIM102": 1,
      "SIM108": 1,
      "SLF001": 1,
      "TRY003": 24,
      "TRY301": 1,
      "UP006": 8,
      "UP015": 2,
      "UP035": 3,
      "UP045": 6
    },
    "errors": 203,
    "fixable": 27
  },
  "redundancy": {
    "clone_lines": 100,
    "clone_ratio_sum": 0.11072664359861592,
    "cloned_sloc_lines": 92,
    "files_with_clones": 1
  },
  "source_files": [],
  "symbols": {
    "classes": 5,
    "expressions": 2488,
    "expressions_top_level": 10,
    "functions": 4,
    "globals": 0,
    "imports": 10,
    "max_imports": 10,
    "methods": 43,
    "statements": 569,
    "total": 52,
    "type_aliases": 0,
    "variables": 0
  },
  "verbosity_flagged_sloc_lines": 92,
  "waste": {
    "single_use_functions": 4,
    "trivial_wrappers": 0,
    "unused_variables": 12
  }
}