{
  "ast_grep": {
    "category_counts": {},
    "category_weighted": {},
    "counts": {},
    "rules_checked": 355,
    "violation_lines": 0,
    "violations": 0,
    "weighted": 0
  },
  "classes": {
    "attribute_counts_mean": 4.12,
    "attribute_counts_sum": 103,
    "count": 25,
    "method_counts_mean": 0.6,
    "method_counts_sum": 15
  },
  "complexity": {
    "cc_max": 40,
    "cc_ratings": {
      "A": 56,
      "B": 18,
      "C": 22,
      "D": 12,
      "E": 2,
      "F": 0
    },
    "cc_sum": 882,
    "mi_min": 0.0,
    "mi_ratings": {
      "A": 3,
      "B": 0,
      "C": 3
    },
    "mi_sum": 192.99612786288665,
    "num_complex": 36
  },
  "file_count": 6,
  "functions": {
    "cc_concentration": 0.41827844311377244,
    "cc_extreme_count": 1,
    "cc_high_count": 35,
    "cc_max": 36,
    "cc_mean": 10.4375,
    "cc_normalized": 0.007107652352386109,
    "cc_std": 7.8705407306236,
    "cc_sum": 835,
    "cc_top20": 0.43353293413173655,
    "count": 80,
    "depth_max": 7,
    "extreme_cc_mean": 36.0,
    "high_cc_mean": 18.0,
    "lines_mean": 53.9,
    "lines_sum": 4312
  },
  "graph": {
    "cyclic_dependency_mass": 0.0,
    "dependency_entropy": 0.20893283683517092,
    "edge_count": 17,
    "node_count": 19,
    "propagation_cost": 0.07309941520467836
  },
  "lines": {
    "comments": 197,
    "loc": 3928,
    "multi_comment": 12,
    "single_comment": 218,
    "total_lines": 4865
  },
  "lint": {
    "counts": {
      "ANN401": 4,
      "ARG001": 24,
      "ARG002": 1,
      "B007": 15,
      "B905": 31,
      "BLE001": 1,
      "C901": 20,
      "DOC201": 17,
      "EM102": 6,
      "EXE001": 4,
      "F401": 8,
      "F541": 1,
      "F821": 274,
      "F841": 14,
      "FURB113": 7,
      "FURB118": 3,
      "PERF203": 6,
      "PERF401": 2,
      "PLC1901": 4,
      "PLR0911": 5,
      "PLR0912": 15,
      "PLR0913": 5,
      "PLR0914": 4,
      "PLR0915": 4,
      "PLR0917": 5,
      "PLR1702": 4,
      "PLR1714": 1,
      "PLR2004": 29,
      "PLR6201": 2,
      "PLR6301": 1,
      "PLW1514": 2,
      "PLW2901": 4,
      "PTH110": 1,
      "PTH118": 1,
      "PTH123": 18,
      "Q001": 7,
      "RET505": 2,
      "RUF010": 10,
      "RUF013": 2,
      "RUF015": 3,
      "RUF027": 1,
      "RUF051": 1,
      "S324": 1,
      "SIM108": 5,
      "SIM118": 12,
      "TRY003": 6,
      "UP006": 93,
      "UP015": 17,
      "UP032": 1,
      "UP035": 7,
      "UP045": 26
    },
    "errors": 737,
    "fixable": 185
  },
  "redundancy": {
    "clone_lines": 519,
    "clone_ratio_sum": 0.7066957008739738,
    "cloned_sloc_lines": 517,
    "files_with_clones": 6
  },
  "source_files": [],
  "symbols": {
    "classes": 25,
    "expressions": 3022,
    "expressions_top_level": 51,
    "functions": 65,
    "globals": 5,
    "imports": 38,
    "max_imports": 11,
    "methods": 15,
    "statements": 935,
    "total": 110,
    "type_aliases": 0,
    "variables": 5
  },
  "verbosity_flagged_sloc_lines": 517,
  "waste": {
    "single_use_functions": 55,
    "trivial_wrappers": 0,
    "unused_variables": 30
  }
}