{
  "ast_grep": {
    "category_counts": {},
    "category_weighted": {},
    "counts": {},
    "rules_checked": 355,
    "violation_lines": 0,
    "violations": 0,
    "weighted": 0
  },
  "classes": {
    "attribute_counts_mean": 1.0,
    "attribute_counts_sum": 28,
    "count": 28,
    "method_counts_mean": 2.7142857142857144,
    "method_counts_sum": 76
  },
  "complexity": {
    "cc_max": 37,
    "cc_ratings": {
      "A": 108,
      "B": 8,
      "C": 15,
      "D": 2,
      "E": 1,
      "F": 0
    },
    "cc_sum": 502,
    "mi_min": 12.779095264761448,
    "mi_ratings": {
      "A": 6,
      "B": 1,
      "C": 0
    },
    "mi_sum": 350.599952035683,
    "num_complex": 18
  },
  "file_count": 7,
  "functions": {
    "cc_concentration": 0.6078187685330543,
    "cc_extreme_count": 1,
    "cc_high_count": 16,
    "cc_max": 37,
    "cc_mean": 4.240384615384615,
    "cc_normalized": 0.020855457814707535,
    "cc_std": 6.244990524152243,
    "cc_sum": 441,
    "cc_top20": 0.7097505668934241,
    "count": 104,
    "depth_max": 6,
    "extreme_cc_mean": 37.0,
    "high_cc_mean": 16.75,
    "lines_mean": 22.721153846153847,
    "lines_sum": 2363
  },
  "graph": {
    "cyclic_dependency_mass": 0.0,
    "dependency_entropy": 0.2750037369413923,
    "edge_count": 5,
    "node_count": 6,
    "propagation_cost": 0.23333333333333334
  },
  "lines": {
    "comments": 141,
    "loc": 1757,
    "multi_comment": 91,
    "single_comment": 227,
    "total_lines": 2548
  },
  "lint": {
    "counts": {
      "A002": 2,
      "ANN401": 7,
      "ARG001": 1,
      "ARG002": 5,
      "B903": 1,
      "B904": 32,
      "C901": 13,
      "DOC201": 33,
      "DOC501": 13,
      "E722": 1,
      "EM101": 10,
      "EM102": 79,
      "ERA001": 1,
      "EXE001": 4,
      "F401": 11,
      "F841": 1,
      "FBT001": 1,
      "FBT002": 1,
      "FURB101": 4,
      "FURB110": 4,
      "FURB142": 1,
      "FURB152": 1,
      "PERF403": 1,
      "PGH003": 3,
      "PIE790": 6,
      "PLC0415": 6,
      "PLC1901": 4,
      "PLR0911": 2,
      "PLR0912": 7,
      "PLR0913": 3,
      "PLR0914": 2,
      "PLR0915": 2,
      "PLR0917": 3,
      "PLR1702": 1,
      "PLR2004": 10,
      "PLR5501": 1,
      "PLR6201": 2,
      "PLR6301": 10,
      "PLW1514": 6,
      "PT009": 64,
      "PT027": 17,
      "PTH100": 1,
      "PTH120": 1,
      "PTH123": 6,
      "RET505": 10,
      "RET506": 1,
      "RET507": 2,
      "RUF012": 4,
      "RUF022": 1,
      "RUF023": 1,
      "S310": 10,
      "SIM102": 2,
      "SIM118": 1,
      "TRY003": 89,
      "TRY300": 6,
      "UP015": 5,
      "UP035": 1
    },
    "errors": 517,
    "fixable": 55
  },
  "redundancy": {
    "clone_lines": 303,
    "clone_ratio_sum": 0.6652300084416534,
    "cloned_sloc_lines": 272,
    "files_with_clones": 7
  },
  "source_files": [],
  "symbols": {
    "classes": 28,
    "expressions": 2373,
    "expressions_top_level": 88,
    "functions": 28,
    "globals": 2,
    "imports": 42,
    "max_imports": 11,
    "methods": 76,
    "statements": 663,
    "total": 134,
    "type_aliases": 0,
    "variables": 2
  },
  "verbosity_flagged_sloc_lines": 272,
  "waste": {
    "single_use_functions": 22,
    "trivial_wrappers": 0,
    "unused_variables": 10
  }
}