{
  "ast_grep": {
    "category_counts": {},
    "category_weighted": {},
    "counts": {},
    "rules_checked": 355,
    "violation_lines": 0,
    "violations": 0,
    "weighted": 0
  },
  "classes": {
    "attribute_counts_mean": 1.9565217391304348,
    "attribute_counts_sum": 90,
    "count": 46,
    "method_counts_mean": 1.065217391304348,
    "method_counts_sum": 49
  },
  "complexity": {
    "cc_max": 64,
    "cc_ratings": {
      "A": 97,
      "B": 10,
      "C": 11,
      "D": 0,
      "E": 4,
      "F": 2
    },
    "cc_sum": 629,
    "mi_min": 1.0943691412014849,
    "mi_ratings": {
      "A": 1,
      "B": 1,
      "C": 1
    },
    "mi_sum": 117.90475394346899,
    "num_complex": 17
  },
  "file_count": 3,
  "functions": {
    "cc_concentration": 0.4507042253521127,
    "cc_extreme_count": 1,
    "cc_high_count": 12,
    "cc_max": 33,
    "cc_mean": 5.732394366197183,
    "cc_normalized": 0.012380394689977,
    "cc_std": 5.374430857519103,
    "cc_sum": 407,
    "cc_top20": 0.5208845208845209,
    "count": 71,
    "depth_max": 4,
    "extreme_cc_mean": 33.0,
    "high_cc_mean": 15.25,
    "lines_mean": 22.12676056338028,
    "lines_sum": 1571
  },
  "graph": {
    "cyclic_dependency_mass": 0.01818181818181818,
    "dependency_entropy": 0.28072897882113784,
    "edge_count": 61,
    "node_count": 39,
    "propagation_cost": 0.08434547908232119
  },
  "lines": {
    "comments": 165,
    "loc": 1346,
    "multi_comment": 27,
    "single_comment": 226,
    "total_lines": 1982
  },
  "lint": {
    "counts": {
      "A001": 2,
      "BLE001": 4,
      "C901": 10,
      "DOC201": 34,
      "DOC501": 20,
      "EM101": 10,
      "EM102": 34,
      "EXE001": 3,
      "F401": 1,
      "F541": 2,
      "F841": 3,
      "FBT001": 6,
      "FBT002": 1,
      "FBT003": 4,
      "FURB101": 4,
      "FURB118": 7,
      "FURB145": 2,
      "PERF401": 1,
      "PIE790": 23,
      "PLC0206": 1,
      "PLR0911": 3,
      "PLR0912": 6,
      "PLR0913": 2,
      "PLR0914": 1,
      "PLR0915": 1,
      "PLR0917": 2,
      "PLR5501": 2,
      "PLR6201": 6,
      "PLW1514": 4,
      "PTH123": 4,
      "RET505": 9,
      "RUF005": 2,
      "SIM108": 2,
      "TRY003": 44,
      "TRY004": 1,
      "TRY300": 3,
      "UP006": 62,
      "UP015": 4,
      "UP035": 8,
      "UP045": 13
    },
    "errors": 351,
    "fixable": 126
  },
  "redundancy": {
    "clone_lines": 181,
    "clone_ratio_sum": 0.25533172554026573,
    "cloned_sloc_lines": 179,
    "files_with_clones": 3
  },
  "source_files": [],
  "symbols": {
    "classes": 46,
    "expressions": 2426,
    "expressions_top_level": 35,
    "functions": 22,
    "globals": 7,
    "imports": 12,
    "max_imports": 5,
    "methods": 49,
    "statements": 746,
    "total": 124,
    "type_aliases": 0,
    "variables": 7
  },
  "verbosity_flagged_sloc_lines": 179,
  "waste": {
    "single_use_functions": 14,
    "trivial_wrappers": 0,
    "unused_variables": 47
  }
}