{
  "ast_grep": {
    "category_counts": {},
    "category_weighted": {},
    "counts": {},
    "rules_checked": 355,
    "violation_lines": 0,
    "violations": 0,
    "weighted": 0
  },
  "classes": {
    "attribute_counts_mean": 2.8125,
    "attribute_counts_sum": 45,
    "count": 16,
    "method_counts_mean": 4.25,
    "method_counts_sum": 68
  },
  "complexity": {
    "cc_max": 40,
    "cc_ratings": {
      "A": 73,
      "B": 23,
      "C": 15,
      "D": 2,
      "E": 4,
      "F": 0
    },
    "cc_sum": 750,
    "mi_min": 0.0,
    "mi_ratings": {
      "A": 3,
      "B": 0,
      "C": 1
    },
    "mi_sum": 187.41631480699635,
    "num_complex": 21
  },
  "file_count": 4,
  "functions": {
    "cc_concentration": 0.44945220193340496,
    "cc_extreme_count": 0,
    "cc_high_count": 11,
    "cc_max": 28,
    "cc_mean": 5.157894736842105,
    "cc_normalized": 0.009313495263498365,
    "cc_std": 4.851662995158364,
    "cc_sum": 490,
    "cc_top20": 0.5020408163265306,
    "count": 95,
    "depth_max": 5,
    "extreme_cc_mean": 0.0,
    "high_cc_mean": 16.454545454545453,
    "lines_mean": 28.210526315789473,
    "lines_sum": 2680
  },
  "graph": {
    "cyclic_dependency_mass": 0.0,
    "dependency_entropy": 0.0,
    "edge_count": 0,
    "node_count": 0,
    "propagation_cost": 0.0
  },
  "lines": {
    "comments": 259,
    "loc": 2066,
    "multi_comment": 53,
    "single_comment": 342,
    "total_lines": 3031
  },
  "lint": {
    "counts": {
      "ARG002": 2,
      "B007": 2,
      "B904": 6,
      "B905": 4,
      "BLE001": 2,
      "C420": 3,
      "C901": 10,
      "DOC201": 56,
      "DOC501": 27,
      "E722": 1,
      "EM101": 21,
      "EM102": 16,
      "ERA001": 1,
      "EXE001": 4,
      "F541": 1,
      "F601": 1,
      "F811": 2,
      "F821": 1,
      "F841": 12,
      "FURB113": 2,
      "FURB148": 1,
      "PERF102": 1,
      "PERF401": 7,
      "PLR0904": 1,
      "PLR0911": 1,
      "PLR0912": 5,
      "PLR0914": 2,
      "PLR0915": 1,
      "PLR1722": 3,
      "PLR2004": 12,
      "PLR6301": 2,
      "PLW1510": 2,
      "PLW1514": 9,
      "PTH107": 11,
      "PTH110": 4,
      "PTH112": 1,
      "PTH118": 1,
      "PTH119": 1,
      "PTH123": 9,
      "PTH208": 1,
      "RET504": 1,
      "RET505": 3,
      "RUF005": 1,
      "RUF012": 1,
      "RUF013": 4,
      "RUF059": 6,
      "S110": 1,
      "S404": 2,
      "S603": 2,
      "S605": 2,
      "S607": 4,
      "S608": 12,
      "SIM102": 2,
      "SIM103": 2,
      "SIM118": 6,
      "SLF001": 1,
      "TRY003": 37,
      "TRY300": 1,
      "TRY301": 2,
      "UP015": 2,
      "UP032": 1
    },
    "errors": 342,
    "fixable": 37
  },
  "redundancy": {
    "clone_lines": 353,
    "clone_ratio_sum": 0.7007552803124781,
    "cloned_sloc_lines": 314,
    "files_with_clones": 4
  },
  "source_files": null,
  "symbols": {
    "classes": 16,
    "expressions": 4801,
    "expressions_top_level": 150,
    "functions": 27,
    "globals": 6,
    "imports": 15,
    "max_imports": 6,
    "methods": 68,
    "statements": 928,
    "total": 117,
    "type_aliases": 0,
    "variables": 6
  },
  "verbosity_flagged_sloc_lines": 314,
  "waste": {
    "single_use_functions": 18,
    "trivial_wrappers": 0,
    "unused_variables": 37
  }
}