{
  "model": "glm-5-kimi",
  "thinking": "none",
  "prompt": "just-solve",
  "agent_type": "claude_code",
  "agent_version": "2.0.51",
  "num_problems": 1,
  "num_checkpoints": 5,
  "expected_checkpoints": 5,
  "costs": {
    "checkpoint": {
      "mean": 10.828368000000001,
      "stddev": 9.713214409412675,
      "min": 0.006231,
      "max": 22.798041,
      "median": 13.582554000000004,
      "count": 5
    },
    "problem": {
      "mean": 54.14184000000001,
      "stddev": null,
      "min": 54.14184000000001,
      "max": 54.14184000000001,
      "median": 54.14184000000001,
      "count": 1
    },
    "total": 54.14184000000001
  },
  "time": {
    "checkpoint": {
      "mean": 1082.9188494,
      "stddev": 884.8359149474445,
      "min": 18.354837,
      "max": 2071.945446,
      "median": 1426.132846,
      "count": 5
    },
    "problem": {
      "mean": 5414.594247,
      "stddev": null,
      "min": 5414.594247,
      "max": 5414.594247,
      "median": 5414.594247,
      "count": 1
    }
  },
  "tokens": {
    "input": 17124211,
    "output": 91229,
    "cache_read": 0,
    "cache_write": 0,
    "reasoning": 0,
    "problem": {
      "input": 17124211.0,
      "output": 91229.0,
      "cache_read": 0.0,
      "cache_write": 0.0,
      "reasoning": 0.0
    },
    "checkpoint": {
      "input": 3424842.2,
      "output": 18245.8,
      "cache_read": 0.0,
      "cache_write": 0.0,
      "reasoning": 0.0
    }
  },
  "steps": {
    "checkpoint": {
      "mean": 58.4,
      "stddev": 42.05115931814485,
      "min": 1.0,
      "max": 93.0,
      "median": 84.0,
      "count": 5
    },
    "problem": {
      "mean": 292.0,
      "stddev": null,
      "min": 292.0,
      "max": 292.0,
      "median": 292.0,
      "count": 1
    }
  },
  "checkpoints_solved": 1,
  "checkpoints_iso_solved": 1,
  "checkpoints_core_solved": 1,
  "problem_solved": 0.0,
  "problem_partial": 1.0,
  "pct_checkpoints_solved": 20.0,
  "pct_checkpoints_iso_solved": 20.0,
  "pct_problems_solved": 0.0,
  "pct_problems_partial": 100.0,
  "pct_checkpoints_core_solved": 20.0,
  "pass_rates": {
    "problem": {
      "core": 0.6781868131868132,
      "total": 0.7875002727768685,
      "error": 0.9,
      "functionality": 0.5928571428571429,
      "regression": 0.874822695035461
    },
    "checkpoint": {
      "core": 0.6781868131868132,
      "total": 0.7875002727768685,
      "error": 0.9,
      "functionality": 0.5928571428571429,
      "regression": 0.874822695035461
    }
  },
  "cc": {
    "high_count": {
      "mean": 2.6,
      "stddev": 1.51657508881031,
      "min": 1.0,
      "max": 4.0,
      "median": 3.0,
      "count": 5
    },
    "high_mean": {
      "mean": 25.666666666666668,
      "stddev": 8.226186169111958,
      "min": 20.333333333333332,
      "max": 39.75,
      "median": 21.0,
      "count": 5
    },
    "max": {
      "mean": 34.2,
      "stddev": 20.825465180878915,
      "min": 21.0,
      "max": 70.0,
      "median": 24.0,
      "count": 5
    }
  },
  "ratios": {
    "rubric": {
      "mean": null,
      "stddev": null,
      "min": null,
      "max": null,
      "median": null,
      "count": 0
    },
    "lint": {
      "mean": 0.2328182637493178,
      "stddev": 0.045507832619774646,
      "min": 0.1805084745762712,
      "max": 0.2807017543859649,
      "median": 0.21405750798722045,
      "count": 5
    },
    "violation_pct": {
      "mean": 0.0,
      "stddev": 0.0,
      "min": 0.0,
      "max": 0.0,
      "median": 0.0,
      "count": 5
    }
  },
  "verbosity": {
    "mean": null,
    "stddev": null,
    "min": null,
    "max": null,
    "median": null,
    "count": 0
  },
  "erosion": {
    "mean": null,
    "stddev": null,
    "min": null,
    "max": null,
    "median": null,
    "count": 0
  }
}