{
  "ast_grep": {
    "category_counts": {},
    "category_weighted": {},
    "counts": {},
    "rules_checked": 355,
    "violation_lines": 0,
    "violations": 0,
    "weighted": 0
  },
  "classes": {
    "attribute_counts_mean": 1.875,
    "attribute_counts_sum": 15,
    "count": 8,
    "method_counts_mean": 2.875,
    "method_counts_sum": 23
  },
  "complexity": {
    "cc_max": 79,
    "cc_ratings": {
      "A": 45,
      "B": 4,
      "C": 9,
      "D": 0,
      "E": 0,
      "F": 3
    },
    "cc_sum": 448,
    "mi_min": 0.0,
    "mi_ratings": {
      "A": 0,
      "B": 0,
      "C": 1
    },
    "mi_sum": 0.0,
    "num_complex": 12
  },
  "file_count": 1,
  "functions": {
    "cc_concentration": 0.6170159804848907,
    "cc_extreme_count": 2,
    "cc_high_count": 11,
    "cc_max": 79,
    "cc_mean": 7.150943396226415,
    "cc_normalized": 0.0664495834433387,
    "cc_std": 13.419842121069335,
    "cc_sum": 379,
    "cc_top20": 0.6649076517150396,
    "count": 53,
    "depth_max": 5,
    "extreme_cc_mean": 70.5,
    "high_cc_mean": 22.90909090909091,
    "lines_mean": 29.62264150943396,
    "lines_sum": 1570
  },
  "graph": {
    "cyclic_dependency_mass": 0.17682926829268292,
    "dependency_entropy": 0.391092467977242,
    "edge_count": 93,
    "node_count": 53,
    "propagation_cost": 0.20101596516690856
  },
  "lines": {
    "comments": 65,
    "loc": 1258,
    "multi_comment": 105,
    "single_comment": 91,
    "total_lines": 1697
  },
  "lint": {
    "counts": {
      "ANN401": 5,
      "ARG001": 2,
      "B007": 1,
      "B904": 7,
      "B905": 2,
      "BLE001": 10,
      "C901": 9,
      "DOC201": 43,
      "DOC501": 22,
      "E721": 3,
      "EM101": 84,
      "EXE001": 1,
      "F401": 1,
      "FBT001": 1,
      "FBT002": 1,
      "FBT003": 2,
      "FURB148": 1,
      "PERF203": 2,
      "PIE790": 1,
      "PLR0911": 2,
      "PLR0912": 3,
      "PLR0913": 4,
      "PLR0914": 1,
      "PLR0915": 2,
      "PLR0917": 4,
      "PLR6201": 2,
      "RET504": 1,
      "RET505": 6,
      "RUF005": 1,
      "RUF010": 4,
      "S110": 4,
      "SIM103": 2,
      "SIM114": 1,
      "TRY203": 2,
      "TRY300": 1,
      "UP006": 121,
      "UP035": 3,
      "UP045": 19
    },
    "errors": 381,
    "fixable": 153
  },
  "redundancy": {
    "clone_lines": 531,
    "clone_ratio_sum": 0.4117647058823529,
    "cloned_sloc_lines": 516,
    "files_with_clones": 1
  },
  "source_files": [],
  "symbols": {
    "classes": 8,
    "expressions": 1498,
    "expressions_top_level": 12,
    "functions": 30,
    "globals": 0,
    "imports": 5,
    "max_imports": 5,
    "methods": 23,
    "statements": 527,
    "total": 61,
    "type_aliases": 0,
    "variables": 0
  },
  "verbosity_flagged_sloc_lines": 516,
  "waste": {
    "single_use_functions": 17,
    "trivial_wrappers": 0,
    "unused_variables": 3
  }
}