{
  "ast_grep": {
    "category_counts": {},
    "category_weighted": {},
    "counts": {},
    "rules_checked": 355,
    "violation_lines": 0,
    "violations": 0,
    "weighted": 0
  },
  "classes": {
    "attribute_counts_mean": 1.0909090909090908,
    "attribute_counts_sum": 36,
    "count": 33,
    "method_counts_mean": 2.787878787878788,
    "method_counts_sum": 92
  },
  "complexity": {
    "cc_max": 39,
    "cc_ratings": {
      "A": 125,
      "B": 9,
      "C": 19,
      "D": 2,
      "E": 2,
      "F": 0
    },
    "cc_sum": 638,
    "mi_min": 4.420767227244202,
    "mi_ratings": {
      "A": 6,
      "B": 0,
      "C": 1
    },
    "mi_sum": 326.2877073593234,
    "num_complex": 23
  },
  "file_count": 7,
  "functions": {
    "cc_concentration": 0.6135090267690392,
    "cc_extreme_count": 2,
    "cc_high_count": 20,
    "cc_max": 39,
    "cc_mean": 4.532786885245901,
    "cc_normalized": 0.0183459459070885,
    "cc_std": 6.781336110370143,
    "cc_sum": 553,
    "cc_top20": 0.7106690777576854,
    "count": 122,
    "depth_max": 6,
    "extreme_cc_mean": 38.0,
    "high_cc_mean": 17.25,
    "lines_mean": 22.5327868852459,
    "lines_sum": 2749
  },
  "graph": {
    "cyclic_dependency_mass": 0.0,
    "dependency_entropy": 0.2750037369413923,
    "edge_count": 5,
    "node_count": 6,
    "propagation_cost": 0.23333333333333334
  },
  "lines": {
    "comments": 169,
    "loc": 2026,
    "multi_comment": 113,
    "single_comment": 271,
    "total_lines": 2954
  },
  "lint": {
    "counts": {
      "A002": 2,
      "ANN401": 25,
      "ARG001": 1,
      "ARG002": 12,
      "B903": 1,
      "B904": 34,
      "C901": 16,
      "DOC201": 49,
      "DOC501": 16,
      "E722": 1,
      "EM101": 10,
      "EM102": 93,
      "ERA001": 1,
      "EXE001": 4,
      "F401": 11,
      "F541": 1,
      "F841": 1,
      "FBT001": 1,
      "FBT002": 1,
      "FURB101": 4,
      "FURB110": 4,
      "FURB142": 1,
      "FURB152": 1,
      "N806": 4,
      "PERF403": 1,
      "PGH003": 3,
      "PIE790": 6,
      "PLC0415": 7,
      "PLC1901": 4,
      "PLR0911": 5,
      "PLR0912": 8,
      "PLR0913": 3,
      "PLR0914": 3,
      "PLR0915": 3,
      "PLR0917": 3,
      "PLR1702": 1,
      "PLR2004": 10,
      "PLR5501": 1,
      "PLR6201": 3,
      "PLR6301": 21,
      "PLW1514": 6,
      "PLW2901": 1,
      "PT009": 64,
      "PT027": 17,
      "PTH100": 1,
      "PTH120": 1,
      "PTH123": 6,
      "RET504": 2,
      "RET505": 12,
      "RET506": 1,
      "RET507": 2,
      "RET508": 1,
      "RUF012": 4,
      "RUF022": 1,
      "RUF023": 1,
      "RUF059": 2,
      "S310": 10,
      "SIM102": 2,
      "SIM114": 3,
      "SIM118": 1,
      "TRY003": 103,
      "TRY300": 6,
      "UP015": 5,
      "UP035": 1
    },
    "errors": 629,
    "fixable": 62
  },
  "redundancy": {
    "clone_lines": 334,
    "clone_ratio_sum": 0.5906687701282964,
    "cloned_sloc_lines": 300,
    "files_with_clones": 7
  },
  "source_files": [],
  "symbols": {
    "classes": 33,
    "expressions": 2738,
    "expressions_top_level": 93,
    "functions": 30,
    "globals": 2,
    "imports": 43,
    "max_imports": 11,
    "methods": 92,
    "statements": 841,
    "total": 157,
    "type_aliases": 0,
    "variables": 2
  },
  "verbosity_flagged_sloc_lines": 300,
  "waste": {
    "single_use_functions": 23,
    "trivial_wrappers": 0,
    "unused_variables": 14
  }
}