{
  "ast_grep": {
    "category_counts": {},
    "category_weighted": {},
    "counts": {},
    "rules_checked": 355,
    "violation_lines": 0,
    "violations": 0,
    "weighted": 0
  },
  "classes": {
    "attribute_counts_mean": 0.0,
    "attribute_counts_sum": 0,
    "count": 10,
    "method_counts_mean": 1.0,
    "method_counts_sum": 10
  },
  "complexity": {
    "cc_max": 55,
    "cc_ratings": {
      "A": 113,
      "B": 29,
      "C": 7,
      "D": 0,
      "E": 0,
      "F": 2
    },
    "cc_sum": 673,
    "mi_min": 7.3344274582617555,
    "mi_ratings": {
      "A": 7,
      "B": 1,
      "C": 1
    },
    "mi_sum": 331.16266044856854,
    "num_complex": 9
  },
  "file_count": 9,
  "functions": {
    "cc_concentration": 0.4578187221396731,
    "cc_extreme_count": 2,
    "cc_high_count": 9,
    "cc_max": 55,
    "cc_mean": 5.384,
    "cc_normalized": 0.012934555932322653,
    "cc_std": 6.845983046354099,
    "cc_sum": 673,
    "cc_top20": 0.5052005943536404,
    "count": 125,
    "depth_max": 6,
    "extreme_cc_mean": 51.5,
    "high_cc_mean": 22.666666666666668,
    "lines_mean": 24.304,
    "lines_sum": 3038
  },
  "graph": {
    "cyclic_dependency_mass": 0.0,
    "dependency_entropy": 0.0,
    "edge_count": 0,
    "node_count": 0,
    "propagation_cost": 0.0
  },
  "lines": {
    "comments": 273,
    "loc": 2515,
    "multi_comment": 39,
    "single_comment": 349,
    "total_lines": 3473
  },
  "lint": {
    "counts": {
      "ARG001": 2,
      "B007": 5,
      "B904": 1,
      "BLE001": 16,
      "C901": 6,
      "DOC201": 29,
      "DOC501": 3,
      "EM101": 7,
      "EXE001": 9,
      "F401": 16,
      "F541": 2,
      "F821": 4,
      "F841": 3,
      "FURB118": 2,
      "FURB152": 1,
      "FURB171": 1,
      "N802": 1,
      "N806": 1,
      "PERF203": 6,
      "PERF401": 1,
      "PIE790": 3,
      "PLC0415": 20,
      "PLC1901": 3,
      "PLR0911": 5,
      "PLR0912": 5,
      "PLR0914": 3,
      "PLR0915": 4,
      "PLR1702": 1,
      "PLR2004": 137,
      "PLR6201": 6,
      "PLW1514": 5,
      "PLW2901": 1,
      "PTH100": 2,
      "PTH103": 1,
      "PTH108": 14,
      "PTH110": 1,
      "PTH111": 1,
      "PTH119": 10,
      "PTH120": 12,
      "PTH123": 9,
      "PTH208": 1,
      "RET505": 5,
      "RUF005": 1,
      "RUF010": 1,
      "RUF059": 3,
      "S101": 255,
      "S110": 1,
      "S113": 154,
      "S324": 2,
      "S404": 1,
      "SIM108": 1,
      "SIM115": 2,
      "TRY003": 7,
      "TRY300": 6,
      "TRY301": 1,
      "UP015": 2
    },
    "errors": 802,
    "fixable": 52
  },
  "redundancy": {
    "clone_lines": 611,
    "clone_ratio_sum": 1.764862020008787,
    "cloned_sloc_lines": 527,
    "files_with_clones": 9
  },
  "source_files": null,
  "symbols": {
    "classes": 10,
    "expressions": 3344,
    "expressions_top_level": 204,
    "functions": 115,
    "globals": 16,
    "imports": 105,
    "max_imports": 16,
    "methods": 10,
    "statements": 715,
    "total": 151,
    "type_aliases": 0,
    "variables": 16
  },
  "verbosity_flagged_sloc_lines": 527,
  "waste": {
    "single_use_functions": 105,
    "trivial_wrappers": 0,
    "unused_variables": 32
  }
}