{
  "ast_grep": {
    "category_counts": {},
    "category_weighted": {},
    "counts": {},
    "rules_checked": 355,
    "violation_lines": 0,
    "violations": 0,
    "weighted": 0
  },
  "classes": {
    "attribute_counts_mean": 2.5280898876404496,
    "attribute_counts_sum": 225,
    "count": 89,
    "method_counts_mean": 3.6179775280898876,
    "method_counts_sum": 322
  },
  "complexity": {
    "cc_max": 367,
    "cc_ratings": {
      "A": 370,
      "B": 51,
      "C": 23,
      "D": 13,
      "E": 2,
      "F": 6
    },
    "cc_sum": 2514,
    "mi_min": 0.0,
    "mi_ratings": {
      "A": 17,
      "B": 0,
      "C": 3
    },
    "mi_sum": 1083.1389060173133,
    "num_complex": 44
  },
  "file_count": 20,
  "functions": {
    "cc_concentration": 0.5450250097343278,
    "cc_extreme_count": 1,
    "cc_high_count": 31,
    "cc_max": 46,
    "cc_mean": 4.144846796657381,
    "cc_normalized": 0.004746639340873845,
    "cc_std": 5.4106423080776995,
    "cc_sum": 1488,
    "cc_top20": 0.6008064516129032,
    "count": 359,
    "depth_max": 5,
    "extreme_cc_mean": 46.0,
    "high_cc_mean": 18.70967741935484,
    "lines_mean": 14.125348189415043,
    "lines_sum": 5071
  },
  "graph": {
    "cyclic_dependency_mass": 0.0,
    "dependency_entropy": 0.25,
    "edge_count": 10,
    "node_count": 12,
    "propagation_cost": 0.12878787878787878
  },
  "lines": {
    "comments": 746,
    "loc": 4662,
    "multi_comment": 143,
    "single_comment": 750,
    "total_lines": 6436
  },
  "lint": {
    "counts": {
      "ARG001": 3,
      "ARG002": 8,
      "B007": 2,
      "B028": 1,
      "B904": 9,
      "C901": 20,
      "DOC201": 27,
      "DOC402": 4,
      "DOC501": 5,
      "E713": 6,
      "EM101": 64,
      "EM102": 7,
      "ERA001": 58,
      "EXE001": 1,
      "F401": 1,
      "F403": 37,
      "F405": 378,
      "F841": 3,
      "FBT002": 46,
      "FBT003": 36,
      "FIX002": 2,
      "FIX003": 1,
      "FURB118": 3,
      "FURB156": 3,
      "FURB166": 2,
      "FURB167": 6,
      "FURB171": 1,
      "ISC002": 2,
      "N803": 23,
      "PERF401": 5,
      "PIE810": 1,
      "PLC1901": 4,
      "PLR0124": 1,
      "PLR0904": 3,
      "PLR0911": 2,
      "PLR0912": 16,
      "PLR0913": 16,
      "PLR0914": 2,
      "PLR0915": 4,
      "PLR0916": 3,
      "PLR0917": 16,
      "PLR1711": 1,
      "PLR1714": 3,
      "PLR1730": 3,
      "PLR2004": 7,
      "PLR5501": 6,
      "PLR6201": 5,
      "PLR6301": 14,
      "PLW1514": 1,
      "PTH123": 1,
      "Q001": 6,
      "Q003": 3,
      "Q004": 9,
      "RET501": 1,
      "RET502": 8,
      "RET503": 13,
      "RET504": 1,
      "RET505": 25,
      "RET506": 3,
      "RUF012": 13,
      "RUF013": 10,
      "RUF021": 1,
      "RUF022": 6,
      "RUF039": 1,
      "RUF059": 1,
      "S101": 2,
      "SIM102": 15,
      "SIM105": 1,
      "SIM108": 10,
      "SIM118": 1,
      "TD001": 1,
      "TD002": 3,
      "TD003": 3,
      "TD004": 1,
      "TRY003": 71,
      "UP004": 4,
      "UP008": 5,
      "UP015": 1,
      "UP025": 2,
      "UP031": 103
    },
    "errors": 1197,
    "fixable": 101
  },
  "redundancy": {
    "clone_lines": 908,
    "clone_ratio_sum": 4.643611696383217,
    "cloned_sloc_lines": 832,
    "files_with_clones": 20
  },
  "source_files": [],
  "symbols": {
    "classes": 89,
    "expressions": 11236,
    "expressions_top_level": 221,
    "functions": 37,
    "globals": 17,
    "imports": 58,
    "max_imports": 8,
    "methods": 322,
    "statements": 2364,
    "total": 465,
    "type_aliases": 0,
    "variables": 17
  },
  "verbosity_flagged_sloc_lines": 832,
  "waste": {
    "single_use_functions": 33,
    "trivial_wrappers": 0,
    "unused_variables": 199
  }
}