{
  "ast_grep": {
    "category_counts": {},
    "category_weighted": {},
    "counts": {},
    "rules_checked": 355,
    "violation_lines": 0,
    "violations": 0,
    "weighted": 0
  },
  "classes": {
    "attribute_counts_mean": 2.2962962962962963,
    "attribute_counts_sum": 186,
    "count": 81,
    "method_counts_mean": 0.8395061728395061,
    "method_counts_sum": 68
  },
  "complexity": {
    "cc_max": 78,
    "cc_ratings": {
      "A": 155,
      "B": 20,
      "C": 30,
      "D": 10,
      "E": 5,
      "F": 15
    },
    "cc_sum": 2034,
    "mi_min": 0.0,
    "mi_ratings": {
      "A": 0,
      "B": 0,
      "C": 3
    },
    "mi_sum": 8.117693522711022,
    "num_complex": 60
  },
  "file_count": 3,
  "functions": {
    "cc_concentration": 0.6035962772205656,
    "cc_extreme_count": 15,
    "cc_high_count": 54,
    "cc_max": 78,
    "cc_mean": 11.34640522875817,
    "cc_normalized": 0.011312176319813209,
    "cc_std": 14.927156575851024,
    "cc_sum": 1736,
    "cc_top20": 0.6324884792626728,
    "count": 153,
    "depth_max": 7,
    "extreme_cc_mean": 47.8,
    "high_cc_mean": 26.166666666666668,
    "lines_mean": 40.169934640522875,
    "lines_sum": 6146
  },
  "graph": {
    "cyclic_dependency_mass": 0.0,
    "dependency_entropy": 0.0,
    "edge_count": 0,
    "node_count": 0,
    "propagation_cost": 0.0
  },
  "lines": {
    "comments": 511,
    "loc": 4697,
    "multi_comment": 88,
    "single_comment": 534,
    "total_lines": 6302
  },
  "lint": {
    "counts": {
      "A002": 2,
      "ARG001": 15,
      "ARG002": 2,
      "B007": 1,
      "B904": 7,
      "C416": 2,
      "C420": 3,
      "C901": 51,
      "DOC201": 70,
      "DOC501": 72,
      "E741": 1,
      "EM101": 10,
      "EM102": 142,
      "ERA001": 7,
      "EXE001": 3,
      "F401": 3,
      "F821": 3,
      "F841": 8,
      "FBT001": 20,
      "FBT002": 3,
      "FURB101": 4,
      "FURB103": 1,
      "FURB118": 18,
      "FURB142": 3,
      "FURB156": 2,
      "N818": 2,
      "PIE810": 1,
      "PLC0415": 2,
      "PLR0911": 16,
      "PLR0912": 32,
      "PLR0913": 3,
      "PLR0914": 6,
      "PLR0915": 25,
      "PLR0917": 3,
      "PLR1702": 11,
      "PLR1714": 3,
      "PLR2004": 5,
      "PLR5501": 1,
      "PLR6201": 53,
      "PLW1514": 7,
      "PLW2901": 3,
      "PTH123": 7,
      "Q003": 1,
      "RET504": 3,
      "RET505": 32,
      "RET507": 5,
      "RET508": 3,
      "RUF005": 3,
      "RUF012": 3,
      "RUF013": 6,
      "RUF034": 3,
      "RUF056": 1,
      "SIM108": 2,
      "SIM114": 16,
      "TRY003": 152,
      "TRY300": 1,
      "UP015": 5,
      "UP024": 2,
      "UP045": 32
    },
    "errors": 903,
    "fixable": 121
  },
  "redundancy": {
    "clone_lines": 1050,
    "clone_ratio_sum": 0.6476833753031809,
    "cloned_sloc_lines": 1035,
    "files_with_clones": 3
  },
  "source_files": null,
  "symbols": {
    "classes": 81,
    "expressions": 8600,
    "expressions_top_level": 87,
    "functions": 85,
    "globals": 1,
    "imports": 22,
    "max_imports": 8,
    "methods": 68,
    "statements": 2002,
    "total": 235,
    "type_aliases": 0,
    "variables": 1
  },
  "verbosity_flagged_sloc_lines": 1035,
  "waste": {
    "single_use_functions": 46,
    "trivial_wrappers": 0,
    "unused_variables": 27
  }
}