{
  "ast_grep": {
    "category_counts": {},
    "category_weighted": {},
    "counts": {},
    "rules_checked": 355,
    "violation_lines": 0,
    "violations": 0,
    "weighted": 0
  },
  "classes": {
    "attribute_counts_mean": 2.8666666666666667,
    "attribute_counts_sum": 43,
    "count": 15,
    "method_counts_mean": 3.3333333333333335,
    "method_counts_sum": 50
  },
  "complexity": {
    "cc_max": 81,
    "cc_ratings": {
      "A": 69,
      "B": 16,
      "C": 9,
      "D": 3,
      "E": 0,
      "F": 2
    },
    "cc_sum": 583,
    "mi_min": 0.0,
    "mi_ratings": {
      "A": 0,
      "B": 0,
      "C": 1
    },
    "mi_sum": 0.0,
    "num_complex": 14
  },
  "file_count": 1,
  "functions": {
    "cc_concentration": 0.501148600143575,
    "cc_extreme_count": 0,
    "cc_high_count": 10,
    "cc_max": 29,
    "cc_mean": 5.685714285714286,
    "cc_normalized": 0.015339240811149181,
    "cc_std": 5.891637052938774,
    "cc_sum": 398,
    "cc_top20": 0.5276381909547738,
    "count": 70,
    "depth_max": 4,
    "extreme_cc_mean": 0.0,
    "high_cc_mean": 17.0,
    "lines_mean": 14.428571428571429,
    "lines_sum": 1010
  },
  "graph": {
    "cyclic_dependency_mass": 0.18181818181818182,
    "dependency_entropy": 0.1674448440534595,
    "edge_count": 58,
    "node_count": 69,
    "propagation_cost": 0.02514919011082694
  },
  "lines": {
    "comments": 3,
    "loc": 1050,
    "multi_comment": 6,
    "single_comment": 6,
    "total_lines": 1235
  },
  "lint": {
    "counts": {
      "ARG001": 1,
      "B904": 4,
      "BLE001": 1,
      "C420": 1,
      "C901": 8,
      "DOC201": 2,
      "EM101": 62,
      "EM102": 6,
      "EXE001": 1,
      "FBT001": 4,
      "FURB101": 1,
      "FURB116": 2,
      "FURB118": 1,
      "FURB161": 1,
      "N806": 3,
      "PLR0911": 5,
      "PLR0912": 6,
      "PLR0914": 1,
      "PLR2004": 3,
      "PLR5501": 1,
      "PLR6201": 7,
      "PLR6301": 3,
      "PLW1514": 1,
      "PTH123": 1,
      "RUF005": 1,
      "RUF013": 8,
      "RUF021": 4,
      "SIM102": 1,
      "TRY003": 7,
      "UP006": 4,
      "UP015": 1,
      "UP024": 1,
      "UP035": 1
    },
    "errors": 154,
    "fixable": 14
  },
  "redundancy": {
    "clone_lines": 62,
    "clone_ratio_sum": 0.05904761904761905,
    "cloned_sloc_lines": 62,
    "files_with_clones": 1
  },
  "source_files": [],
  "symbols": {
    "classes": 15,
    "expressions": 2648,
    "expressions_top_level": 10,
    "functions": 20,
    "globals": 14,
    "imports": 5,
    "max_imports": 5,
    "methods": 50,
    "statements": 736,
    "total": 99,
    "type_aliases": 0,
    "variables": 14
  },
  "verbosity_flagged_sloc_lines": 62,
  "waste": {
    "single_use_functions": 12,
    "trivial_wrappers": 1,
    "unused_variables": 18
  }
}