{
  "ast_grep": {
    "category_counts": {},
    "category_weighted": {},
    "counts": {},
    "rules_checked": 355,
    "violation_lines": 0,
    "violations": 0,
    "weighted": 0
  },
  "classes": {
    "attribute_counts_mean": 3.085714285714286,
    "attribute_counts_sum": 108,
    "count": 35,
    "method_counts_mean": 3.1142857142857143,
    "method_counts_sum": 109
  },
  "complexity": {
    "cc_max": 154,
    "cc_ratings": {
      "A": 111,
      "B": 37,
      "C": 11,
      "D": 3,
      "E": 2,
      "F": 3
    },
    "cc_sum": 1128,
    "mi_min": 0.0,
    "mi_ratings": {
      "A": 1,
      "B": 0,
      "C": 1
    },
    "mi_sum": 33.586935303970584,
    "num_complex": 19
  },
  "file_count": 2,
  "functions": {
    "cc_concentration": 0.48919670073516225,
    "cc_extreme_count": 1,
    "cc_high_count": 13,
    "cc_max": 36,
    "cc_mean": 5.121212121212121,
    "cc_normalized": 0.008917166979688043,
    "cc_std": 5.5561399954750605,
    "cc_sum": 676,
    "cc_top20": 0.5251479289940828,
    "count": 132,
    "depth_max": 6,
    "extreme_cc_mean": 36.0,
    "high_cc_mean": 17.615384615384617,
    "lines_mean": 17.62121212121212,
    "lines_sum": 2326
  },
  "graph": {
    "cyclic_dependency_mass": 0.09266409266409266,
    "dependency_entropy": 0.21161221697672028,
    "edge_count": 112,
    "node_count": 115,
    "propagation_cost": 0.029290617848970253
  },
  "lines": {
    "comments": 157,
    "loc": 2049,
    "multi_comment": 7,
    "single_comment": 206,
    "total_lines": 2763
  },
  "lint": {
    "counts": {
      "A001": 1,
      "ANN401": 4,
      "ARG002": 13,
      "B024": 1,
      "B904": 12,
      "BLE001": 8,
      "C901": 8,
      "DOC201": 31,
      "DOC501": 33,
      "DTZ007": 1,
      "EM101": 24,
      "EM102": 79,
      "ERA001": 1,
      "EXE001": 2,
      "F401": 4,
      "F541": 4,
      "F601": 1,
      "FBT003": 4,
      "FURB101": 1,
      "FURB103": 1,
      "N818": 1,
      "PERF203": 5,
      "PIE790": 1,
      "PIE796": 6,
      "PLC0415": 4,
      "PLC1901": 1,
      "PLR0904": 1,
      "PLR0911": 6,
      "PLR0912": 6,
      "PLR0915": 3,
      "PLR1702": 2,
      "PLR2004": 23,
      "PLR6201": 16,
      "PLR6301": 17,
      "PLW1510": 1,
      "PLW1514": 5,
      "PTH108": 2,
      "PTH123": 3,
      "RET504": 1,
      "RET505": 16,
      "RET507": 1,
      "S101": 43,
      "S404": 1,
      "S603": 1,
      "SIM102": 1,
      "SIM103": 3,
      "SIM113": 1,
      "TRY003": 103,
      "TRY301": 1,
      "UP006": 109,
      "UP015": 2,
      "UP024": 2,
      "UP035": 5,
      "UP045": 21
    },
    "errors": 647,
    "fixable": 168
  },
  "redundancy": {
    "clone_lines": 147,
    "clone_ratio_sum": 0.1009606623102757,
    "cloned_sloc_lines": 147,
    "files_with_clones": 2
  },
  "source_files": [],
  "symbols": {
    "classes": 35,
    "expressions": 5510,
    "expressions_top_level": 76,
    "functions": 23,
    "globals": 0,
    "imports": 19,
    "max_imports": 13,
    "methods": 109,
    "statements": 1321,
    "total": 167,
    "type_aliases": 0,
    "variables": 0
  },
  "verbosity_flagged_sloc_lines": 147,
  "waste": {
    "single_use_functions": 21,
    "trivial_wrappers": 0,
    "unused_variables": 18
  }
}