{
  "ast_grep": {
    "category_counts": {},
    "category_weighted": {},
    "counts": {},
    "rules_checked": 355,
    "violation_lines": 0,
    "violations": 0,
    "weighted": 0
  },
  "classes": {
    "attribute_counts_mean": 8.0,
    "attribute_counts_sum": 56,
    "count": 7,
    "method_counts_mean": 4.428571428571429,
    "method_counts_sum": 31
  },
  "complexity": {
    "cc_max": 117,
    "cc_ratings": {
      "A": 60,
      "B": 5,
      "C": 6,
      "D": 3,
      "E": 0,
      "F": 3
    },
    "cc_sum": 507,
    "mi_min": 0.0,
    "mi_ratings": {
      "A": 3,
      "B": 0,
      "C": 1
    },
    "mi_sum": 216.62289623315345,
    "num_complex": 12
  },
  "file_count": 4,
  "functions": {
    "cc_concentration": 0.7335816777041942,
    "cc_extreme_count": 3,
    "cc_high_count": 9,
    "cc_max": 117,
    "cc_mean": 9.4375,
    "cc_normalized": 0.10836310837430609,
    "cc_std": 21.52376840571787,
    "cc_sum": 453,
    "cc_top20": 0.7991169977924945,
    "count": 48,
    "depth_max": 7,
    "extreme_cc_mean": 84.0,
    "high_cc_mean": 39.111111111111114,
    "lines_mean": 36.958333333333336,
    "lines_sum": 1774
  },
  "graph": {
    "cyclic_dependency_mass": 0.0,
    "dependency_entropy": 0.11761886676151684,
    "edge_count": 26,
    "node_count": 48,
    "propagation_cost": 0.015070921985815602
  },
  "lines": {
    "comments": 231,
    "loc": 1538,
    "multi_comment": 4,
    "single_comment": 232,
    "total_lines": 2176
  },
  "lint": {
    "counts": {
      "ARG001": 1,
      "B007": 9,
      "B904": 6,
      "BLE001": 7,
      "C401": 1,
      "C901": 4,
      "DOC201": 34,
      "DOC501": 2,
      "EM101": 2,
      "EM102": 8,
      "ERA001": 1,
      "EXE001": 4,
      "F401": 2,
      "F541": 3,
      "F821": 1,
      "F823": 1,
      "F841": 6,
      "FBT001": 3,
      "FBT003": 45,
      "FURB110": 2,
      "FURB118": 2,
      "FURB171": 1,
      "G004": 2,
      "N806": 7,
      "PERF102": 1,
      "PERF203": 3,
      "PERF401": 1,
      "PLC0415": 1,
      "PLR0911": 2,
      "PLR0912": 4,
      "PLR0913": 1,
      "PLR0914": 5,
      "PLR0915": 3,
      "PLR0917": 1,
      "PLR1702": 4,
      "PLR2004": 11,
      "PLR5501": 1,
      "PLR6201": 4,
      "PLW0108": 7,
      "RET505": 1,
      "RUF003": 3,
      "RUF010": 6,
      "SIM108": 1,
      "SIM118": 4,
      "TRY003": 10,
      "TRY301": 4,
      "TRY400": 1,
      "UP045": 9
    },
    "errors": 242,
    "fixable": 26
  },
  "redundancy": {
    "clone_lines": 259,
    "clone_ratio_sum": 0.38556995054461607,
    "cloned_sloc_lines": 251,
    "files_with_clones": 4
  },
  "source_files": [],
  "symbols": {
    "classes": 7,
    "expressions": 2062,
    "expressions_top_level": 14,
    "functions": 17,
    "globals": 22,
    "imports": 22,
    "max_imports": 15,
    "methods": 31,
    "statements": 439,
    "total": 77,
    "type_aliases": 0,
    "variables": 22
  },
  "verbosity_flagged_sloc_lines": 251,
  "waste": {
    "single_use_functions": 12,
    "trivial_wrappers": 0,
    "unused_variables": 36
  }
}