{
  "ast_grep": {
    "category_counts": {},
    "category_weighted": {},
    "counts": {},
    "rules_checked": 355,
    "violation_lines": 0,
    "violations": 0,
    "weighted": 0
  },
  "classes": {
    "attribute_counts_mean": 0.0,
    "attribute_counts_sum": 0,
    "count": 1,
    "method_counts_mean": 3.0,
    "method_counts_sum": 3
  },
  "complexity": {
    "cc_max": 28,
    "cc_ratings": {
      "A": 61,
      "B": 8,
      "C": 7,
      "D": 2,
      "E": 0,
      "F": 0
    },
    "cc_sum": 333,
    "mi_min": 0.0,
    "mi_ratings": {
      "A": 0,
      "B": 1,
      "C": 1
    },
    "mi_sum": 11.96319319271619,
    "num_complex": 9
  },
  "file_count": 2,
  "functions": {
    "cc_concentration": 0.4741972741972742,
    "cc_extreme_count": 0,
    "cc_high_count": 9,
    "cc_max": 28,
    "cc_mean": 5.123076923076923,
    "cc_normalized": 0.01622061250439629,
    "cc_std": 5.260429201559069,
    "cc_sum": 333,
    "cc_top20": 0.5315315315315315,
    "count": 65,
    "depth_max": 4,
    "extreme_cc_mean": 0.0,
    "high_cc_mean": 15.88888888888889,
    "lines_mean": 19.43076923076923,
    "lines_sum": 1263
  },
  "graph": {
    "cyclic_dependency_mass": 0.0,
    "dependency_entropy": 0.3787507390999785,
    "edge_count": 59,
    "node_count": 34,
    "propagation_cost": 0.12388591800356506
  },
  "lines": {
    "comments": 3,
    "loc": 1167,
    "multi_comment": 0,
    "single_comment": 37,
    "total_lines": 1434
  },
  "lint": {
    "counts": {
      "B007": 1,
      "B904": 2,
      "BLE001": 3,
      "C901": 5,
      "DOC201": 31,
      "DOC501": 3,
      "EM101": 13,
      "ERA001": 1,
      "EXE001": 2,
      "F541": 1,
      "FBT002": 1,
      "FURB101": 1,
      "PERF102": 2,
      "PERF203": 1,
      "PLC1901": 2,
      "PLR0911": 2,
      "PLR0912": 2,
      "PLR0913": 2,
      "PLR0914": 1,
      "PLR0917": 2,
      "PLR1733": 1,
      "PLR2004": 13,
      "PLR6201": 2,
      "PLW0602": 1,
      "PLW0603": 15,
      "PLW1510": 3,
      "PLW1514": 1,
      "PTH108": 22,
      "PTH113": 2,
      "PTH123": 2,
      "RET503": 1,
      "RUF005": 1,
      "RUF015": 3,
      "RUF059": 6,
      "S105": 1,
      "S404": 1,
      "S603": 6,
      "SIM115": 1,
      "TRY003": 13,
      "UP015": 2,
      "UP031": 35
    },
    "errors": 210,
    "fixable": 34
  },
  "redundancy": {
    "clone_lines": 113,
    "clone_ratio_sum": 0.19182693155694575,
    "cloned_sloc_lines": 113,
    "files_with_clones": 2
  },
  "source_files": [],
  "symbols": {
    "classes": 1,
    "expressions": 1134,
    "expressions_top_level": 17,
    "functions": 62,
    "globals": 12,
    "imports": 15,
    "max_imports": 9,
    "methods": 3,
    "statements": 384,
    "total": 78,
    "type_aliases": 0,
    "variables": 12
  },
  "verbosity_flagged_sloc_lines": 113,
  "waste": {
    "single_use_functions": 51,
    "trivial_wrappers": 0,
    "unused_variables": 19
  }
}