{
  "model": "pangu",
  "thinking": "none",
  "prompt": "just-solve",
  "agent_type": "claude_code",
  "agent_version": "2.0.51",
  "num_problems": 1,
  "num_checkpoints": 4,
  "expected_checkpoints": 4,
  "costs": {
    "checkpoint": {
      "mean": 4.259753,
      "stddev": 2.967718475978138,
      "min": 0.0695,
      "max": 6.906147000000001,
      "median": 5.0316825,
      "count": 4
    },
    "problem": {
      "mean": 17.039012,
      "stddev": null,
      "min": 17.039012,
      "max": 17.039012,
      "median": 17.039012,
      "count": 1
    },
    "total": 17.039012
  },
  "time": {
    "checkpoint": {
      "mean": 4938.14617175,
      "stddev": 2274.264452868905,
      "min": 3090.340438,
      "max": 8251.989171,
      "median": 4205.127539,
      "count": 4
    },
    "problem": {
      "mean": 19752.584687,
      "stddev": null,
      "min": 19752.584687,
      "max": 19752.584687,
      "median": 19752.584687,
      "count": 1
    }
  },
  "tokens": {
    "input": 5381056,
    "output": 69042,
    "cache_read": 0,
    "cache_write": 0,
    "reasoning": 0,
    "problem": {
      "input": 5381056.0,
      "output": 69042.0,
      "cache_read": 0.0,
      "cache_write": 0.0,
      "reasoning": 0.0
    },
    "checkpoint": {
      "input": 1345264.0,
      "output": 17260.5,
      "cache_read": 0.0,
      "cache_write": 0.0,
      "reasoning": 0.0
    }
  },
  "steps": {
    "checkpoint": {
      "mean": 0.75,
      "stddev": 0.9574271077563381,
      "min": 0.0,
      "max": 2.0,
      "median": 0.5,
      "count": 4
    },
    "problem": {
      "mean": 3.0,
      "stddev": null,
      "min": 3.0,
      "max": 3.0,
      "median": 3.0,
      "count": 1
    }
  },
  "checkpoints_solved": 0,
  "checkpoints_iso_solved": 0,
  "checkpoints_core_solved": 0,
  "problem_solved": 0.0,
  "problem_partial": 0.0,
  "pct_checkpoints_solved": 0.0,
  "pct_checkpoints_iso_solved": 0.0,
  "pct_problems_solved": 0.0,
  "pct_problems_partial": 0.0,
  "pct_checkpoints_core_solved": 0.0,
  "pass_rates": {
    "problem": {
      "core": 0.0,
      "total": 0.1751635822868473,
      "error": 0.75,
      "functionality": 0.11761982570806101,
      "regression": 0.17901960784313725
    },
    "checkpoint": {
      "core": 0.0,
      "total": 0.1751635822868473,
      "error": 0.75,
      "functionality": 0.11761982570806101,
      "regression": 0.17901960784313725
    }
  },
  "cc": {
    "high_count": {
      "mean": 4.75,
      "stddev": 0.9574271077563381,
      "min": 4.0,
      "max": 6.0,
      "median": 4.5,
      "count": 4
    },
    "high_mean": {
      "mean": 16.55,
      "stddev": 0.33166247903554025,
      "min": 16.2,
      "max": 17.0,
      "median": 16.5,
      "count": 4
    },
    "max": {
      "mean": 27.0,
      "stddev": 0.0,
      "min": 27.0,
      "max": 27.0,
      "median": 27.0,
      "count": 4
    }
  },
  "ratios": {
    "rubric": {
      "mean": null,
      "stddev": null,
      "min": null,
      "max": null,
      "median": null,
      "count": 0
    },
    "lint": {
      "mean": 0.09152970840231633,
      "stddev": 0.011362953157674747,
      "min": 0.08023255813953488,
      "max": 0.10348360655737705,
      "median": 0.09120133445617672,
      "count": 4
    },
    "violation_pct": {
      "mean": 0.0,
      "stddev": 0.0,
      "min": 0.0,
      "max": 0.0,
      "median": 0.0,
      "count": 4
    }
  },
  "verbosity": {
    "mean": null,
    "stddev": null,
    "min": null,
    "max": null,
    "median": null,
    "count": 0
  },
  "erosion": {
    "mean": null,
    "stddev": null,
    "min": null,
    "max": null,
    "median": null,
    "count": 0
  }
}