{
  "ast_grep": {
    "category_counts": {},
    "category_weighted": {},
    "counts": {},
    "rules_checked": 355,
    "violation_lines": 0,
    "violations": 0,
    "weighted": 0
  },
  "classes": {
    "attribute_counts_mean": 2.3378378378378377,
    "attribute_counts_sum": 173,
    "count": 74,
    "method_counts_mean": 0.8378378378378378,
    "method_counts_sum": 62
  },
  "complexity": {
    "cc_max": 77,
    "cc_ratings": {
      "A": 131,
      "B": 15,
      "C": 23,
      "D": 6,
      "E": 5,
      "F": 12
    },
    "cc_sum": 1589,
    "mi_min": 0.0,
    "mi_ratings": {
      "A": 0,
      "B": 0,
      "C": 3
    },
    "mi_sum": 8.117693522711022,
    "num_complex": 46
  },
  "file_count": 3,
  "functions": {
    "cc_concentration": 0.607816675928131,
    "cc_extreme_count": 12,
    "cc_high_count": 40,
    "cc_max": 77,
    "cc_mean": 11.042735042735043,
    "cc_normalized": 0.015003525402564367,
    "cc_std": 14.630738286220629,
    "cc_sum": 1292,
    "cc_top20": 0.6424148606811145,
    "count": 117,
    "depth_max": 7,
    "extreme_cc_mean": 46.0,
    "high_cc_mean": 26.15,
    "lines_mean": 39.675213675213676,
    "lines_sum": 4642
  },
  "graph": {
    "cyclic_dependency_mass": 0.0,
    "dependency_entropy": 0.0,
    "edge_count": 0,
    "node_count": 0,
    "propagation_cost": 0.0
  },
  "lines": {
    "comments": 396,
    "loc": 3672,
    "multi_comment": 31,
    "single_comment": 416,
    "total_lines": 4870
  },
  "lint": {
    "counts": {
      "A002": 1,
      "ARG001": 15,
      "ARG002": 2,
      "B007": 1,
      "B904": 6,
      "C901": 38,
      "DOC201": 50,
      "DOC501": 69,
      "EM101": 9,
      "EM102": 137,
      "ERA001": 7,
      "EXE001": 3,
      "F401": 3,
      "F821": 2,
      "F841": 7,
      "FBT001": 15,
      "FBT002": 3,
      "FURB101": 4,
      "FURB118": 13,
      "FURB142": 3,
      "FURB156": 2,
      "PIE810": 1,
      "PLC0415": 1,
      "PLR0911": 14,
      "PLR0912": 27,
      "PLR0913": 3,
      "PLR0914": 4,
      "PLR0915": 19,
      "PLR0917": 3,
      "PLR1702": 9,
      "PLR1714": 3,
      "PLR2004": 5,
      "PLR6201": 50,
      "PLW1514": 5,
      "PLW2901": 3,
      "PTH123": 5,
      "RET504": 2,
      "RET505": 24,
      "RET507": 5,
      "RET508": 3,
      "RUF005": 3,
      "RUF012": 3,
      "RUF013": 6,
      "RUF034": 2,
      "SIM108": 2,
      "SIM114": 8,
      "TRY003": 146,
      "UP015": 5,
      "UP045": 25
    },
    "errors": 776,
    "fixable": 87
  },
  "redundancy": {
    "clone_lines": 639,
    "clone_ratio_sum": 0.5580543680911922,
    "cloned_sloc_lines": 639,
    "files_with_clones": 3
  },
  "source_files": null,
  "symbols": {
    "classes": 74,
    "expressions": 7195,
    "expressions_top_level": 66,
    "functions": 55,
    "globals": 1,
    "imports": 21,
    "max_imports": 7,
    "methods": 62,
    "statements": 1613,
    "total": 192,
    "type_aliases": 0,
    "variables": 1
  },
  "verbosity_flagged_sloc_lines": 639,
  "waste": {
    "single_use_functions": 36,
    "trivial_wrappers": 0,
    "unused_variables": 26
  }
}