{
  "ast_grep": {
    "category_counts": {},
    "category_weighted": {},
    "counts": {},
    "rules_checked": 355,
    "violation_lines": 0,
    "violations": 0,
    "weighted": 0
  },
  "classes": {
    "attribute_counts_mean": 4.3061224489795915,
    "attribute_counts_sum": 211,
    "count": 49,
    "method_counts_mean": 1.9795918367346939,
    "method_counts_sum": 97
  },
  "complexity": {
    "cc_max": 169,
    "cc_ratings": {
      "A": 108,
      "B": 18,
      "C": 17,
      "D": 3,
      "E": 2,
      "F": 5
    },
    "cc_sum": 1181,
    "mi_min": 0.0,
    "mi_ratings": {
      "A": 8,
      "B": 0,
      "C": 1
    },
    "mi_sum": 413.55583177707024,
    "num_complex": 27
  },
  "file_count": 9,
  "functions": {
    "cc_concentration": 0.530347072844602,
    "cc_extreme_count": 2,
    "cc_high_count": 22,
    "cc_max": 40,
    "cc_mean": 6.485436893203883,
    "cc_normalized": 0.012862264200025451,
    "cc_std": 7.46477227062896,
    "cc_sum": 668,
    "cc_top20": 0.5838323353293413,
    "count": 103,
    "depth_max": 6,
    "extreme_cc_mean": 39.5,
    "high_cc_mean": 18.227272727272727,
    "lines_mean": 22.990291262135923,
    "lines_sum": 2368
  },
  "graph": {
    "cyclic_dependency_mass": 0.06451612903225806,
    "dependency_entropy": 0.4637991776639796,
    "edge_count": 256,
    "node_count": 102,
    "propagation_cost": 0.0755193166375461
  },
  "lines": {
    "comments": 169,
    "loc": 2377,
    "multi_comment": 37,
    "single_comment": 186,
    "total_lines": 2992
  },
  "lint": {
    "counts": {
      "A002": 2,
      "ANN401": 14,
      "B007": 2,
      "B904": 1,
      "BLE001": 5,
      "C901": 18,
      "DOC201": 40,
      "DOC501": 8,
      "E722": 1,
      "EM101": 5,
      "EM102": 35,
      "ERA001": 1,
      "EXE001": 1,
      "F401": 13,
      "F541": 6,
      "F841": 4,
      "FBT001": 3,
      "FBT002": 2,
      "FBT003": 2,
      "FURB101": 2,
      "FURB122": 1,
      "N818": 3,
      "PERF203": 3,
      "PLR0904": 1,
      "PLR0911": 11,
      "PLR0912": 15,
      "PLR0913": 4,
      "PLR0914": 1,
      "PLR0915": 6,
      "PLR0917": 4,
      "PLR1702": 3,
      "PLR2004": 3,
      "PLR6201": 2,
      "PLR6301": 6,
      "PLW1510": 1,
      "PLW1514": 6,
      "PLW2901": 1,
      "PTH100": 4,
      "PTH103": 3,
      "PTH107": 1,
      "PTH110": 9,
      "PTH112": 2,
      "PTH113": 4,
      "PTH117": 4,
      "PTH118": 15,
      "PTH120": 1,
      "PTH123": 7,
      "PTH207": 1,
      "PTH208": 2,
      "RET503": 4,
      "RET504": 2,
      "RET505": 21,
      "RSE102": 2,
      "RUF010": 1,
      "RUF013": 15,
      "RUF034": 1,
      "S404": 2,
      "S602": 1,
      "SIM102": 1,
      "SIM103": 1,
      "SIM114": 3,
      "TRY003": 40,
      "TRY004": 5,
      "TRY300": 2,
      "TRY301": 2,
      "UP006": 67,
      "UP012": 3,
      "UP015": 4,
      "UP024": 1,
      "UP035": 18,
      "UP045": 44
    },
    "errors": 529,
    "fixable": 200
  },
  "redundancy": {
    "clone_lines": 122,
    "clone_ratio_sum": 0.3935491812854548,
    "cloned_sloc_lines": 122,
    "files_with_clones": 9
  },
  "source_files": [
    "pipeline/lexer.py",
    "pipeline/parser.py",
    "pipeline/config.py",
    "pipeline/executor.py",
    "pipeline/cache.py",
    "pipeline/evaluator.py",
    "pipeline/ast_nodes.py"
  ],
  "symbols": {
    "classes": 49,
    "expressions": 6223,
    "expressions_top_level": 75,
    "functions": 6,
    "globals": 1,
    "imports": 47,
    "max_imports": 12,
    "methods": 97,
    "statements": 1184,
    "total": 153,
    "type_aliases": 0,
    "variables": 1
  },
  "verbosity_flagged_sloc_lines": 122,
  "waste": {
    "single_use_functions": 4,
    "trivial_wrappers": 0,
    "unused_variables": 26
  }
}