{
  "ast_grep": {
    "category_counts": {},
    "category_weighted": {},
    "counts": {},
    "rules_checked": 355,
    "violation_lines": 0,
    "violations": 0,
    "weighted": 0
  },
  "classes": {
    "attribute_counts_mean": 0.0,
    "attribute_counts_sum": 0,
    "count": 0,
    "method_counts_mean": 0.0,
    "method_counts_sum": 0
  },
  "complexity": {
    "cc_max": 107,
    "cc_ratings": {
      "A": 47,
      "B": 8,
      "C": 4,
      "D": 3,
      "E": 0,
      "F": 3
    },
    "cc_sum": 490,
    "mi_min": 0.0,
    "mi_ratings": {
      "A": 2,
      "B": 0,
      "C": 1
    },
    "mi_sum": 80.98855507587037,
    "num_complex": 10
  },
  "file_count": 3,
  "functions": {
    "cc_concentration": 0.6702623906705539,
    "cc_extreme_count": 3,
    "cc_high_count": 10,
    "cc_max": 107,
    "cc_mean": 8.75,
    "cc_normalized": 0.06715716936125099,
    "cc_std": 16.968687740552117,
    "cc_sum": 490,
    "cc_top20": 0.7387755102040816,
    "count": 56,
    "depth_max": 8,
    "extreme_cc_mean": 68.66666666666667,
    "high_cc_mean": 34.3,
    "lines_mean": 38.589285714285715,
    "lines_sum": 2161
  },
  "graph": {
    "cyclic_dependency_mass": 0.0,
    "dependency_entropy": 0.19800377585123327,
    "edge_count": 79,
    "node_count": 46,
    "propagation_cost": 0.08599033816425121
  },
  "lines": {
    "comments": 219,
    "loc": 1600,
    "multi_comment": 56,
    "single_comment": 241,
    "total_lines": 2321
  },
  "lint": {
    "counts": {
      "ARG001": 1,
      "B904": 1,
      "BLE001": 24,
      "C901": 10,
      "DOC201": 39,
      "DOC501": 8,
      "E712": 18,
      "EM101": 7,
      "EM102": 6,
      "EXE001": 3,
      "F401": 2,
      "F541": 2,
      "F821": 9,
      "F841": 4,
      "FURB110": 1,
      "PERF203": 1,
      "PERF401": 5,
      "PLC1901": 7,
      "PLR0911": 6,
      "PLR0912": 7,
      "PLR0914": 4,
      "PLR0915": 5,
      "PLR1702": 3,
      "PLR1714": 2,
      "PLR2004": 59,
      "PLR6201": 5,
      "PLW0602": 3,
      "PLW0603": 1,
      "PLW1510": 1,
      "PLW1514": 5,
      "PLW2901": 1,
      "PT018": 1,
      "PTH103": 1,
      "PTH110": 5,
      "PTH118": 4,
      "PTH123": 5,
      "PTH208": 1,
      "RET502": 1,
      "RET503": 2,
      "RET505": 3,
      "RUF010": 4,
      "RUF013": 3,
      "RUF059": 8,
      "S101": 89,
      "S110": 1,
      "S310": 2,
      "S324": 2,
      "S404": 2,
      "S603": 14,
      "SIM102": 2,
      "SIM118": 4,
      "TRY002": 2,
      "TRY003": 13,
      "TRY203": 1,
      "TRY300": 2,
      "TRY301": 4,
      "UP015": 3
    },
    "errors": 429,
    "fixable": 30
  },
  "redundancy": {
    "clone_lines": 226,
    "clone_ratio_sum": 0.24663390076923913,
    "cloned_sloc_lines": 212,
    "files_with_clones": 3
  },
  "source_files": [],
  "symbols": {
    "classes": 0,
    "expressions": 1643,
    "expressions_top_level": 70,
    "functions": 56,
    "globals": 9,
    "imports": 28,
    "max_imports": 16,
    "methods": 0,
    "statements": 562,
    "total": 65,
    "type_aliases": 0,
    "variables": 9
  },
  "verbosity_flagged_sloc_lines": 212,
  "waste": {
    "single_use_functions": 30,
    "trivial_wrappers": 0,
    "unused_variables": 23
  }
}