{
  "ast_grep": {
    "category_counts": {},
    "category_weighted": {},
    "counts": {},
    "rules_checked": 355,
    "violation_lines": 0,
    "violations": 0,
    "weighted": 0
  },
  "classes": {
    "attribute_counts_mean": 2.2,
    "attribute_counts_sum": 22,
    "count": 10,
    "method_counts_mean": 1.2,
    "method_counts_sum": 12
  },
  "complexity": {
    "cc_max": 27,
    "cc_ratings": {
      "A": 31,
      "B": 16,
      "C": 6,
      "D": 3,
      "E": 0,
      "F": 0
    },
    "cc_sum": 338,
    "mi_min": 1.149054835698811,
    "mi_ratings": {
      "A": 2,
      "B": 0,
      "C": 1
    },
    "mi_sum": 98.83643174767165,
    "num_complex": 9
  },
  "file_count": 3,
  "functions": {
    "cc_concentration": 0.4858800503285335,
    "cc_extreme_count": 0,
    "cc_high_count": 9,
    "cc_max": 27,
    "cc_mean": 6.760869565217392,
    "cc_normalized": 0.020190260876357998,
    "cc_std": 6.515570351460486,
    "cc_sum": 311,
    "cc_top20": 0.5498392282958199,
    "count": 46,
    "depth_max": 9,
    "extreme_cc_mean": 0.0,
    "high_cc_mean": 17.88888888888889,
    "lines_mean": 37.02173913043478,
    "lines_sum": 1703
  },
  "graph": {
    "cyclic_dependency_mass": 0.05128205128205128,
    "dependency_entropy": 0.17757675783879218,
    "edge_count": 31,
    "node_count": 32,
    "propagation_cost": 0.06149193548387097
  },
  "lines": {
    "comments": 155,
    "loc": 1137,
    "multi_comment": 243,
    "single_comment": 178,
    "total_lines": 1925
  },
  "lint": {
    "counts": {
      "A002": 3,
      "ARG001": 1,
      "B007": 1,
      "B904": 23,
      "C901": 8,
      "DOC201": 7,
      "DOC501": 13,
      "DOC502": 2,
      "E722": 2,
      "EM101": 16,
      "EM102": 45,
      "EXE001": 3,
      "F401": 6,
      "F841": 2,
      "FURB101": 1,
      "FURB110": 1,
      "PERF401": 3,
      "PIE790": 7,
      "PLR0911": 3,
      "PLR0912": 7,
      "PLR0913": 2,
      "PLR0914": 1,
      "PLR0915": 3,
      "PLR0917": 2,
      "PLR1702": 6,
      "PLR2004": 10,
      "PLW1514": 2,
      "PTH110": 2,
      "PTH113": 1,
      "PTH123": 2,
      "RET505": 9,
      "RUF012": 5,
      "RUF059": 2,
      "S310": 12,
      "S404": 1,
      "SIM102": 2,
      "SIM108": 5,
      "TRY003": 61,
      "TRY203": 13,
      "TRY300": 7,
      "TRY301": 1,
      "UP006": 65,
      "UP015": 2,
      "UP024": 2,
      "UP035": 4,
      "UP045": 21
    },
    "errors": 397,
    "fixable": 119
  },
  "redundancy": {
    "clone_lines": 465,
    "clone_ratio_sum": 0.6773647427400891,
    "cloned_sloc_lines": 347,
    "files_with_clones": 3
  },
  "source_files": [],
  "symbols": {
    "classes": 10,
    "expressions": 1489,
    "expressions_top_level": 14,
    "functions": 34,
    "globals": 0,
    "imports": 25,
    "max_imports": 10,
    "methods": 12,
    "statements": 401,
    "total": 56,
    "type_aliases": 0,
    "variables": 0
  },
  "verbosity_flagged_sloc_lines": 347,
  "waste": {
    "single_use_functions": 29,
    "trivial_wrappers": 0,
    "unused_variables": 17
  }
}