{
  "ast_grep": {
    "category_counts": {},
    "category_weighted": {},
    "counts": {},
    "rules_checked": 355,
    "violation_lines": 0,
    "violations": 0,
    "weighted": 0
  },
  "classes": {
    "attribute_counts_mean": 2.5789473684210527,
    "attribute_counts_sum": 49,
    "count": 19,
    "method_counts_mean": 3.8947368421052633,
    "method_counts_sum": 74
  },
  "complexity": {
    "cc_max": 77,
    "cc_ratings": {
      "A": 112,
      "B": 21,
      "C": 7,
      "D": 4,
      "E": 2,
      "F": 1
    },
    "cc_sum": 685,
    "mi_min": 0.0,
    "mi_ratings": {
      "A": 7,
      "B": 1,
      "C": 1
    },
    "mi_sum": 348.6538953202638,
    "num_complex": 14
  },
  "file_count": 9,
  "functions": {
    "cc_concentration": 0.5385730558144352,
    "cc_extreme_count": 1,
    "cc_high_count": 10,
    "cc_max": 31,
    "cc_mean": 4.702702702702703,
    "cc_normalized": 0.012654888160238935,
    "cc_std": 5.573630438534319,
    "cc_sum": 522,
    "cc_top20": 0.5957854406130269,
    "count": 111,
    "depth_max": 4,
    "extreme_cc_mean": 31.0,
    "high_cc_mean": 18.8,
    "lines_mean": 11.891891891891891,
    "lines_sum": 1320
  },
  "graph": {
    "cyclic_dependency_mass": 0.0673076923076923,
    "dependency_entropy": 0.17780921867106533,
    "edge_count": 82,
    "node_count": 104,
    "propagation_cost": 0.020164301717699777
  },
  "lines": {
    "comments": 1,
    "loc": 1304,
    "multi_comment": 9,
    "single_comment": 13,
    "total_lines": 1589
  },
  "lint": {
    "counts": {
      "ARG001": 4,
      "ARG002": 1,
      "B904": 6,
      "BLE001": 1,
      "C420": 1,
      "C901": 9,
      "DOC201": 4,
      "DOC501": 1,
      "EM101": 76,
      "EM102": 3,
      "EXE001": 1,
      "F401": 3,
      "FBT001": 6,
      "FURB101": 1,
      "FURB116": 2,
      "FURB118": 1,
      "FURB161": 1,
      "INP001": 8,
      "N806": 3,
      "PLC0415": 4,
      "PLC2701": 6,
      "PLR0911": 6,
      "PLR0912": 7,
      "PLR0914": 1,
      "PLR0915": 2,
      "PLR2004": 3,
      "PLR6201": 5,
      "PLR6301": 7,
      "PLW1514": 1,
      "PLW2901": 2,
      "PTH123": 1,
      "RUF005": 1,
      "RUF013": 13,
      "RUF021": 4,
      "SIM102": 2,
      "SLF001": 8,
      "TRY003": 4,
      "UP006": 4,
      "UP015": 1,
      "UP024": 1,
      "UP035": 1
    },
    "errors": 216,
    "fixable": 16
  },
  "redundancy": {
    "clone_lines": 70,
    "clone_ratio_sum": 0.2638411161268488,
    "cloned_sloc_lines": 70,
    "files_with_clones": 9
  },
  "source_files": [
    "cli.py",
    "trivalue.py",
    "validator.py",
    "parser.py",
    "ast_nodes.py",
    "evaluator.py",
    "errors.py",
    "operators.py"
  ],
  "symbols": {
    "classes": 19,
    "expressions": 2983,
    "expressions_top_level": 17,
    "functions": 37,
    "globals": 17,
    "imports": 28,
    "max_imports": 8,
    "methods": 74,
    "statements": 851,
    "total": 147,
    "type_aliases": 0,
    "variables": 17
  },
  "verbosity_flagged_sloc_lines": 70,
  "waste": {
    "single_use_functions": 26,
    "trivial_wrappers": 1,
    "unused_variables": 18
  }
}