{
  "ast_grep": {
    "category_counts": {},
    "category_weighted": {},
    "counts": {},
    "rules_checked": 355,
    "violation_lines": 0,
    "violations": 0,
    "weighted": 0
  },
  "classes": {
    "attribute_counts_mean": 2.6666666666666665,
    "attribute_counts_sum": 40,
    "count": 15,
    "method_counts_mean": 4.266666666666667,
    "method_counts_sum": 64
  },
  "complexity": {
    "cc_max": 53,
    "cc_ratings": {
      "A": 75,
      "B": 17,
      "C": 11,
      "D": 5,
      "E": 4,
      "F": 5
    },
    "cc_sum": 885,
    "mi_min": 0.0,
    "mi_ratings": {
      "A": 1,
      "B": 1,
      "C": 1
    },
    "mi_sum": 79.10453745658728,
    "num_complex": 25
  },
  "file_count": 3,
  "functions": {
    "cc_concentration": 0.5748029717950455,
    "cc_extreme_count": 3,
    "cc_high_count": 14,
    "cc_max": 43,
    "cc_mean": 5.850574712643678,
    "cc_normalized": 0.020527117181544104,
    "cc_std": 7.818476529814494,
    "cc_sum": 509,
    "cc_top20": 0.6227897838899804,
    "count": 87,
    "depth_max": 6,
    "extreme_cc_mean": 35.333333333333336,
    "high_cc_mean": 20.142857142857142,
    "lines_mean": 26.471264367816094,
    "lines_sum": 2303
  },
  "graph": {
    "cyclic_dependency_mass": 0.0,
    "dependency_entropy": 0.10638297872340426,
    "edge_count": 27,
    "node_count": 47,
    "propagation_cost": 0.018038852913968548
  },
  "lines": {
    "comments": 261,
    "loc": 1806,
    "multi_comment": 20,
    "single_comment": 313,
    "total_lines": 2645
  },
  "lint": {
    "counts": {
      "ARG002": 2,
      "B007": 10,
      "B904": 10,
      "BLE001": 24,
      "C901": 6,
      "DOC201": 55,
      "DOC501": 10,
      "EM102": 10,
      "ERA001": 2,
      "EXE001": 3,
      "F401": 15,
      "F541": 1,
      "F841": 7,
      "FBT001": 4,
      "FBT002": 2,
      "FURB110": 1,
      "FURB118": 3,
      "N803": 4,
      "PERF102": 9,
      "PERF203": 1,
      "PLC0415": 14,
      "PLR0911": 4,
      "PLR0912": 6,
      "PLR0914": 8,
      "PLR0915": 3,
      "PLR1702": 1,
      "PLR1714": 2,
      "PLR1722": 2,
      "PLR2004": 4,
      "PLR6201": 3,
      "PLR6301": 19,
      "PLW0602": 5,
      "PLW0603": 3,
      "PLW2901": 2,
      "PTH110": 14,
      "PTH112": 2,
      "PTH118": 14,
      "PTH123": 2,
      "RET504": 1,
      "RUF012": 3,
      "RUF059": 2,
      "S113": 10,
      "SIM103": 4,
      "SIM114": 3,
      "SIM910": 1,
      "TRY003": 10,
      "TRY300": 2,
      "UP006": 54,
      "UP015": 2,
      "UP035": 6,
      "UP045": 25
    },
    "errors": 410,
    "fixable": 120
  },
  "redundancy": {
    "clone_lines": 146,
    "clone_ratio_sum": 0.1453382737741689,
    "cloned_sloc_lines": 132,
    "files_with_clones": 3
  },
  "source_files": [],
  "symbols": {
    "classes": 15,
    "expressions": 3784,
    "expressions_top_level": 70,
    "functions": 23,
    "globals": 15,
    "imports": 51,
    "max_imports": 24,
    "methods": 64,
    "statements": 847,
    "total": 117,
    "type_aliases": 0,
    "variables": 15
  },
  "verbosity_flagged_sloc_lines": 132,
  "waste": {
    "single_use_functions": 23,
    "trivial_wrappers": 0,
    "unused_variables": 55
  }
}