{
  "ast_grep": {
    "category_counts": {},
    "category_weighted": {},
    "counts": {},
    "rules_checked": 355,
    "violation_lines": 0,
    "violations": 0,
    "weighted": 0
  },
  "classes": {
    "attribute_counts_mean": 4.344827586206897,
    "attribute_counts_sum": 126,
    "count": 29,
    "method_counts_mean": 1.6206896551724137,
    "method_counts_sum": 47
  },
  "complexity": {
    "cc_max": 104,
    "cc_ratings": {
      "A": 55,
      "B": 9,
      "C": 9,
      "D": 0,
      "E": 2,
      "F": 4
    },
    "cc_sum": 617,
    "mi_min": 0.0,
    "mi_ratings": {
      "A": 0,
      "B": 0,
      "C": 1
    },
    "mi_sum": 0.0,
    "num_complex": 15
  },
  "file_count": 1,
  "functions": {
    "cc_concentration": 0.5284023668639053,
    "cc_extreme_count": 2,
    "cc_high_count": 11,
    "cc_max": 40,
    "cc_mean": 6.76,
    "cc_normalized": 0.02644822503070764,
    "cc_std": 7.773739152310378,
    "cc_sum": 338,
    "cc_top20": 0.5650887573964497,
    "count": 50,
    "depth_max": 6,
    "extreme_cc_mean": 35.5,
    "high_cc_mean": 18.363636363636363,
    "lines_mean": 21.36,
    "lines_sum": 1068
  },
  "graph": {
    "cyclic_dependency_mass": 0.18771331058020477,
    "dependency_entropy": 0.4376528658200248,
    "edge_count": 124,
    "node_count": 49,
    "propagation_cost": 0.13350340136054423
  },
  "lines": {
    "comments": 81,
    "loc": 1114,
    "multi_comment": 4,
    "single_comment": 81,
    "total_lines": 1413
  },
  "lint": {
    "counts": {
      "ANN401": 8,
      "ARG001": 1,
      "BLE001": 3,
      "C901": 9,
      "DOC201": 9,
      "DOC501": 4,
      "EM102": 11,
      "EXE001": 1,
      "F401": 3,
      "F841": 5,
      "FBT003": 1,
      "FURB101": 1,
      "FURB110": 1,
      "PIE790": 1,
      "PLR0904": 1,
      "PLR0911": 4,
      "PLR0912": 9,
      "PLR0914": 1,
      "PLR0915": 2,
      "PLR1702": 2,
      "PLR1714": 1,
      "PLR2004": 1,
      "PLR6201": 3,
      "PLR6301": 3,
      "PLW1510": 1,
      "PLW1514": 3,
      "PTH100": 2,
      "PTH103": 2,
      "PTH110": 3,
      "PTH118": 1,
      "PTH123": 3,
      "RET503": 5,
      "RET504": 1,
      "RET505": 11,
      "RUF012": 1,
      "RUF045": 1,
      "S404": 1,
      "S602": 1,
      "SIM114": 2,
      "TRY003": 11,
      "UP006": 33,
      "UP015": 2,
      "UP035": 3,
      "UP045": 10
    },
    "errors": 182,
    "fixable": 73
  },
  "redundancy": {
    "clone_lines": 59,
    "clone_ratio_sum": 0.05296229802513465,
    "cloned_sloc_lines": 58,
    "files_with_clones": 1
  },
  "source_files": [],
  "symbols": {
    "classes": 29,
    "expressions": 3463,
    "expressions_top_level": 49,
    "functions": 3,
    "globals": 0,
    "imports": 13,
    "max_imports": 13,
    "methods": 47,
    "statements": 534,
    "total": 79,
    "type_aliases": 0,
    "variables": 0
  },
  "verbosity_flagged_sloc_lines": 58,
  "waste": {
    "single_use_functions": 3,
    "trivial_wrappers": 0,
    "unused_variables": 29
  }
}