{
  "ast_grep": {
    "category_counts": {},
    "category_weighted": {},
    "counts": {},
    "rules_checked": 355,
    "violation_lines": 0,
    "violations": 0,
    "weighted": 0
  },
  "classes": {
    "attribute_counts_mean": 1.4375,
    "attribute_counts_sum": 46,
    "count": 32,
    "method_counts_mean": 0.8125,
    "method_counts_sum": 26
  },
  "complexity": {
    "cc_max": 49,
    "cc_ratings": {
      "A": 75,
      "B": 6,
      "C": 3,
      "D": 1,
      "E": 3,
      "F": 4
    },
    "cc_sum": 476,
    "mi_min": 0.0,
    "mi_ratings": {
      "A": 0,
      "B": 0,
      "C": 1
    },
    "mi_sum": 0.0,
    "num_complex": 11
  },
  "file_count": 1,
  "functions": {
    "cc_concentration": 0.6530655391120508,
    "cc_extreme_count": 6,
    "cc_high_count": 10,
    "cc_max": 49,
    "cc_mean": 9.772727272727273,
    "cc_normalized": 0.04929628837712403,
    "cc_std": 14.392930493925128,
    "cc_sum": 430,
    "cc_top20": 0.7232558139534884,
    "count": 44,
    "depth_max": 5,
    "extreme_cc_mean": 43.333333333333336,
    "high_cc_mean": 32.4,
    "lines_mean": 48.38636363636363,
    "lines_sum": 2129
  },
  "graph": {
    "cyclic_dependency_mass": 0.03636363636363636,
    "dependency_entropy": 0.28851208299264103,
    "edge_count": 55,
    "node_count": 41,
    "propagation_cost": 0.075
  },
  "lines": {
    "comments": 199,
    "loc": 1660,
    "multi_comment": 74,
    "single_comment": 199,
    "total_lines": 2326
  },
  "lint": {
    "counts": {
      "A001": 1,
      "A002": 1,
      "B007": 3,
      "B023": 2,
      "B904": 7,
      "BLE001": 1,
      "C901": 11,
      "DOC201": 14,
      "DOC501": 28,
      "EM101": 9,
      "EM102": 99,
      "ERA001": 2,
      "EXE001": 1,
      "F401": 1,
      "F541": 6,
      "F811": 1,
      "FBT001": 3,
      "FURB105": 2,
      "FURB118": 1,
      "FURB161": 1,
      "PERF401": 1,
      "PIE810": 1,
      "PLC0415": 1,
      "PLR0911": 3,
      "PLR0912": 11,
      "PLR0913": 1,
      "PLR0914": 6,
      "PLR0915": 7,
      "PLR0917": 1,
      "PLR2004": 4,
      "PLR6201": 14,
      "PLW1514": 3,
      "PLW2901": 3,
      "PTH110": 2,
      "PTH122": 1,
      "PTH123": 3,
      "RET503": 1,
      "RET505": 13,
      "RET507": 3,
      "RET508": 1,
      "RUF005": 1,
      "RUF013": 2,
      "S105": 15,
      "SIM102": 2,
      "SIM108": 1,
      "TRY003": 108,
      "TRY004": 1,
      "TRY300": 1,
      "UP006": 53,
      "UP015": 3,
      "UP035": 4,
      "UP045": 12
    },
    "errors": 477,
    "fixable": 100
  },
  "redundancy": {
    "clone_lines": 480,
    "clone_ratio_sum": 0.27951807228915665,
    "cloned_sloc_lines": 464,
    "files_with_clones": 1
  },
  "source_files": [],
  "symbols": {
    "classes": 32,
    "expressions": 1893,
    "expressions_top_level": 18,
    "functions": 18,
    "globals": 16,
    "imports": 7,
    "max_imports": 7,
    "methods": 26,
    "statements": 640,
    "total": 92,
    "type_aliases": 0,
    "variables": 16
  },
  "verbosity_flagged_sloc_lines": 464,
  "waste": {
    "single_use_functions": 9,
    "trivial_wrappers": 0,
    "unused_variables": 18
  }
}