{
  "ast_grep": {
    "category_counts": {},
    "category_weighted": {},
    "counts": {},
    "rules_checked": 355,
    "violation_lines": 0,
    "violations": 0,
    "weighted": 0
  },
  "classes": {
    "attribute_counts_mean": 1.5,
    "attribute_counts_sum": 3,
    "count": 2,
    "method_counts_mean": 11.5,
    "method_counts_sum": 23
  },
  "complexity": {
    "cc_max": 125,
    "cc_ratings": {
      "A": 16,
      "B": 8,
      "C": 4,
      "D": 0,
      "E": 0,
      "F": 2
    },
    "cc_sum": 329,
    "mi_min": 12.110968157041,
    "mi_ratings": {
      "A": 0,
      "B": 1,
      "C": 0
    },
    "mi_sum": 12.110968157041,
    "num_complex": 6
  },
  "file_count": 1,
  "functions": {
    "cc_concentration": 0.4726443768996961,
    "cc_extreme_count": 1,
    "cc_high_count": 4,
    "cc_max": 42,
    "cc_mean": 6.714285714285714,
    "cc_normalized": 0.04916754690407927,
    "cc_std": 7.878038592409411,
    "cc_sum": 188,
    "cc_top20": 0.5425531914893617,
    "count": 28,
    "depth_max": 6,
    "extreme_cc_mean": 42.0,
    "high_cc_mean": 20.5,
    "lines_mean": 29.107142857142858,
    "lines_sum": 815
  },
  "graph": {
    "cyclic_dependency_mass": 0.0,
    "dependency_entropy": 0.14750250344716162,
    "edge_count": 25,
    "node_count": 27,
    "propagation_cost": 0.08547008547008547
  },
  "lines": {
    "comments": 80,
    "loc": 589,
    "multi_comment": 0,
    "single_comment": 107,
    "total_lines": 863
  },
  "lint": {
    "counts": {
      "ARG002": 4,
      "B007": 1,
      "B904": 5,
      "B905": 1,
      "BLE001": 7,
      "C901": 3,
      "DOC201": 20,
      "DOC501": 8,
      "EM101": 3,
      "EM102": 9,
      "EXE001": 1,
      "F401": 1,
      "F841": 1,
      "FURB101": 1,
      "FURB110": 4,
      "PD011": 9,
      "PD015": 1,
      "PERF203": 1,
      "PLR0912": 2,
      "PLR0914": 2,
      "PLR0915": 1,
      "PLR1702": 1,
      "PLR6301": 11,
      "PLW1514": 1,
      "PLW2901": 3,
      "PTH112": 1,
      "PTH113": 1,
      "PTH123": 1,
      "PTH207": 1,
      "RET504": 2,
      "RUF005": 1,
      "RUF013": 1,
      "RUF055": 1,
      "TRY003": 12,
      "TRY300": 1,
      "TRY301": 1,
      "UP006": 20,
      "UP015": 1,
      "UP035": 2,
      "UP045": 1
    },
    "errors": 148,
    "fixable": 27
  },
  "redundancy": {
    "clone_lines": 52,
    "clone_ratio_sum": 0.08828522920203735,
    "cloned_sloc_lines": 52,
    "files_with_clones": 1
  },
  "source_files": [],
  "symbols": {
    "classes": 2,
    "expressions": 1622,
    "expressions_top_level": 5,
    "functions": 5,
    "globals": 0,
    "imports": 9,
    "max_imports": 9,
    "methods": 23,
    "statements": 345,
    "total": 30,
    "type_aliases": 0,
    "variables": 0
  },
  "verbosity_flagged_sloc_lines": 52,
  "waste": {
    "single_use_functions": 5,
    "trivial_wrappers": 0,
    "unused_variables": 6
  }
}