id,spent,first_name
4,335.93,Teodor
33,108.95999999999998,Osmond
3,74.46,Sheilah
19,54.970000000000006,Darryl
31,53.47,Othilia
2,48.97,Darin
5,39.48,Mirelle
32,6.78,Gaylene
1,5.49,Rori