{
  "ast_grep": {
    "category_counts": {},
    "category_weighted": {},
    "counts": {},
    "rules_checked": 355,
    "violation_lines": 0,
    "violations": 0,
    "weighted": 0
  },
  "classes": {
    "attribute_counts_mean": 0.0,
    "attribute_counts_sum": 0,
    "count": 1,
    "method_counts_mean": 6.0,
    "method_counts_sum": 6
  },
  "complexity": {
    "cc_max": 90,
    "cc_ratings": {
      "A": 44,
      "B": 3,
      "C": 4,
      "D": 1,
      "E": 1,
      "F": 2
    },
    "cc_sum": 401,
    "mi_min": 28.587338838632505,
    "mi_ratings": {
      "A": 7,
      "B": 0,
      "C": 0
    },
    "mi_sum": 301.41555049368515,
    "num_complex": 8
  },
  "file_count": 7,
  "functions": {
    "cc_concentration": 0.6653151726322458,
    "cc_extreme_count": 3,
    "cc_high_count": 7,
    "cc_max": 90,
    "cc_mean": 9.390243902439025,
    "cc_normalized": 0.09169337156350144,
    "cc_std": 18.20697400555689,
    "cc_sum": 385,
    "cc_top20": 0.7532467532467533,
    "count": 41,
    "depth_max": 5,
    "extreme_cc_mean": 66.0,
    "high_cc_mean": 38.857142857142854,
    "lines_mean": 39.390243902439025,
    "lines_sum": 1615
  },
  "graph": {
    "cyclic_dependency_mass": 0.0,
    "dependency_entropy": 0.0,
    "edge_count": 0,
    "node_count": 0,
    "propagation_cost": 0.0
  },
  "lines": {
    "comments": 152,
    "loc": 1404,
    "multi_comment": 0,
    "single_comment": 191,
    "total_lines": 1853
  },
  "lint": {
    "counts": {
      "A002": 1,
      "ANN401": 1,
      "ARG002": 1,
      "BLE001": 13,
      "C401": 1,
      "C901": 5,
      "DOC201": 23,
      "E712": 7,
      "ERA001": 5,
      "EXE001": 7,
      "F401": 2,
      "F541": 26,
      "F841": 3,
      "FBT001": 1,
      "FBT002": 1,
      "FURB110": 3,
      "PIE790": 1,
      "PLC0415": 1,
      "PLC1901": 3,
      "PLR0911": 1,
      "PLR0912": 5,
      "PLR0914": 4,
      "PLR0915": 5,
      "PLR2004": 70,
      "PLW1514": 2,
      "PT028": 1,
      "PTH103": 1,
      "PTH110": 1,
      "PTH118": 2,
      "PTH123": 2,
      "PTH208": 1,
      "RET502": 2,
      "RET505": 2,
      "RUF010": 2,
      "S108": 1,
      "S310": 16,
      "S404": 6,
      "S603": 2,
      "S607": 6,
      "SIM102": 2,
      "UP015": 1,
      "UP024": 2
    },
    "errors": 242,
    "fixable": 45
  },
  "redundancy": {
    "clone_lines": 177,
    "clone_ratio_sum": 0.6609153423548377,
    "cloned_sloc_lines": 176,
    "files_with_clones": 7
  },
  "source_files": null,
  "symbols": {
    "classes": 1,
    "expressions": 1688,
    "expressions_top_level": 46,
    "functions": 35,
    "globals": 13,
    "imports": 56,
    "max_imports": 15,
    "methods": 6,
    "statements": 339,
    "total": 55,
    "type_aliases": 0,
    "variables": 13
  },
  "verbosity_flagged_sloc_lines": 176,
  "waste": {
    "single_use_functions": 27,
    "trivial_wrappers": 0,
    "unused_variables": 16
  }
}