{
  "ast_grep": {
    "category_counts": {},
    "category_weighted": {},
    "counts": {},
    "rules_checked": 355,
    "violation_lines": 0,
    "violations": 0,
    "weighted": 0
  },
  "classes": {
    "attribute_counts_mean": 3.7,
    "attribute_counts_sum": 74,
    "count": 20,
    "method_counts_mean": 0.0,
    "method_counts_sum": 0
  },
  "complexity": {
    "cc_max": 28,
    "cc_ratings": {
      "A": 75,
      "B": 21,
      "C": 20,
      "D": 14,
      "E": 0,
      "F": 0
    },
    "cc_sum": 954,
    "mi_min": 0.0,
    "mi_ratings": {
      "A": 2,
      "B": 0,
      "C": 2
    },
    "mi_sum": 161.89267549368023,
    "num_complex": 34
  },
  "file_count": 4,
  "functions": {
    "cc_concentration": 0.4683130421402881,
    "cc_extreme_count": 0,
    "cc_high_count": 34,
    "cc_max": 28,
    "cc_mean": 8.752293577981652,
    "cc_normalized": 0.006977763355521794,
    "cc_std": 7.6329645268774495,
    "cc_sum": 954,
    "cc_top20": 0.4968553459119497,
    "count": 109,
    "depth_max": 9,
    "extreme_cc_mean": 0.0,
    "high_cc_mean": 18.41176470588235,
    "lines_mean": 47.981651376146786,
    "lines_sum": 5230
  },
  "graph": {
    "cyclic_dependency_mass": 0.0,
    "dependency_entropy": 0.22560349424994108,
    "edge_count": 56,
    "node_count": 52,
    "propagation_cost": 0.0524132730015083
  },
  "lines": {
    "comments": 289,
    "loc": 4447,
    "multi_comment": 11,
    "single_comment": 369,
    "total_lines": 5745
  },
  "lint": {
    "counts": {
      "ANN401": 10,
      "ARG001": 8,
      "B007": 4,
      "B905": 2,
      "C401": 2,
      "C901": 26,
      "DOC201": 99,
      "DOC501": 4,
      "EM101": 2,
      "EM102": 2,
      "EXE001": 3,
      "F401": 7,
      "F541": 22,
      "F821": 4,
      "F841": 2,
      "FURB103": 8,
      "FURB113": 6,
      "FURB171": 8,
      "FURB192": 2,
      "PERF401": 18,
      "PLC0415": 2,
      "PLR0911": 4,
      "PLR0912": 18,
      "PLR0913": 2,
      "PLR0915": 2,
      "PLR0917": 2,
      "PLR1702": 12,
      "PLR2004": 32,
      "PLR6201": 32,
      "PLW1514": 8,
      "PLW2901": 2,
      "PTH118": 10,
      "PTH123": 16,
      "Q001": 48,
      "Q003": 26,
      "RET505": 32,
      "RET507": 10,
      "SIM102": 12,
      "SIM114": 14,
      "SIM116": 8,
      "TRY003": 4,
      "TRY004": 2,
      "UP006": 246,
      "UP015": 8,
      "UP035": 6,
      "UP045": 18
    },
    "errors": 815,
    "fixable": 457
  },
  "redundancy": {
    "clone_lines": 1062,
    "clone_ratio_sum": 0.614551312847671,
    "cloned_sloc_lines": 664,
    "files_with_clones": 4
  },
  "source_files": [],
  "symbols": {
    "classes": 20,
    "expressions": 3171,
    "expressions_top_level": 50,
    "functions": 109,
    "globals": 1,
    "imports": 25,
    "max_imports": 9,
    "methods": 0,
    "statements": 862,
    "total": 130,
    "type_aliases": 0,
    "variables": 1
  },
  "verbosity_flagged_sloc_lines": 664,
  "waste": {
    "single_use_functions": 95,
    "trivial_wrappers": 0,
    "unused_variables": 3
  }
}