{
  "ast_grep": {
    "category_counts": {},
    "category_weighted": {},
    "counts": {},
    "rules_checked": 355,
    "violation_lines": 0,
    "violations": 0,
    "weighted": 0
  },
  "classes": {
    "attribute_counts_mean": 0.26666666666666666,
    "attribute_counts_sum": 4,
    "count": 15,
    "method_counts_mean": 2.8,
    "method_counts_sum": 42
  },
  "complexity": {
    "cc_max": 49,
    "cc_ratings": {
      "A": 42,
      "B": 28,
      "C": 12,
      "D": 2,
      "E": 2,
      "F": 1
    },
    "cc_sum": 657,
    "mi_min": 0.0,
    "mi_ratings": {
      "A": 1,
      "B": 0,
      "C": 1
    },
    "mi_sum": 42.485091327508826,
    "num_complex": 17
  },
  "file_count": 2,
  "functions": {
    "cc_concentration": 0.4263058527375708,
    "cc_extreme_count": 1,
    "cc_high_count": 10,
    "cc_max": 32,
    "cc_mean": 6.485714285714286,
    "cc_normalized": 0.010943886670261095,
    "cc_std": 5.676656642938865,
    "cc_sum": 454,
    "cc_top20": 0.4713656387665198,
    "count": 70,
    "depth_max": 10,
    "extreme_cc_mean": 32.0,
    "high_cc_mean": 17.4,
    "lines_mean": 22.042857142857144,
    "lines_sum": 1543
  },
  "graph": {
    "cyclic_dependency_mass": 0.0,
    "dependency_entropy": 0.17826945885851647,
    "edge_count": 11,
    "node_count": 11,
    "propagation_cost": 0.12727272727272726
  },
  "lines": {
    "comments": 97,
    "loc": 1253,
    "multi_comment": 21,
    "single_comment": 147,
    "total_lines": 1741
  },
  "lint": {
    "counts": {
      "A001": 1,
      "ANN401": 4,
      "ARG001": 1,
      "ARG005": 1,
      "B007": 5,
      "B904": 1,
      "B905": 3,
      "BLE001": 13,
      "C901": 9,
      "DOC201": 37,
      "DOC402": 1,
      "DOC501": 5,
      "EM101": 31,
      "EM102": 8,
      "EXE001": 2,
      "F401": 3,
      "F821": 1,
      "F841": 5,
      "FBT001": 3,
      "FBT002": 1,
      "FURB101": 1,
      "FURB171": 2,
      "FURB188": 2,
      "PERF102": 1,
      "PERF203": 2,
      "PERF401": 3,
      "PIE790": 2,
      "PLC0415": 4,
      "PLR0911": 2,
      "PLR0912": 5,
      "PLR0914": 2,
      "PLR0915": 1,
      "PLR1702": 6,
      "PLR1714": 4,
      "PLR2004": 1,
      "PLR5501": 1,
      "PLR6104": 1,
      "PLR6201": 6,
      "PLR6301": 3,
      "PTH123": 14,
      "RET505": 2,
      "RUF005": 8,
      "RUF012": 1,
      "RUF013": 1,
      "RUF059": 1,
      "S110": 2,
      "S112": 2,
      "SIM102": 5,
      "SIM108": 1,
      "SLF001": 10,
      "TRY003": 39,
      "UP006": 125,
      "UP015": 6,
      "UP035": 5,
      "UP045": 13
    },
    "errors": 419,
    "fixable": 171
  },
  "redundancy": {
    "clone_lines": 111,
    "clone_ratio_sum": 0.13058462341102228,
    "cloned_sloc_lines": 111,
    "files_with_clones": 2
  },
  "source_files": [],
  "symbols": {
    "classes": 15,
    "expressions": 2080,
    "expressions_top_level": 10,
    "functions": 28,
    "globals": 2,
    "imports": 24,
    "max_imports": 14,
    "methods": 42,
    "statements": 770,
    "total": 87,
    "type_aliases": 0,
    "variables": 2
  },
  "verbosity_flagged_sloc_lines": 111,
  "waste": {
    "single_use_functions": 22,
    "trivial_wrappers": 0,
    "unused_variables": 9
  }
}