{
  "ast_grep": {
    "category_counts": {},
    "category_weighted": {},
    "counts": {},
    "rules_checked": 355,
    "violation_lines": 0,
    "violations": 0,
    "weighted": 0
  },
  "classes": {
    "attribute_counts_mean": 2.176470588235294,
    "attribute_counts_sum": 37,
    "count": 17,
    "method_counts_mean": 0.8823529411764706,
    "method_counts_sum": 15
  },
  "complexity": {
    "cc_max": 37,
    "cc_ratings": {
      "A": 45,
      "B": 1,
      "C": 6,
      "D": 0,
      "E": 1,
      "F": 0
    },
    "cc_sum": 179,
    "mi_min": 21.698238443014198,
    "mi_ratings": {
      "A": 1,
      "B": 0,
      "C": 0
    },
    "mi_sum": 21.698238443014198,
    "num_complex": 7
  },
  "file_count": 1,
  "functions": {
    "cc_concentration": 0.5666305525460456,
    "cc_extreme_count": 0,
    "cc_high_count": 6,
    "cc_max": 20,
    "cc_mean": 5.461538461538462,
    "cc_normalized": 0.05304503074786749,
    "cc_std": 6.41392715412808,
    "cc_sum": 142,
    "cc_top20": 0.6901408450704225,
    "count": 26,
    "depth_max": 4,
    "extreme_cc_mean": 0.0,
    "high_cc_mean": 16.333333333333332,
    "lines_mean": 23.807692307692307,
    "lines_sum": 619
  },
  "graph": {
    "cyclic_dependency_mass": 0.0,
    "dependency_entropy": 0.2306617405234904,
    "edge_count": 21,
    "node_count": 24,
    "propagation_cost": 0.06884057971014493
  },
  "lines": {
    "comments": 61,
    "loc": 550,
    "multi_comment": 0,
    "single_comment": 53,
    "total_lines": 745
  },
  "lint": {
    "counts": {
      "ARG001": 1,
      "B007": 2,
      "BLE001": 1,
      "C420": 1,
      "C901": 6,
      "DOC201": 3,
      "DOC501": 10,
      "EM101": 1,
      "EM102": 28,
      "EXE001": 1,
      "F401": 1,
      "F541": 8,
      "F841": 1,
      "FURB101": 1,
      "FURB118": 2,
      "N801": 1,
      "N806": 4,
      "N818": 1,
      "PLC1901": 1,
      "PLR0912": 5,
      "PLR0914": 1,
      "PLR0915": 1,
      "PLR1714": 1,
      "PLR2004": 1,
      "PLR5501": 1,
      "PLR6201": 1,
      "PLW1514": 1,
      "PTH113": 1,
      "PTH123": 1,
      "RET505": 1,
      "RET506": 3,
      "RUF005": 1,
      "RUF023": 4,
      "RUF059": 4,
      "TRY003": 29,
      "UP015": 1
    },
    "errors": 131,
    "fixable": 23
  },
  "redundancy": {
    "clone_lines": 70,
    "clone_ratio_sum": 0.12727272727272726,
    "cloned_sloc_lines": 70,
    "files_with_clones": 1
  },
  "source_files": [],
  "symbols": {
    "classes": 17,
    "expressions": 844,
    "expressions_top_level": 9,
    "functions": 11,
    "globals": 10,
    "imports": 5,
    "max_imports": 5,
    "methods": 15,
    "statements": 204,
    "total": 53,
    "type_aliases": 0,
    "variables": 10
  },
  "verbosity_flagged_sloc_lines": 70,
  "waste": {
    "single_use_functions": 10,
    "trivial_wrappers": 0,
    "unused_variables": 16
  }
}