{
  "ast_grep": {
    "category_counts": {},
    "category_weighted": {},
    "counts": {},
    "rules_checked": 355,
    "violation_lines": 0,
    "violations": 0,
    "weighted": 0
  },
  "classes": {
    "attribute_counts_mean": 2.933333333333333,
    "attribute_counts_sum": 44,
    "count": 15,
    "method_counts_mean": 3.3333333333333335,
    "method_counts_sum": 50
  },
  "complexity": {
    "cc_max": 81,
    "cc_ratings": {
      "A": 69,
      "B": 18,
      "C": 10,
      "D": 4,
      "E": 1,
      "F": 2
    },
    "cc_sum": 680,
    "mi_min": 0.0,
    "mi_ratings": {
      "A": 0,
      "B": 0,
      "C": 1
    },
    "mi_sum": 0.0,
    "num_complex": 17
  },
  "file_count": 1,
  "functions": {
    "cc_concentration": 0.5115447154471545,
    "cc_extreme_count": 1,
    "cc_high_count": 13,
    "cc_max": 32,
    "cc_mean": 6.56,
    "cc_normalized": 0.0147150050109598,
    "cc_std": 6.891514563067611,
    "cc_sum": 492,
    "cc_top20": 0.5304878048780488,
    "count": 75,
    "depth_max": 4,
    "extreme_cc_mean": 32.0,
    "high_cc_mean": 18.53846153846154,
    "lines_mean": 17.533333333333335,
    "lines_sum": 1315
  },
  "graph": {
    "cyclic_dependency_mass": 0.15841584158415842,
    "dependency_entropy": 0.1816058626225409,
    "edge_count": 65,
    "node_count": 73,
    "propagation_cost": 0.03367579908675799
  },
  "lines": {
    "comments": 31,
    "loc": 1260,
    "multi_comment": 6,
    "single_comment": 35,
    "total_lines": 1528
  },
  "lint": {
    "counts": {
      "ARG001": 1,
      "B904": 7,
      "BLE001": 1,
      "C420": 1,
      "C901": 11,
      "DOC201": 5,
      "DOC501": 3,
      "EM101": 97,
      "EM102": 6,
      "EXE001": 1,
      "FBT001": 4,
      "FURB101": 1,
      "FURB116": 2,
      "FURB118": 1,
      "FURB161": 1,
      "N806": 3,
      "PLR0911": 6,
      "PLR0912": 8,
      "PLR0914": 2,
      "PLR0915": 2,
      "PLR2004": 3,
      "PLR5501": 1,
      "PLR6201": 9,
      "PLR6301": 3,
      "PLW1514": 1,
      "PLW2901": 2,
      "PTH123": 1,
      "RUF005": 1,
      "RUF013": 10,
      "RUF021": 4,
      "SIM102": 1,
      "SLF001": 2,
      "TRY003": 7,
      "UP006": 4,
      "UP015": 1,
      "UP024": 1,
      "UP035": 1
    },
    "errors": 215,
    "fixable": 14
  },
  "redundancy": {
    "clone_lines": 76,
    "clone_ratio_sum": 0.06031746031746032,
    "cloned_sloc_lines": 76,
    "files_with_clones": 1
  },
  "source_files": [],
  "symbols": {
    "classes": 15,
    "expressions": 2977,
    "expressions_top_level": 12,
    "functions": 25,
    "globals": 14,
    "imports": 5,
    "max_imports": 5,
    "methods": 50,
    "statements": 878,
    "total": 104,
    "type_aliases": 0,
    "variables": 14
  },
  "verbosity_flagged_sloc_lines": 76,
  "waste": {
    "single_use_functions": 16,
    "trivial_wrappers": 1,
    "unused_variables": 19
  }
}