{
  "ast_grep": {
    "category_counts": {},
    "category_weighted": {},
    "counts": {},
    "rules_checked": 355,
    "violation_lines": 0,
    "violations": 0,
    "weighted": 0
  },
  "classes": {
    "attribute_counts_mean": 2.2,
    "attribute_counts_sum": 22,
    "count": 10,
    "method_counts_mean": 1.2,
    "method_counts_sum": 12
  },
  "complexity": {
    "cc_max": 31,
    "cc_ratings": {
      "A": 37,
      "B": 16,
      "C": 7,
      "D": 3,
      "E": 1,
      "F": 0
    },
    "cc_sum": 399,
    "mi_min": 0.0,
    "mi_ratings": {
      "A": 2,
      "B": 0,
      "C": 1
    },
    "mi_sum": 97.68737691197285,
    "num_complex": 11
  },
  "file_count": 3,
  "functions": {
    "cc_concentration": 0.5051772202309837,
    "cc_extreme_count": 1,
    "cc_high_count": 11,
    "cc_max": 31,
    "cc_mean": 6.888888888888889,
    "cc_normalized": 0.018975909528203716,
    "cc_std": 6.9734446880727505,
    "cc_sum": 372,
    "cc_top20": 0.553763440860215,
    "count": 54,
    "depth_max": 9,
    "extreme_cc_mean": 31.0,
    "high_cc_mean": 18.727272727272727,
    "lines_mean": 38.907407407407405,
    "lines_sum": 2101
  },
  "graph": {
    "cyclic_dependency_mass": 0.044444444444444446,
    "dependency_entropy": 0.1437996051169618,
    "edge_count": 37,
    "node_count": 40,
    "propagation_cost": 0.04871794871794872
  },
  "lines": {
    "comments": 189,
    "loc": 1334,
    "multi_comment": 350,
    "single_comment": 209,
    "total_lines": 2339
  },
  "lint": {
    "counts": {
      "A002": 3,
      "ANN401": 1,
      "ARG001": 5,
      "B007": 1,
      "B904": 24,
      "C901": 10,
      "DOC201": 7,
      "DOC501": 12,
      "DOC502": 2,
      "E722": 2,
      "EM101": 20,
      "EM102": 52,
      "EXE001": 3,
      "F401": 6,
      "F841": 2,
      "FURB101": 1,
      "FURB110": 2,
      "FURB118": 1,
      "PERF401": 3,
      "PIE790": 7,
      "PLC1901": 1,
      "PLR0911": 4,
      "PLR0912": 10,
      "PLR0913": 5,
      "PLR0914": 2,
      "PLR0915": 4,
      "PLR0917": 5,
      "PLR1702": 6,
      "PLR2004": 10,
      "PLW1514": 2,
      "PTH110": 2,
      "PTH113": 1,
      "PTH123": 2,
      "RET505": 10,
      "RUF012": 5,
      "RUF059": 2,
      "S310": 12,
      "S404": 1,
      "SIM102": 2,
      "SIM108": 5,
      "SIM114": 1,
      "TRY003": 72,
      "TRY203": 12,
      "TRY300": 7,
      "TRY301": 1,
      "UP006": 66,
      "UP015": 2,
      "UP024": 2,
      "UP035": 4,
      "UP045": 39
    },
    "errors": 461,
    "fixable": 141
  },
  "redundancy": {
    "clone_lines": 477,
    "clone_ratio_sum": 0.6156048254665418,
    "cloned_sloc_lines": 358,
    "files_with_clones": 3
  },
  "source_files": [],
  "symbols": {
    "classes": 10,
    "expressions": 1658,
    "expressions_top_level": 15,
    "functions": 42,
    "globals": 0,
    "imports": 25,
    "max_imports": 10,
    "methods": 12,
    "statements": 471,
    "total": 64,
    "type_aliases": 0,
    "variables": 0
  },
  "verbosity_flagged_sloc_lines": 358,
  "waste": {
    "single_use_functions": 34,
    "trivial_wrappers": 0,
    "unused_variables": 19
  }
}