{
  "ast_grep": {
    "category_counts": {},
    "category_weighted": {},
    "counts": {},
    "rules_checked": 355,
    "violation_lines": 0,
    "violations": 0,
    "weighted": 0
  },
  "classes": {
    "attribute_counts_mean": 4.428571428571429,
    "attribute_counts_sum": 62,
    "count": 14,
    "method_counts_mean": 1.8571428571428572,
    "method_counts_sum": 26
  },
  "complexity": {
    "cc_max": 77,
    "cc_ratings": {
      "A": 39,
      "B": 8,
      "C": 4,
      "D": 2,
      "E": 1,
      "F": 1
    },
    "cc_sum": 347,
    "mi_min": 0.34698426040882013,
    "mi_ratings": {
      "A": 0,
      "B": 0,
      "C": 1
    },
    "mi_sum": 0.34698426040882013,
    "num_complex": 8
  },
  "file_count": 1,
  "functions": {
    "cc_concentration": 0.49871106337271753,
    "cc_extreme_count": 1,
    "cc_high_count": 6,
    "cc_max": 38,
    "cc_mean": 6.447368421052632,
    "cc_normalized": 0.03249862107004964,
    "cc_std": 7.164844233312017,
    "cc_sum": 245,
    "cc_top20": 0.5428571428571428,
    "count": 38,
    "depth_max": 5,
    "extreme_cc_mean": 38.0,
    "high_cc_mean": 18.833333333333332,
    "lines_mean": 32.28947368421053,
    "lines_sum": 1227
  },
  "graph": {
    "cyclic_dependency_mass": 0.0,
    "dependency_entropy": 0.36254680065829675,
    "edge_count": 41,
    "node_count": 38,
    "propagation_cost": 0.07539118065433854
  },
  "lines": {
    "comments": 184,
    "loc": 921,
    "multi_comment": 44,
    "single_comment": 203,
    "total_lines": 1430
  },
  "lint": {
    "counts": {
      "ARG001": 3,
      "ARG002": 5,
      "BLE001": 3,
      "C901": 3,
      "DOC201": 28,
      "DOC501": 5,
      "EM101": 2,
      "EM102": 5,
      "ERA001": 2,
      "EXE001": 1,
      "F841": 2,
      "FBT001": 1,
      "FBT002": 1,
      "PERF401": 2,
      "PLR0912": 3,
      "PLR0913": 4,
      "PLR0914": 3,
      "PLR0915": 2,
      "PLR0917": 4,
      "PLR2004": 3,
      "PLR5501": 1,
      "PLR6301": 1,
      "PLW1514": 2,
      "PTH118": 4,
      "PTH123": 2,
      "RET505": 2,
      "RUF005": 3,
      "RUF059": 6,
      "TRY003": 7,
      "UP006": 51,
      "UP015": 2,
      "UP032": 29,
      "UP035": 3,
      "UP045": 27
    },
    "errors": 222,
    "fixable": 114
  },
  "redundancy": {
    "clone_lines": 163,
    "clone_ratio_sum": 0.16612377850162866,
    "cloned_sloc_lines": 143,
    "files_with_clones": 1
  },
  "source_files": [],
  "symbols": {
    "classes": 14,
    "expressions": 2045,
    "expressions_top_level": 18,
    "functions": 12,
    "globals": 3,
    "imports": 10,
    "max_imports": 10,
    "methods": 26,
    "statements": 381,
    "total": 55,
    "type_aliases": 0,
    "variables": 3
  },
  "verbosity_flagged_sloc_lines": 143,
  "waste": {
    "single_use_functions": 8,
    "trivial_wrappers": 0,
    "unused_variables": 27
  }
}