{
  "ast_grep": {
    "category_counts": {},
    "category_weighted": {},
    "counts": {},
    "rules_checked": 355,
    "violation_lines": 0,
    "violations": 0,
    "weighted": 0
  },
  "classes": {
    "attribute_counts_mean": 5.833333333333333,
    "attribute_counts_sum": 35,
    "count": 6,
    "method_counts_mean": 3.1666666666666665,
    "method_counts_sum": 19
  },
  "complexity": {
    "cc_max": 58,
    "cc_ratings": {
      "A": 32,
      "B": 2,
      "C": 1,
      "D": 1,
      "E": 0,
      "F": 2
    },
    "cc_sum": 215,
    "mi_min": 19.773284810405077,
    "mi_ratings": {
      "A": 1,
      "B": 0,
      "C": 0
    },
    "mi_sum": 19.773284810405077,
    "num_complex": 4
  },
  "file_count": 1,
  "functions": {
    "cc_concentration": 0.6842105263157895,
    "cc_extreme_count": 1,
    "cc_high_count": 3,
    "cc_max": 56,
    "cc_mean": 5.846153846153846,
    "cc_normalized": 0.15905124653739613,
    "cc_std": 11.888455939077396,
    "cc_sum": 152,
    "cc_top20": 0.7894736842105263,
    "count": 26,
    "depth_max": 6,
    "extreme_cc_mean": 56.0,
    "high_cc_mean": 33.666666666666664,
    "lines_mean": 33.15384615384615,
    "lines_sum": 862
  },
  "graph": {
    "cyclic_dependency_mass": 0.08,
    "dependency_entropy": 0.15135900102787808,
    "edge_count": 20,
    "node_count": 26,
    "propagation_cost": 0.06769230769230769
  },
  "lines": {
    "comments": 136,
    "loc": 639,
    "multi_comment": 35,
    "single_comment": 136,
    "total_lines": 980
  },
  "lint": {
    "counts": {
      "ARG002": 2,
      "B007": 1,
      "C901": 3,
      "DOC201": 15,
      "EXE001": 1,
      "F401": 1,
      "F841": 1,
      "FURB118": 1,
      "FURB148": 1,
      "PERF401": 1,
      "PIE808": 1,
      "PLR0911": 1,
      "PLR0912": 3,
      "PLR0913": 1,
      "PLR0914": 3,
      "PLR0915": 1,
      "PLR0917": 1,
      "PLR1702": 1,
      "PLR1736": 1,
      "PLR2004": 1,
      "PLR6301": 1,
      "RUF005": 2,
      "RUF059": 1,
      "SIM102": 2,
      "UP006": 21,
      "UP035": 4,
      "UP045": 7
    },
    "errors": 79,
    "fixable": 31
  },
  "redundancy": {
    "clone_lines": 153,
    "clone_ratio_sum": 0.17683881064162754,
    "cloned_sloc_lines": 113,
    "files_with_clones": 1
  },
  "source_files": [],
  "symbols": {
    "classes": 6,
    "expressions": 1032,
    "expressions_top_level": 20,
    "functions": 7,
    "globals": 6,
    "imports": 8,
    "max_imports": 8,
    "methods": 19,
    "statements": 240,
    "total": 38,
    "type_aliases": 0,
    "variables": 6
  },
  "verbosity_flagged_sloc_lines": 113,
  "waste": {
    "single_use_functions": 4,
    "trivial_wrappers": 0,
    "unused_variables": 11
  }
}