{
  "ast_grep": {
    "category_counts": {},
    "category_weighted": {},
    "counts": {},
    "rules_checked": 355,
    "violation_lines": 0,
    "violations": 0,
    "weighted": 0
  },
  "classes": {
    "attribute_counts_mean": 0.6666666666666666,
    "attribute_counts_sum": 4,
    "count": 6,
    "method_counts_mean": 0.3333333333333333,
    "method_counts_sum": 2
  },
  "complexity": {
    "cc_max": 18,
    "cc_ratings": {
      "A": 17,
      "B": 6,
      "C": 4,
      "D": 0,
      "E": 0,
      "F": 0
    },
    "cc_sum": 131,
    "mi_min": 28.098906727718475,
    "mi_ratings": {
      "A": 1,
      "B": 0,
      "C": 0
    },
    "mi_sum": 28.098906727718475,
    "num_complex": 4
  },
  "file_count": 1,
  "functions": {
    "cc_concentration": 0.40276263177026533,
    "cc_extreme_count": 0,
    "cc_high_count": 4,
    "cc_max": 18,
    "cc_mean": 6.238095238095238,
    "cc_normalized": 0.027154594720587382,
    "cc_std": 4.710676829339516,
    "cc_sum": 131,
    "cc_top20": 0.4961832061068702,
    "count": 21,
    "depth_max": 5,
    "extreme_cc_mean": 0.0,
    "high_cc_mean": 13.75,
    "lines_mean": 35.095238095238095,
    "lines_sum": 737
  },
  "graph": {
    "cyclic_dependency_mass": 0.09523809523809523,
    "dependency_entropy": 0.17348237740763092,
    "edge_count": 16,
    "node_count": 21,
    "propagation_cost": 0.0761904761904762
  },
  "lines": {
    "comments": 78,
    "loc": 433,
    "multi_comment": 143,
    "single_comment": 85,
    "total_lines": 821
  },
  "lint": {
    "counts": {
      "B904": 10,
      "C901": 2,
      "DOC201": 5,
      "DOC501": 5,
      "DOC502": 2,
      "EM101": 8,
      "EM102": 24,
      "EXE001": 1,
      "FURB101": 1,
      "FURB110": 1,
      "PIE790": 4,
      "PLR0911": 1,
      "PLR0912": 2,
      "PLR0913": 1,
      "PLR0917": 1,
      "PLR2004": 4,
      "PLW1514": 2,
      "PTH110": 2,
      "PTH113": 1,
      "PTH123": 2,
      "RET505": 3,
      "RUF059": 1,
      "S310": 2,
      "SIM102": 1,
      "SIM108": 3,
      "TRY003": 32,
      "TRY203": 6,
      "TRY300": 5,
      "TRY301": 1,
      "UP006": 27,
      "UP015": 2,
      "UP024": 2,
      "UP035": 3,
      "UP045": 7
    },
    "errors": 174,
    "fixable": 52
  },
  "redundancy": {
    "clone_lines": 50,
    "clone_ratio_sum": 0.11547344110854503,
    "cloned_sloc_lines": 50,
    "files_with_clones": 1
  },
  "source_files": [],
  "symbols": {
    "classes": 6,
    "expressions": 347,
    "expressions_top_level": 6,
    "functions": 19,
    "globals": 0,
    "imports": 7,
    "max_imports": 7,
    "methods": 2,
    "statements": 171,
    "total": 27,
    "type_aliases": 0,
    "variables": 0
  },
  "verbosity_flagged_sloc_lines": 50,
  "waste": {
    "single_use_functions": 16,
    "trivial_wrappers": 0,
    "unused_variables": 2
  }
}