{
  "ast_grep": {
    "category_counts": {},
    "category_weighted": {},
    "counts": {},
    "rules_checked": 355,
    "violation_lines": 0,
    "violations": 0,
    "weighted": 0
  },
  "classes": {
    "attribute_counts_mean": 1.0909090909090908,
    "attribute_counts_sum": 12,
    "count": 11,
    "method_counts_mean": 1.7272727272727273,
    "method_counts_sum": 19
  },
  "complexity": {
    "cc_max": 69,
    "cc_ratings": {
      "A": 44,
      "B": 8,
      "C": 8,
      "D": 0,
      "E": 1,
      "F": 1
    },
    "cc_sum": 381,
    "mi_min": 0.0,
    "mi_ratings": {
      "A": 0,
      "B": 0,
      "C": 1
    },
    "mi_sum": 0.0,
    "num_complex": 10
  },
  "file_count": 1,
  "functions": {
    "cc_concentration": 0.568349719491196,
    "cc_extreme_count": 2,
    "cc_high_count": 9,
    "cc_max": 69,
    "cc_mean": 6.921568627450981,
    "cc_normalized": 0.046573521976743255,
    "cc_std": 10.667414189492975,
    "cc_sum": 353,
    "cc_top20": 0.6203966005665722,
    "count": 51,
    "depth_max": 9,
    "extreme_cc_mean": 51.0,
    "high_cc_mean": 22.333333333333332,
    "lines_mean": 23.333333333333332,
    "lines_sum": 1190
  },
  "graph": {
    "cyclic_dependency_mass": 0.0,
    "dependency_entropy": 0.18414773348789384,
    "edge_count": 34,
    "node_count": 43,
    "propagation_cost": 0.03709856035437431
  },
  "lines": {
    "comments": 67,
    "loc": 834,
    "multi_comment": 60,
    "single_comment": 84,
    "total_lines": 1179
  },
  "lint": {
    "counts": {
      "ANN401": 3,
      "B007": 1,
      "B904": 4,
      "C420": 2,
      "C901": 8,
      "DOC201": 21,
      "DOC501": 3,
      "EM101": 3,
      "EM102": 13,
      "EXE001": 1,
      "F841": 3,
      "FBT001": 1,
      "FBT003": 2,
      "PERF102": 1,
      "PERF401": 2,
      "PIE790": 2,
      "PLC1901": 5,
      "PLR0911": 4,
      "PLR0912": 4,
      "PLR0913": 3,
      "PLR0914": 2,
      "PLR0915": 2,
      "PLR0917": 3,
      "PLR1702": 14,
      "PLR2004": 3,
      "PLR6201": 2,
      "PLW0244": 7,
      "PLW1514": 2,
      "PLW1641": 1,
      "PTH113": 1,
      "PTH123": 2,
      "RET505": 1,
      "RUF059": 1,
      "S310": 6,
      "SIM102": 3,
      "SIM114": 1,
      "SIM212": 1,
      "TRY003": 16,
      "TRY203": 2,
      "UP024": 1,
      "UP035": 1
    },
    "errors": 158,
    "fixable": 11
  },
  "redundancy": {
    "clone_lines": 73,
    "clone_ratio_sum": 0.08513189448441247,
    "cloned_sloc_lines": 71,
    "files_with_clones": 1
  },
  "source_files": [],
  "symbols": {
    "classes": 11,
    "expressions": 981,
    "expressions_top_level": 6,
    "functions": 32,
    "globals": 0,
    "imports": 9,
    "max_imports": 9,
    "methods": 19,
    "statements": 436,
    "total": 62,
    "type_aliases": 0,
    "variables": 0
  },
  "verbosity_flagged_sloc_lines": 71,
  "waste": {
    "single_use_functions": 22,
    "trivial_wrappers": 0,
    "unused_variables": 10
  }
}