{
  "ast_grep": {
    "category_counts": {},
    "category_weighted": {},
    "counts": {},
    "rules_checked": 355,
    "violation_lines": 0,
    "violations": 0,
    "weighted": 0
  },
  "classes": {
    "attribute_counts_mean": 1.0,
    "attribute_counts_sum": 2,
    "count": 2,
    "method_counts_mean": 17.0,
    "method_counts_sum": 34
  },
  "complexity": {
    "cc_max": 262,
    "cc_ratings": {
      "A": 39,
      "B": 18,
      "C": 5,
      "D": 1,
      "E": 0,
      "F": 3
    },
    "cc_sum": 729,
    "mi_min": 0.0,
    "mi_ratings": {
      "A": 3,
      "B": 0,
      "C": 1
    },
    "mi_sum": 115.17119214148207,
    "num_complex": 9
  },
  "file_count": 4,
  "functions": {
    "cc_concentration": 0.5436630085653105,
    "cc_extreme_count": 2,
    "cc_high_count": 8,
    "cc_max": 67,
    "cc_mean": 7.296875,
    "cc_normalized": 0.03539831961714771,
    "cc_std": 10.982930027279924,
    "cc_sum": 467,
    "cc_top20": 0.5845824411134903,
    "count": 64,
    "depth_max": 4,
    "extreme_cc_mean": 61.5,
    "high_cc_mean": 28.625,
    "lines_mean": 49.625,
    "lines_sum": 3176
  },
  "graph": {
    "cyclic_dependency_mass": 0.0,
    "dependency_entropy": 0.5097327205640733,
    "edge_count": 103,
    "node_count": 35,
    "propagation_cost": 0.16806722689075632
  },
  "lines": {
    "comments": 243,
    "loc": 2557,
    "multi_comment": 17,
    "single_comment": 297,
    "total_lines": 3366
  },
  "lint": {
    "counts": {
      "ARG002": 1,
      "B011": 4,
      "B904": 14,
      "B905": 1,
      "BLE001": 15,
      "C901": 4,
      "DOC201": 17,
      "DOC501": 19,
      "EM101": 57,
      "EM102": 61,
      "EXE001": 4,
      "F401": 2,
      "F541": 4,
      "F841": 6,
      "FBT001": 1,
      "FBT003": 1,
      "FURB110": 1,
      "FURB118": 2,
      "PERF203": 3,
      "PERF401": 1,
      "PIE790": 1,
      "PLC0415": 1,
      "PLR0904": 1,
      "PLR0912": 4,
      "PLR0913": 1,
      "PLR0914": 3,
      "PLR0915": 4,
      "PLR0917": 1,
      "PLR2004": 7,
      "PLR6301": 1,
      "PLW1510": 4,
      "PLW1514": 4,
      "PLW2901": 4,
      "PT015": 4,
      "PTH108": 9,
      "PTH123": 1,
      "RET504": 5,
      "RET505": 1,
      "RUF005": 1,
      "RUF013": 1,
      "S101": 96,
      "S108": 44,
      "S110": 3,
      "S404": 3,
      "S603": 4,
      "S607": 3,
      "S608": 15,
      "SIM105": 7,
      "SLF001": 14,
      "TRY003": 118,
      "TRY301": 34,
      "UP015": 1
    },
    "errors": 618,
    "fixable": 24
  },
  "redundancy": {
    "clone_lines": 255,
    "clone_ratio_sum": 0.2390846624020691,
    "cloned_sloc_lines": 214,
    "files_with_clones": 4
  },
  "source_files": [],
  "symbols": {
    "classes": 2,
    "expressions": 3580,
    "expressions_top_level": 276,
    "functions": 30,
    "globals": 0,
    "imports": 20,
    "max_imports": 5,
    "methods": 34,
    "statements": 786,
    "total": 66,
    "type_aliases": 0,
    "variables": 0
  },
  "verbosity_flagged_sloc_lines": 214,
  "waste": {
    "single_use_functions": 23,
    "trivial_wrappers": 0,
    "unused_variables": 6
  }
}