{
  "model": "pangu",
  "thinking": "none",
  "prompt": "just-solve",
  "agent_type": "claude_code",
  "agent_version": "2.0.51",
  "num_problems": 5,
  "num_checkpoints": 21,
  "expected_checkpoints": 23,
  "costs": {
    "checkpoint": {
      "mean": 5.647049428571428,
      "stddev": 3.2744021448388954,
      "min": 0.0,
      "max": 12.942057000000002,
      "median": 6.0231900000000005,
      "count": 21
    },
    "problem": {
      "mean": 23.7176076,
      "stddev": 16.74500151574651,
      "min": 0.0,
      "max": 41.288517000000006,
      "median": 28.698638999999996,
      "count": 5
    },
    "total": 118.588038
  },
  "time": {
    "checkpoint": {
      "mean": 2398.2042076666667,
      "stddev": 1467.8000656581323,
      "min": 815.327793,
      "max": 7373.106192,
      "median": 2041.565719,
      "count": 21
    },
    "problem": {
      "mean": 10072.4576722,
      "stddev": 4509.336109351114,
      "min": 4628.715873,
      "max": 16508.452538,
      "median": 10049.50731,
      "count": 5
    }
  },
  "tokens": {
    "input": 37826696,
    "output": 340530,
    "cache_read": 0,
    "cache_write": 0,
    "reasoning": 0,
    "problem": {
      "input": 7565339.2,
      "output": 68106.0,
      "cache_read": 0.0,
      "cache_write": 0.0,
      "reasoning": 0.0
    },
    "checkpoint": {
      "input": 1801271.238095238,
      "output": 16215.714285714286,
      "cache_read": 0.0,
      "cache_write": 0.0,
      "reasoning": 0.0
    }
  },
  "steps": {
    "checkpoint": {
      "mean": 2.0,
      "stddev": 4.370354676682432,
      "min": 0.0,
      "max": 17.0,
      "median": 0.0,
      "count": 21
    },
    "problem": {
      "mean": 8.4,
      "stddev": 8.988882021697693,
      "min": 0.0,
      "max": 19.0,
      "median": 5.0,
      "count": 5
    }
  },
  "checkpoints_solved": 0,
  "checkpoints_iso_solved": 0,
  "checkpoints_core_solved": 5,
  "problem_solved": 0.0,
  "problem_partial": 0.0,
  "pct_checkpoints_solved": 0.0,
  "pct_checkpoints_iso_solved": 0.0,
  "pct_problems_solved": 0.0,
  "pct_problems_partial": 0.0,
  "pct_checkpoints_core_solved": 21.73913043478261,
  "pass_rates": {
    "problem": {
      "core": 0.23976190476190476,
      "total": 0.34528468501898496,
      "error": 0.43244977244977245,
      "functionality": 0.22742619861690072,
      "regression": 0.3662836617077292
    },
    "checkpoint": {
      "core": 0.31037414965986393,
      "total": 0.4571484414863735,
      "error": 0.67830533663867,
      "functionality": 0.2937268465799233,
      "regression": 0.5232820925621281
    }
  },
  "cc": {
    "high_count": {
      "mean": 7.095238095238095,
      "stddev": 5.881366864129136,
      "min": 1.0,
      "max": 20.0,
      "median": 5.0,
      "count": 21
    },
    "high_mean": {
      "mean": 19.845813577956434,
      "stddev": 4.8344973307694,
      "min": 11.666666666666666,
      "max": 32.0,
      "median": 18.125,
      "count": 21
    },
    "max": {
      "mean": 31.61904761904762,
      "stddev": 10.646483881902938,
      "min": 12.0,
      "max": 46.0,
      "median": 37.0,
      "count": 21
    }
  },
  "ratios": {
    "rubric": {
      "mean": null,
      "stddev": null,
      "min": null,
      "max": null,
      "median": null,
      "count": 0
    },
    "lint": {
      "mean": 0.1429634854627952,
      "stddev": 0.05187674887329316,
      "min": 0.07407407407407407,
      "max": 0.22818791946308725,
      "median": 0.1458551941238195,
      "count": 21
    },
    "violation_pct": {
      "mean": 0.0,
      "stddev": 0.0,
      "min": 0.0,
      "max": 0.0,
      "median": 0.0,
      "count": 21
    }
  },
  "verbosity": {
    "mean": null,
    "stddev": null,
    "min": null,
    "max": null,
    "median": null,
    "count": 0
  },
  "erosion": {
    "mean": null,
    "stddev": null,
    "min": null,
    "max": null,
    "median": null,
    "count": 0
  }
}