{
  "ast_grep": {
    "category_counts": {},
    "category_weighted": {},
    "counts": {},
    "rules_checked": 355,
    "violation_lines": 0,
    "violations": 0,
    "weighted": 0
  },
  "classes": {
    "attribute_counts_mean": 0.0,
    "attribute_counts_sum": 0,
    "count": 1,
    "method_counts_mean": 8.0,
    "method_counts_sum": 8
  },
  "complexity": {
    "cc_max": 75,
    "cc_ratings": {
      "A": 32,
      "B": 0,
      "C": 3,
      "D": 2,
      "E": 0,
      "F": 2
    },
    "cc_sum": 293,
    "mi_min": 30.18329490320805,
    "mi_ratings": {
      "A": 5,
      "B": 0,
      "C": 0
    },
    "mi_sum": 228.4693294864957,
    "num_complex": 7
  },
  "file_count": 5,
  "functions": {
    "cc_concentration": 0.6456989247311828,
    "cc_extreme_count": 1,
    "cc_high_count": 6,
    "cc_max": 75,
    "cc_mean": 7.741935483870968,
    "cc_normalized": 0.10921643518518519,
    "cc_std": 14.245391633637137,
    "cc_sum": 240,
    "cc_top20": 0.7416666666666667,
    "count": 31,
    "depth_max": 4,
    "extreme_cc_mean": 75.0,
    "high_cc_mean": 28.833333333333332,
    "lines_mean": 35.225806451612904,
    "lines_sum": 1092
  },
  "graph": {
    "cyclic_dependency_mass": 0.0,
    "dependency_entropy": 0.0,
    "edge_count": 0,
    "node_count": 0,
    "propagation_cost": 0.0
  },
  "lines": {
    "comments": 113,
    "loc": 929,
    "multi_comment": 5,
    "single_comment": 138,
    "total_lines": 1269
  },
  "lint": {
    "counts": {
      "A002": 1,
      "B904": 4,
      "BLE001": 8,
      "C901": 5,
      "DOC201": 18,
      "DOC501": 2,
      "E712": 7,
      "EM101": 5,
      "EM102": 4,
      "ERA001": 1,
      "EXE001": 5,
      "F401": 1,
      "F541": 18,
      "F841": 1,
      "PERF401": 1,
      "PIE790": 1,
      "PLC0206": 1,
      "PLC0415": 1,
      "PLC1901": 5,
      "PLR0911": 1,
      "PLR0912": 5,
      "PLR0914": 3,
      "PLR0915": 3,
      "PLR1730": 1,
      "PLR2004": 40,
      "PLR6201": 1,
      "PLR6301": 1,
      "PT028": 1,
      "RET505": 1,
      "RUF010": 4,
      "RUF015": 1,
      "RUF052": 7,
      "S310": 12,
      "S404": 4,
      "S603": 1,
      "S607": 4,
      "TRY003": 9,
      "TRY301": 1,
      "UP024": 1,
      "UP045": 1
    },
    "errors": 191,
    "fixable": 28
  },
  "redundancy": {
    "clone_lines": 94,
    "clone_ratio_sum": 0.36988876356647143,
    "cloned_sloc_lines": 94,
    "files_with_clones": 5
  },
  "source_files": null,
  "symbols": {
    "classes": 1,
    "expressions": 1271,
    "expressions_top_level": 33,
    "functions": 23,
    "globals": 7,
    "imports": 40,
    "max_imports": 13,
    "methods": 8,
    "statements": 271,
    "total": 39,
    "type_aliases": 0,
    "variables": 7
  },
  "verbosity_flagged_sloc_lines": 94,
  "waste": {
    "single_use_functions": 19,
    "trivial_wrappers": 0,
    "unused_variables": 7
  }
}