{
  "ast_grep": {
    "category_counts": {},
    "category_weighted": {},
    "counts": {},
    "rules_checked": 355,
    "violation_lines": 0,
    "violations": 0,
    "weighted": 0
  },
  "classes": {
    "attribute_counts_mean": 3.1666666666666665,
    "attribute_counts_sum": 76,
    "count": 24,
    "method_counts_mean": 2.375,
    "method_counts_sum": 57
  },
  "complexity": {
    "cc_max": 52,
    "cc_ratings": {
      "A": 80,
      "B": 9,
      "C": 4,
      "D": 2,
      "E": 0,
      "F": 2
    },
    "cc_sum": 409,
    "mi_min": 0.0,
    "mi_ratings": {
      "A": 0,
      "B": 0,
      "C": 1
    },
    "mi_sum": 0.0,
    "num_complex": 8
  },
  "file_count": 1,
  "functions": {
    "cc_concentration": 0.5033331662573305,
    "cc_extreme_count": 0,
    "cc_high_count": 5,
    "cc_max": 25,
    "cc_mean": 3.9577464788732395,
    "cc_normalized": 0.02020418760075046,
    "cc_std": 4.740212833432421,
    "cc_sum": 281,
    "cc_top20": 0.594306049822064,
    "count": 71,
    "depth_max": 6,
    "extreme_cc_mean": 0.0,
    "high_cc_mean": 18.8,
    "lines_mean": 12.098591549295774,
    "lines_sum": 859
  },
  "graph": {
    "cyclic_dependency_mass": 0.0392156862745098,
    "dependency_entropy": 0.283323854489733,
    "edge_count": 86,
    "node_count": 71,
    "propagation_cost": 0.040442655935613685
  },
  "lines": {
    "comments": 110,
    "loc": 805,
    "multi_comment": 8,
    "single_comment": 120,
    "total_lines": 1174
  },
  "lint": {
    "counts": {
      "ANN401": 23,
      "ARG002": 7,
      "B007": 1,
      "B905": 3,
      "C416": 1,
      "C901": 4,
      "DOC201": 17,
      "DOC501": 4,
      "E721": 2,
      "EM101": 1,
      "EM102": 17,
      "EXE001": 1,
      "F401": 1,
      "FBT001": 1,
      "FBT003": 2,
      "FURB118": 1,
      "FURB140": 2,
      "PLR0911": 3,
      "PLR0912": 4,
      "PLR0914": 1,
      "PLR1702": 1,
      "PLR5501": 3,
      "PLR6201": 1,
      "PLR6301": 1,
      "PLW2901": 1,
      "PTH123": 2,
      "RET505": 6,
      "RUF012": 1,
      "SIM102": 1,
      "SIM103": 1,
      "SIM108": 1,
      "TRY003": 18,
      "UP006": 14,
      "UP007": 1,
      "UP015": 1,
      "UP024": 2,
      "UP035": 1,
      "UP045": 9
    },
    "errors": 161,
    "fixable": 40
  },
  "redundancy": {
    "clone_lines": 84,
    "clone_ratio_sum": 0.09937888198757763,
    "cloned_sloc_lines": 80,
    "files_with_clones": 1
  },
  "source_files": [],
  "symbols": {
    "classes": 24,
    "expressions": 1693,
    "expressions_top_level": 17,
    "functions": 14,
    "globals": 2,
    "imports": 6,
    "max_imports": 6,
    "methods": 57,
    "statements": 522,
    "total": 97,
    "type_aliases": 0,
    "variables": 2
  },
  "verbosity_flagged_sloc_lines": 80,
  "waste": {
    "single_use_functions": 11,
    "trivial_wrappers": 0,
    "unused_variables": 25
  }
}