{
  "ast_grep": {
    "category_counts": {},
    "category_weighted": {},
    "counts": {},
    "rules_checked": 355,
    "violation_lines": 0,
    "violations": 0,
    "weighted": 0
  },
  "classes": {
    "attribute_counts_mean": 1.5151515151515151,
    "attribute_counts_sum": 50,
    "count": 33,
    "method_counts_mean": 0.8484848484848485,
    "method_counts_sum": 28
  },
  "complexity": {
    "cc_max": 56,
    "cc_ratings": {
      "A": 81,
      "B": 9,
      "C": 7,
      "D": 2,
      "E": 1,
      "F": 7
    },
    "cc_sum": 653,
    "mi_min": 0.0,
    "mi_ratings": {
      "A": 0,
      "B": 0,
      "C": 1
    },
    "mi_sum": 0.0,
    "num_complex": 17
  },
  "file_count": 1,
  "functions": {
    "cc_concentration": 0.6361071530350527,
    "cc_extreme_count": 7,
    "cc_high_count": 16,
    "cc_max": 56,
    "cc_mean": 10.431034482758621,
    "cc_normalized": 0.03429451300541498,
    "cc_std": 14.711389631030206,
    "cc_sum": 605,
    "cc_top20": 0.6991735537190082,
    "count": 58,
    "depth_max": 6,
    "extreme_cc_mean": 46.57142857142857,
    "high_cc_mean": 29.5625,
    "lines_mean": 48.96551724137931,
    "lines_sum": 2840
  },
  "graph": {
    "cyclic_dependency_mass": 0.025806451612903226,
    "dependency_entropy": 0.2967066836278698,
    "edge_count": 89,
    "node_count": 53,
    "propagation_cost": 0.07220609579100146
  },
  "lines": {
    "comments": 276,
    "loc": 2159,
    "multi_comment": 87,
    "single_comment": 282,
    "total_lines": 3036
  },
  "lint": {
    "counts": {
      "A001": 1,
      "A002": 1,
      "ARG001": 1,
      "B007": 3,
      "B023": 2,
      "B904": 7,
      "BLE001": 1,
      "C420": 2,
      "C901": 17,
      "DOC201": 25,
      "DOC501": 31,
      "EM101": 9,
      "EM102": 102,
      "ERA001": 2,
      "EXE001": 1,
      "F401": 1,
      "F541": 6,
      "F811": 1,
      "F841": 6,
      "FBT001": 6,
      "FURB103": 1,
      "FURB105": 2,
      "FURB110": 1,
      "FURB113": 1,
      "FURB118": 1,
      "FURB142": 1,
      "FURB161": 1,
      "PERF401": 2,
      "PIE810": 1,
      "PLC0207": 1,
      "PLC0415": 1,
      "PLR0911": 3,
      "PLR0912": 15,
      "PLR0913": 1,
      "PLR0914": 9,
      "PLR0915": 8,
      "PLR0917": 1,
      "PLR1702": 1,
      "PLR2004": 4,
      "PLR6201": 14,
      "PLW1514": 4,
      "PLW2901": 3,
      "PTH110": 5,
      "PTH122": 1,
      "PTH123": 4,
      "RET503": 1,
      "RET504": 1,
      "RET505": 15,
      "RET507": 3,
      "RET508": 1,
      "RUF005": 1,
      "RUF013": 2,
      "S105": 15,
      "SIM102": 2,
      "SIM108": 3,
      "SIM114": 1,
      "TRY003": 111,
      "TRY004": 1,
      "TRY300": 4,
      "UP006": 79,
      "UP015": 3,
      "UP035": 4,
      "UP045": 17
    },
    "errors": 575,
    "fixable": 144
  },
  "redundancy": {
    "clone_lines": 602,
    "clone_ratio_sum": 0.2714219546086151,
    "cloned_sloc_lines": 586,
    "files_with_clones": 1
  },
  "source_files": [],
  "symbols": {
    "classes": 33,
    "expressions": 2371,
    "expressions_top_level": 18,
    "functions": 30,
    "globals": 16,
    "imports": 7,
    "max_imports": 7,
    "methods": 28,
    "statements": 807,
    "total": 107,
    "type_aliases": 0,
    "variables": 16
  },
  "verbosity_flagged_sloc_lines": 586,
  "waste": {
    "single_use_functions": 17,
    "trivial_wrappers": 0,
    "unused_variables": 26
  }
}