{
  "ast_grep": {
    "category_counts": {},
    "category_weighted": {},
    "counts": {},
    "rules_checked": 355,
    "violation_lines": 0,
    "violations": 0,
    "weighted": 0
  },
  "classes": {
    "attribute_counts_mean": 3.064340239912759,
    "attribute_counts_sum": 2810,
    "count": 917,
    "method_counts_mean": 4.238822246455834,
    "method_counts_sum": 3887
  },
  "complexity": {
    "cc_max": 367,
    "cc_ratings": {
      "A": 6483,
      "B": 632,
      "C": 286,
      "D": 84,
      "E": 38,
      "F": 66
    },
    "cc_sum": 26929,
    "mi_min": 0.0,
    "mi_ratings": {
      "A": 398,
      "B": 13,
      "C": 19
    },
    "mi_sum": 25729.687257121554,
    "num_complex": 474
  },
  "file_count": 430,
  "functions": {
    "cc_concentration": 0.51042939591114,
    "cc_extreme_count": 24,
    "cc_high_count": 288,
    "cc_max": 92,
    "cc_mean": 3.4074281448301607,
    "cc_normalized": 0.0003473775118366112,
    "cc_std": 4.648672070375563,
    "cc_sum": 18257,
    "cc_top20": 0.575395738620803,
    "count": 5358,
    "depth_max": 9,
    "extreme_cc_mean": 43.291666666666664,
    "high_cc_mean": 18.145833333333332,
    "lines_mean": 16.91750653228817,
    "lines_sum": 90644
  },
  "graph": {
    "cyclic_dependency_mass": 0.0,
    "dependency_entropy": 0.21807913192650333,
    "edge_count": 33,
    "node_count": 33,
    "propagation_cost": 0.06912878787878787
  },
  "lines": {
    "comments": 8256,
    "loc": 96602,
    "multi_comment": 15274,
    "single_comment": 8178,
    "total_lines": 139689
  },
  "lint": {
    "counts": {
      "A001": 43,
      "A002": 21,
      "A003": 3,
      "A004": 19,
      "ANN401": 152,
      "ARG001": 56,
      "ARG002": 121,
      "ARG003": 12,
      "ARG004": 6,
      "ARG005": 14,
      "B004": 1,
      "B007": 28,
      "B008": 2,
      "B009": 6,
      "B010": 5,
      "B011": 5,
      "B015": 1,
      "B018": 9,
      "B019": 12,
      "B020": 2,
      "B023": 6,
      "B024": 1,
      "B026": 1,
      "B027": 1,
      "B028": 36,
      "B903": 1,
      "B904": 171,
      "B905": 31,
      "BLE001": 67,
      "C401": 2,
      "C402": 3,
      "C403": 3,
      "C404": 1,
      "C405": 8,
      "C408": 7,
      "C409": 3,
      "C415": 1,
      "C416": 2,
      "C419": 2,
      "C420": 3,
      "C901": 187,
      "DOC102": 12,
      "DOC201": 1275,
      "DOC202": 7,
      "DOC402": 128,
      "DOC501": 348,
      "DOC502": 2,
      "DTZ001": 1,
      "DTZ006": 2,
      "DTZ011": 2,
      "E713": 6,
      "E721": 3,
      "E722": 1,
      "E741": 3,
      "EM101": 409,
      "EM102": 249,
      "EM103": 31,
      "ERA001": 165,
      "EXE001": 3,
      "F401": 103,
      "F403": 37,
      "F405": 378,
      "F541": 2,
      "F811": 1,
      "F821": 41,
      "F841": 5,
      "FBT001": 361,
      "FBT002": 391,
      "FBT003": 103,
      "FIX001": 19,
      "FIX002": 64,
      "FIX003": 29,
      "FIX004": 5,
      "FLY002": 24,
      "FURB101": 32,
      "FURB103": 14,
      "FURB110": 6,
      "FURB113": 11,
      "FURB116": 2,
      "FURB118": 7,
      "FURB122": 2,
      "FURB132": 1,
      "FURB140": 3,
      "FURB142": 2,
      "FURB145": 8,
      "FURB148": 2,
      "FURB154": 2,
      "FURB156": 4,
      "FURB166": 2,
      "FURB167": 31,
      "FURB171": 2,
      "FURB180": 2,
      "FURB188": 5,
      "FURB189": 7,
      "G001": 1,
      "G002": 5,
      "G004": 1,
      "ISC001": 3,
      "ISC002": 2,
      "LOG015": 1,
      "N801": 34,
      "N802": 44,
      "N803": 39,
      "N804": 6,
      "N805": 7,
      "N806": 79,
      "N807": 5,
      "N812": 10,
      "N813": 4,
      "N815": 46,
      "N816": 29,
      "N817": 1,
      "N818": 86,
      "N999": 1,
      "PERF102": 3,
      "PERF203": 28,
      "PERF401": 19,
      "PGH003": 23,
      "PGH004": 4,
      "PIE790": 39,
      "PIE808": 6,
      "PIE810": 8,
      "PLC0105": 1,
      "PLC0207": 2,
      "PLC0414": 4,
      "PLC0415": 130,
      "PLC1802": 1,
      "PLC1901": 24,
      "PLC2701": 12,
      "PLC2801": 3,
      "PLR0124": 1,
      "PLR0402": 1,
      "PLR0904": 24,
      "PLR0911": 24,
      "PLR0912": 119,
      "PLR0913": 157,
      "PLR0914": 32,
      "PLR0915": 52,
      "PLR0916": 7,
      "PLR0917": 97,
      "PLR1702": 54,
      "PLR1704": 5,
      "PLR1711": 2,
      "PLR1714": 11,
      "PLR1716": 1,
      "PLR1730": 5,
      "PLR1733": 1,
      "PLR2004": 258,
      "PLR5501": 28,
      "PLR6104": 14,
      "PLR6201": 117,
      "PLR6301": 216,
      "PLW0120": 2,
      "PLW0127": 15,
      "PLW0406": 1,
      "PLW0602": 8,
      "PLW0603": 17,
      "PLW0642": 1,
      "PLW1510": 4,
      "PLW1514": 14,
      "PLW1641": 10,
      "PLW2901": 113,
      "PLW3201": 72,
      "PLW3301": 1,
      "PT015": 5,
      "PT017": 3,
      "PT018": 6,
      "PTH100": 50,
      "PTH101": 8,
      "PTH102": 4,
      "PTH103": 13,
      "PTH104": 3,
      "PTH105": 1,
      "PTH106": 3,
      "PTH107": 13,
      "PTH108": 7,
      "PTH109": 9,
      "PTH110": 85,
      "PTH111": 9,
      "PTH112": 44,
      "PTH113": 37,
      "PTH114": 9,
      "PTH116": 17,
      "PTH117": 12,
      "PTH118": 233,
      "PTH119": 29,
      "PTH120": 61,
      "PTH121": 4,
      "PTH122": 11,
      "PTH123": 98,
      "PTH202": 5,
      "PTH206": 5,
      "PTH207": 4,
      "PTH208": 18,
      "PYI019": 1,
      "PYI024": 12,
      "PYI032": 10,
      "PYI036": 7,
      "PYI045": 1,
      "PYI056": 1,
      "PYI063": 11,
      "PYI066": 2,
      "Q001": 27,
      "Q002": 32,
      "Q003": 4,
      "Q004": 9,
      "RET501": 4,
      "RET502": 19,
      "RET503": 33,
      "RET504": 102,
      "RET505": 162,
      "RET506": 36,
      "RET507": 5,
      "RET508": 4,
      "RSE102": 63,
      "RUF001": 379,
      "RUF003": 5,
      "RUF005": 25,
      "RUF007": 2,
      "RUF010": 6,
      "RUF012": 146,
      "RUF013": 1,
      "RUF015": 2,
      "RUF019": 3,
      "RUF021": 38,
      "RUF022": 35,
      "RUF023": 14,
      "RUF027": 1,
      "RUF031": 5,
      "RUF036": 32,
      "RUF039": 43,
      "RUF046": 3,
      "RUF052": 124,
      "RUF059": 31,
      "RUF065": 1,
      "RUF100": 19,
      "S101": 335,
      "S102": 5,
      "S104": 1,
      "S105": 4,
      "S110": 6,
      "S202": 2,
      "S302": 1,
      "S307": 1,
      "S311": 9,
      "S324": 5,
      "S404": 13,
      "S504": 1,
      "S602": 2,
      "S603": 14,
      "S607": 3,
      "SIM102": 60,
      "SIM103": 13,
      "SIM105": 31,
      "SIM108": 100,
      "SIM110": 5,
      "SIM112": 1,
      "SIM114": 15,
      "SIM115": 14,
      "SIM116": 1,
      "SIM117": 10,
      "SIM118": 11,
      "SIM210": 1,
      "SIM300": 4,
      "SIM401": 1,
      "SIM910": 6,
      "SLF001": 256,
      "SLOT000": 2,
      "SLOT001": 3,
      "SLOT002": 1,
      "TC001": 16,
      "TC003": 5,
      "TC004": 1,
      "TC006": 35,
      "TD001": 48,
      "TD002": 111,
      "TD003": 107,
      "TD004": 38,
      "TD005": 2,
      "TRY002": 9,
      "TRY003": 616,
      "TRY004": 6,
      "TRY201": 1,
      "TRY300": 28,
      "TRY301": 21,
      "TRY400": 12,
      "TRY401": 5,
      "UP004": 69,
      "UP006": 1270,
      "UP007": 247,
      "UP008": 44,
      "UP009": 16,
      "UP010": 32,
      "UP015": 4,
      "UP018": 6,
      "UP019": 1,
      "UP020": 1,
      "UP024": 26,
      "UP025": 31,
      "UP028": 5,
      "UP030": 10,
      "UP031": 469,
      "UP032": 46,
      "UP033": 20,
      "UP035": 450,
      "UP036": 40,
      "UP037": 23,
      "UP041": 12,
      "UP045": 1084,
      "YTT201": 1,
      "YTT203": 1
    },
    "errors": 15777,
    "fixable": 4144
  },
  "redundancy": {
    "clone_lines": 5823,
    "clone_ratio_sum": 17.360763107058677,
    "cloned_sloc_lines": 4940,
    "files_with_clones": 430
  },
  "source_files": [],
  "symbols": {
    "classes": 917,
    "expressions": 112236,
    "expressions_top_level": 1531,
    "functions": 1471,
    "globals": 1314,
    "imports": 3494,
    "max_imports": 58,
    "methods": 3887,
    "statements": 28935,