{
  "ast_grep": {
    "category_counts": {},
    "category_weighted": {},
    "counts": {},
    "rules_checked": 355,
    "violation_lines": 0,
    "violations": 0,
    "weighted": 0
  },
  "classes": {
    "attribute_counts_mean": 4.642857142857143,
    "attribute_counts_sum": 65,
    "count": 14,
    "method_counts_mean": 2.7142857142857144,
    "method_counts_sum": 38
  },
  "complexity": {
    "cc_max": 54,
    "cc_ratings": {
      "A": 46,
      "B": 3,
      "C": 5,
      "D": 0,
      "E": 2,
      "F": 1
    },
    "cc_sum": 312,
    "mi_min": 7.891029022398135,
    "mi_ratings": {
      "A": 0,
      "B": 0,
      "C": 1
    },
    "mi_sum": 7.891029022398135,
    "num_complex": 8
  },
  "file_count": 1,
  "functions": {
    "cc_concentration": 0.5246555474981871,
    "cc_extreme_count": 1,
    "cc_high_count": 5,
    "cc_max": 35,
    "cc_mean": 4.690476190476191,
    "cc_normalized": 0.04167816240763866,
    "cc_std": 6.205772667594125,
    "cc_sum": 197,
    "cc_top20": 0.5989847715736041,
    "count": 42,
    "depth_max": 5,
    "extreme_cc_mean": 35.0,
    "high_cc_mean": 18.8,
    "lines_mean": 23.761904761904763,
    "lines_sum": 998
  },
  "graph": {
    "cyclic_dependency_mass": 0.0,
    "dependency_entropy": 0.13870176727088412,
    "edge_count": 28,
    "node_count": 42,
    "propagation_cost": 0.03426248548199768
  },
  "lines": {
    "comments": 150,
    "loc": 768,
    "multi_comment": 4,
    "single_comment": 165,
    "total_lines": 1177
  },
  "lint": {
    "counts": {
      "ARG002": 11,
      "B007": 1,
      "C901": 4,
      "DOC201": 26,
      "EXE001": 1,
      "F401": 2,
      "F821": 3,
      "F841": 1,
      "FBT001": 9,
      "FBT002": 1,
      "FBT003": 1,
      "N806": 1,
      "PLC0415": 2,
      "PLR0912": 1,
      "PLR0913": 3,
      "PLR0914": 2,
      "PLR0915": 1,
      "PLR0917": 3,
      "PLR5501": 1,
      "PLR6301": 3,
      "PLW1514": 2,
      "PTH112": 1,
      "PTH113": 2,
      "PTH123": 3,
      "RET504": 4,
      "RET505": 1,
      "SIM102": 1,
      "SIM108": 2,
      "SIM300": 2,
      "UP006": 43,
      "UP015": 3,
      "UP035": 4,
      "UP045": 12
    },
    "errors": 157,
    "fixable": 70
  },
  "redundancy": {
    "clone_lines": 184,
    "clone_ratio_sum": 0.20963541666666666,
    "cloned_sloc_lines": 155,
    "files_with_clones": 1
  },
  "source_files": [],
  "symbols": {
    "classes": 14,
    "expressions": 1779,
    "expressions_top_level": 26,
    "functions": 4,
    "globals": 1,
    "imports": 12,
    "max_imports": 12,
    "methods": 38,
    "statements": 337,
    "total": 57,
    "type_aliases": 0,
    "variables": 1
  },
  "verbosity_flagged_sloc_lines": 155,
  "waste": {
    "single_use_functions": 3,
    "trivial_wrappers": 0,
    "unused_variables": 24
  }
}