{
  "ast_grep": {
    "category_counts": {},
    "category_weighted": {},
    "counts": {},
    "rules_checked": 355,
    "violation_lines": 0,
    "violations": 0,
    "weighted": 0
  },
  "classes": {
    "attribute_counts_mean": 0.0,
    "attribute_counts_sum": 0,
    "count": 0,
    "method_counts_mean": 0.0,
    "method_counts_sum": 0
  },
  "complexity": {
    "cc_max": 38,
    "cc_ratings": {
      "A": 50,
      "B": 2,
      "C": 4,
      "D": 1,
      "E": 1,
      "F": 0
    },
    "cc_sum": 186,
    "mi_min": 31.287999003364657,
    "mi_ratings": {
      "A": 5,
      "B": 0,
      "C": 0
    },
    "mi_sum": 297.7091007100232,
    "num_complex": 6
  },
  "file_count": 5,
  "functions": {
    "cc_concentration": 0.6225038402457758,
    "cc_extreme_count": 1,
    "cc_high_count": 6,
    "cc_max": 38,
    "cc_mean": 6.642857142857143,
    "cc_normalized": 0.07219417359317926,
    "cc_std": 9.44463118396151,
    "cc_sum": 186,
    "cc_top20": 0.7096774193548387,
    "count": 28,
    "depth_max": 5,
    "extreme_cc_mean": 38.0,
    "high_cc_mean": 22.0,
    "lines_mean": 35.642857142857146,
    "lines_sum": 998
  },
  "graph": {
    "cyclic_dependency_mass": 0.0,
    "dependency_entropy": 0.1285588807846391,
    "edge_count": 11,
    "node_count": 15,
    "propagation_cost": 0.07142857142857142
  },
  "lines": {
    "comments": 172,
    "loc": 850,
    "multi_comment": 26,
    "single_comment": 155,
    "total_lines": 1231
  },
  "lint": {
    "counts": {
      "ARG001": 1,
      "B007": 2,
      "BLE001": 5,
      "C901": 5,
      "DOC201": 16,
      "DOC501": 2,
      "E712": 2,
      "E722": 2,
      "ERA001": 2,
      "EXE001": 5,
      "F401": 17,
      "F841": 5,
      "FAST002": 1,
      "FBT001": 1,
      "FBT002": 1,
      "FBT003": 2,
      "FURB154": 1,
      "N806": 8,
      "PERF203": 13,
      "PLC0206": 1,
      "PLC0415": 1,
      "PLR0911": 1,
      "PLR0912": 4,
      "PLR0914": 2,
      "PLR0915": 4,
      "PLR2004": 14,
      "PLW0602": 7,
      "PLW0603": 2,
      "PLW1514": 2,
      "PLW2901": 2,
      "PTH100": 1,
      "PTH118": 2,
      "PTH120": 1,
      "PTH123": 5,
      "RUF029": 1,
      "S101": 17,
      "S110": 4,
      "S113": 6,
      "SIM102": 5,
      "SIM115": 6,
      "TRY300": 1,
      "UP006": 37,
      "UP015": 3,
      "UP035": 8,
      "UP045": 4
    },
    "errors": 232,
    "fixable": 67
  },
  "redundancy": {
    "clone_lines": 56,
    "clone_ratio_sum": 0.1757604741822819,
    "cloned_sloc_lines": 52,
    "files_with_clones": 5
  },
  "source_files": [],
  "symbols": {
    "classes": 0,
    "expressions": 924,
    "expressions_top_level": 92,
    "functions": 28,
    "globals": 30,
    "imports": 39,
    "max_imports": 15,
    "methods": 0,
    "statements": 233,
    "total": 58,
    "type_aliases": 0,
    "variables": 30
  },
  "verbosity_flagged_sloc_lines": 52,
  "waste": {
    "single_use_functions": 23,
    "trivial_wrappers": 0,
    "unused_variables": 39
  }
}