{
  "ast_grep": {
    "category_counts": {},
    "category_weighted": {},
    "counts": {},
    "rules_checked": 355,
    "violation_lines": 0,
    "violations": 0,
    "weighted": 0
  },
  "classes": {
    "attribute_counts_mean": 2.0,
    "attribute_counts_sum": 16,
    "count": 8,
    "method_counts_mean": 8.625,
    "method_counts_sum": 69
  },
  "complexity": {
    "cc_max": 203,
    "cc_ratings": {
      "A": 68,
      "B": 18,
      "C": 13,
      "D": 0,
      "E": 2,
      "F": 1
    },
    "cc_sum": 738,
    "mi_min": 0.0,
    "mi_ratings": {
      "A": 0,
      "B": 0,
      "C": 1
    },
    "mi_sum": 0.0,
    "num_complex": 16
  },
  "file_count": 1,
  "functions": {
    "cc_concentration": 0.5215447881280172,
    "cc_extreme_count": 1,
    "cc_high_count": 13,
    "cc_max": 35,
    "cc_mean": 5.0638297872340425,
    "cc_normalized": 0.013470473578425679,
    "cc_std": 5.69815761705313,
    "cc_sum": 476,
    "cc_top20": 0.5609243697478992,
    "count": 94,
    "depth_max": 4,
    "extreme_cc_mean": 35.0,
    "high_cc_mean": 16.692307692307693,
    "lines_mean": 19.882978723404257,
    "lines_sum": 1869
  },
  "graph": {
    "cyclic_dependency_mass": 0.0,
    "dependency_entropy": 0.2870540662410535,
    "edge_count": 137,
    "node_count": 91,
    "propagation_cost": 0.0326007326007326
  },
  "lines": {
    "comments": 112,
    "loc": 1481,
    "multi_comment": 4,
    "single_comment": 187,
    "total_lines": 2034
  },
  "lint": {
    "counts": {
      "A002": 1,
      "ANN401": 14,
      "ARG001": 4,
      "ARG002": 5,
      "ARG005": 2,
      "B007": 1,
      "B904": 7,
      "BLE001": 3,
      "C901": 8,
      "DOC201": 45,
      "DOC501": 8,
      "E741": 12,
      "EM101": 10,
      "EM102": 10,
      "EXE001": 1,
      "F401": 1,
      "F841": 2,
      "FBT001": 1,
      "FURB110": 1,
      "FURB118": 1,
      "PERF401": 4,
      "PIE790": 1,
      "PLC1901": 1,
      "PLR0904": 1,
      "PLR0911": 9,
      "PLR0912": 4,
      "PLR0913": 2,
      "PLR0914": 1,
      "PLR0915": 1,
      "PLR0917": 2,
      "PLR2004": 28,
      "PLR6201": 9,
      "PLR6301": 2,
      "PLW2901": 1,
      "RET504": 2,
      "RET505": 3,
      "RSE102": 2,
      "RUF013": 16,
      "RUF031": 2,
      "RUF059": 4,
      "S104": 2,
      "S506": 1,
      "SIM102": 4,
      "SIM118": 1,
      "TRY003": 18,
      "TRY300": 2,
      "UP006": 138,
      "UP035": 4,
      "UP045": 9
    },
    "errors": 411,
    "fixable": 159
  },
  "redundancy": {
    "clone_lines": 214,
    "clone_ratio_sum": 0.14314652261985145,
    "cloned_sloc_lines": 212,
    "files_with_clones": 1
  },
  "source_files": [],
  "symbols": {
    "classes": 8,
    "expressions": 3306,
    "expressions_top_level": 37,
    "functions": 25,
    "globals": 0,
    "imports": 12,
    "max_imports": 12,
    "methods": 69,
    "statements": 810,
    "total": 102,
    "type_aliases": 0,
    "variables": 0
  },
  "verbosity_flagged_sloc_lines": 212,
  "waste": {
    "single_use_functions": 15,
    "trivial_wrappers": 0,
    "unused_variables": 25
  }
}