{
  "ast_grep": {
    "category_counts": {},
    "category_weighted": {},
    "counts": {},
    "rules_checked": 355,
    "violation_lines": 0,
    "violations": 0,
    "weighted": 0
  },
  "classes": {
    "attribute_counts_mean": 0.0,
    "attribute_counts_sum": 0,
    "count": 0,
    "method_counts_mean": 0.0,
    "method_counts_sum": 0
  },
  "complexity": {
    "cc_max": 34,
    "cc_ratings": {
      "A": 33,
      "B": 6,
      "C": 5,
      "D": 2,
      "E": 1,
      "F": 0
    },
    "cc_sum": 262,
    "mi_min": 5.879401975100364,
    "mi_ratings": {
      "A": 1,
      "B": 0,
      "C": 1
    },
    "mi_sum": 40.822650400639716,
    "num_complex": 8
  },
  "file_count": 2,
  "functions": {
    "cc_concentration": 0.5023324851569126,
    "cc_extreme_count": 1,
    "cc_high_count": 8,
    "cc_max": 34,
    "cc_mean": 7.277777777777778,
    "cc_normalized": 0.029806787816227826,
    "cc_std": 7.538893860170777,
    "cc_sum": 262,
    "cc_top20": 0.5801526717557252,
    "count": 36,
    "depth_max": 6,
    "extreme_cc_mean": 34.0,
    "high_cc_mean": 19.0,
    "lines_mean": 30.47222222222222,
    "lines_sum": 1097
  },
  "graph": {
    "cyclic_dependency_mass": 0.0,
    "dependency_entropy": 0.2664266266919222,
    "edge_count": 34,
    "node_count": 21,
    "propagation_cost": 0.12857142857142856
  },
  "lines": {
    "comments": 62,
    "loc": 857,
    "multi_comment": 45,
    "single_comment": 80,
    "total_lines": 1196
  },
  "lint": {
    "counts": {
      "ARG001": 3,
      "B007": 6,
      "B904": 1,
      "BLE001": 3,
      "C901": 6,
      "DOC201": 22,
      "DOC501": 3,
      "EM101": 12,
      "EXE001": 2,
      "F841": 1,
      "FURB101": 1,
      "PERF203": 1,
      "PERF401": 1,
      "PLC1901": 1,
      "PLR0912": 5,
      "PLR0913": 1,
      "PLR0914": 2,
      "PLR0915": 1,
      "PLR0917": 1,
      "PLR1702": 3,
      "PLR1733": 1,
      "PLR2004": 9,
      "PLW0602": 1,
      "PLW0603": 8,
      "PLW1510": 7,
      "PLW1514": 8,
      "PTH108": 8,
      "PTH113": 2,
      "PTH123": 2,
      "RET503": 1,
      "RET505": 2,
      "RUF015": 1,
      "RUF059": 3,
      "S404": 1,
      "S603": 8,
      "S607": 8,
      "SIM102": 1,
      "TRY003": 12,
      "UP015": 2,
      "UP031": 29
    },
    "errors": 190,
    "fixable": 25
  },
  "redundancy": {
    "clone_lines": 99,
    "clone_ratio_sum": 0.24716672508470616,
    "cloned_sloc_lines": 99,
    "files_with_clones": 2
  },
  "source_files": [],
  "symbols": {
    "classes": 0,
    "expressions": 859,
    "expressions_top_level": 16,
    "functions": 36,
    "globals": 11,
    "imports": 15,
    "max_imports": 8,
    "methods": 0,
    "statements": 272,
    "total": 47,
    "type_aliases": 0,
    "variables": 11
  },
  "verbosity_flagged_sloc_lines": 99,
  "waste": {
    "single_use_functions": 30,
    "trivial_wrappers": 0,
    "unused_variables": 15
  }
}