{
  "ast_grep": {
    "category_counts": {},
    "category_weighted": {},
    "counts": {},
    "rules_checked": 355,
    "violation_lines": 0,
    "violations": 0,
    "weighted": 0
  },
  "classes": {
    "attribute_counts_mean": 8.0,
    "attribute_counts_sum": 56,
    "count": 7,
    "method_counts_mean": 4.428571428571429,
    "method_counts_sum": 31
  },
  "complexity": {
    "cc_max": 90,
    "cc_ratings": {
      "A": 50,
      "B": 4,
      "C": 6,
      "D": 3,
      "E": 0,
      "F": 2
    },
    "cc_sum": 382,
    "mi_min": 0.0,
    "mi_ratings": {
      "A": 1,
      "B": 0,
      "C": 1
    },
    "mi_sum": 74.91372552855783,
    "num_complex": 11
  },
  "file_count": 2,
  "functions": {
    "cc_concentration": 0.6894220572640509,
    "cc_extreme_count": 2,
    "cc_high_count": 8,
    "cc_max": 90,
    "cc_mean": 7.130434782608695,
    "cc_normalized": 0.09460968999933901,
    "cc_std": 14.87519739648994,
    "cc_sum": 328,
    "cc_top20": 0.7713414634146342,
    "count": 46,
    "depth_max": 7,
    "extreme_cc_mean": 67.5,
    "high_cc_mean": 29.375,
    "lines_mean": 26.391304347826086,
    "lines_sum": 1214
  },
  "graph": {
    "cyclic_dependency_mass": 0.0,
    "dependency_entropy": 0.10271925584431528,
    "edge_count": 23,
    "node_count": 46,
    "propagation_cost": 0.01497584541062802
  },
  "lines": {
    "comments": 140,
    "loc": 1054,
    "multi_comment": 4,
    "single_comment": 150,
    "total_lines": 1482
  },
  "lint": {
    "counts": {
      "ARG001": 1,
      "B007": 1,
      "B904": 6,
      "BLE001": 7,
      "C401": 1,
      "C901": 3,
      "DOC201": 32,
      "DOC501": 2,
      "EM101": 2,
      "EM102": 8,
      "EXE001": 2,
      "F401": 2,
      "F541": 3,
      "FBT001": 3,
      "FBT003": 41,
      "FURB110": 2,
      "FURB118": 2,
      "G004": 2,
      "N806": 7,
      "PERF102": 1,
      "PERF203": 3,
      "PERF401": 1,
      "PLC0415": 1,
      "PLR0911": 1,
      "PLR0912": 3,
      "PLR0913": 1,
      "PLR0914": 4,
      "PLR0915": 2,
      "PLR0917": 1,
      "PLR1702": 2,
      "PLR2004": 5,
      "PLR5501": 1,
      "PLR6201": 2,
      "PLW0108": 7,
      "RET505": 1,
      "RUF010": 6,
      "SIM118": 3,
      "TRY003": 10,
      "TRY301": 4,
      "TRY400": 1,
      "UP045": 9
    },
    "errors": 196,
    "fixable": 26
  },
  "redundancy": {
    "clone_lines": 173,
    "clone_ratio_sum": 0.1624015748031496,
    "cloned_sloc_lines": 165,
    "files_with_clones": 2
  },
  "source_files": [],
  "symbols": {
    "classes": 7,
    "expressions": 1655,
    "expressions_top_level": 14,
    "functions": 15,
    "globals": 12,
    "imports": 18,
    "max_imports": 15,
    "methods": 31,
    "statements": 309,
    "total": 65,
    "type_aliases": 0,
    "variables": 12
  },
  "verbosity_flagged_sloc_lines": 165,
  "waste": {
    "single_use_functions": 11,
    "trivial_wrappers": 0,
    "unused_variables": 26
  }
}