{
  "ast_grep": {
    "category_counts": {},
    "category_weighted": {},
    "counts": {},
    "rules_checked": 355,
    "violation_lines": 0,
    "violations": 0,
    "weighted": 0
  },
  "classes": {
    "attribute_counts_mean": 3.2857142857142856,
    "attribute_counts_sum": 92,
    "count": 28,
    "method_counts_mean": 2.25,
    "method_counts_sum": 63
  },
  "complexity": {
    "cc_max": 79,
    "cc_ratings": {
      "A": 91,
      "B": 14,
      "C": 4,
      "D": 4,
      "E": 1,
      "F": 2
    },
    "cc_sum": 577,
    "mi_min": 0.0,
    "mi_ratings": {
      "A": 0,
      "B": 0,
      "C": 1
    },
    "mi_sum": 0.0,
    "num_complex": 11
  },
  "file_count": 1,
  "functions": {
    "cc_concentration": 0.5497212680894195,
    "cc_extreme_count": 1,
    "cc_high_count": 8,
    "cc_max": 38,
    "cc_mean": 4.8023255813953485,
    "cc_normalized": 0.02109099888159803,
    "cc_std": 6.467693047105219,
    "cc_sum": 413,
    "cc_top20": 0.6174334140435835,
    "count": 86,
    "depth_max": 6,
    "extreme_cc_mean": 38.0,
    "high_cc_mean": 21.875,
    "lines_mean": 15.569767441860465,
    "lines_sum": 1339
  },
  "graph": {
    "cyclic_dependency_mass": 0.028169014084507043,
    "dependency_entropy": 0.30929956529565933,
    "edge_count": 113,
    "node_count": 85,
    "propagation_cost": 0.036414565826330535
  },
  "lines": {
    "comments": 178,
    "loc": 1148,
    "multi_comment": 15,
    "single_comment": 176,
    "total_lines": 1693
  },
  "lint": {
    "counts": {
      "ANN401": 24,
      "ARG001": 1,
      "ARG002": 7,
      "B007": 1,
      "B905": 4,
      "C416": 2,
      "C901": 7,
      "DOC201": 22,
      "E721": 2,
      "EM101": 2,
      "EM102": 23,
      "EXE001": 1,
      "F401": 1,
      "F541": 4,
      "F811": 1,
      "F841": 4,
      "FBT001": 1,
      "FBT003": 2,
      "FURB140": 2,
      "FURB142": 2,
      "PERF401": 3,
      "PIE790": 2,
      "PLR0904": 1,
      "PLR0911": 4,
      "PLR0912": 6,
      "PLR0914": 1,
      "PLR1702": 1,
      "PLR1714": 1,
      "PLR2004": 3,
      "PLR5501": 4,
      "PLR6201": 3,
      "PLR6301": 1,
      "PLW2901": 1,
      "PTH123": 2,
      "RET503": 1,
      "RET505": 5,
      "RUF012": 1,
      "SIM102": 2,
      "SIM103": 1,
      "SIM108": 1,
      "SIM118": 2,
      "TRY003": 25,
      "UP006": 42,
      "UP007": 1,
      "UP015": 1,
      "UP024": 2,
      "UP035": 2,
      "UP045": 13
    },
    "errors": 245,
    "fixable": 80
  },
  "redundancy": {
    "clone_lines": 170,
    "clone_ratio_sum": 0.14111498257839722,
    "cloned_sloc_lines": 162,
    "files_with_clones": 1
  },
  "source_files": [],
  "symbols": {
    "classes": 28,
    "expressions": 2312,
    "expressions_top_level": 21,
    "functions": 23,
    "globals": 2,
    "imports": 6,
    "max_imports": 6,
    "methods": 63,
    "statements": 706,
    "total": 116,
    "type_aliases": 0,
    "variables": 2
  },
  "verbosity_flagged_sloc_lines": 162,
  "waste": {
    "single_use_functions": 14,
    "trivial_wrappers": 0,
    "unused_variables": 29
  }
}