{
  "model": "pangu",
  "thinking": "none",
  "prompt": "just-solve",
  "agent_type": "claude_code",
  "agent_version": "2.0.51",
  "num_problems": 6,
  "num_checkpoints": 14,
  "expected_checkpoints": 28,
  "costs": {
    "checkpoint": {
      "mean": 1.4481705,
      "stddev": 1.681470486606738,
      "min": 0.0,
      "max": 4.627146000000001,
      "median": 1.0906815,
      "count": 14
    },
    "problem": {
      "mean": 3.3790645,
      "stddev": 4.760539702518939,
      "min": 0.0,
      "max": 11.105238000000002,
      "median": 0.8579234999999998,
      "count": 6
    },
    "total": 20.274387
  },
  "time": {
    "checkpoint": {
      "mean": 1375.6358340714285,
      "stddev": 871.6889952137979,
      "min": 313.376108,
      "max": 3340.251163,
      "median": 1076.3717940000001,
      "count": 14
    },
    "problem": {
      "mean": 3209.8169461666666,
      "stddev": 2137.768790355034,
      "min": 545.040844,
      "max": 6219.7093239999995,
      "median": 3111.18389,
      "count": 6
    }
  },
  "tokens": {
    "input": 6403784,
    "output": 70869,
    "cache_read": 0,
    "cache_write": 0,
    "reasoning": 0,
    "problem": {
      "input": 1067297.3333333333,
      "output": 11811.5,
      "cache_read": 0.0,
      "cache_write": 0.0,
      "reasoning": 0.0
    },
    "checkpoint": {
      "input": 457413.14285714284,
      "output": 5062.071428571428,
      "cache_read": 0.0,
      "cache_write": 0.0,
      "reasoning": 0.0
    }
  },
  "steps": {
    "checkpoint": {
      "mean": 1.7142857142857142,
      "stddev": 1.5406577730392865,
      "min": 0.0,
      "max": 4.0,
      "median": 2.0,
      "count": 14
    },
    "problem": {
      "mean": 4.0,
      "stddev": 1.5491933384829668,
      "min": 3.0,
      "max": 7.0,
      "median": 3.5,
      "count": 6
    }
  },
  "checkpoints_solved": 0,
  "checkpoints_iso_solved": 1,
  "checkpoints_core_solved": 2,
  "problem_solved": 0.0,
  "problem_partial": 0.0,
  "pct_checkpoints_solved": 0.0,
  "pct_checkpoints_iso_solved": 3.571428571428571,
  "pct_problems_solved": 0.0,
  "pct_problems_partial": 0.0,
  "pct_checkpoints_core_solved": 7.142857142857142,
  "pass_rates": {
    "problem": {
      "core": 0.3657242063492064,
      "total": 0.34439916021031136,
      "error": 0.4699300699300699,
      "functionality": 0.32896270396270394,
      "regression": 0.1915769325525423
    },
    "checkpoint": {
      "core": 0.321641156462585,
      "total": 0.3448263663327768,
      "error": 0.6728348574502421,
      "functionality": 0.29268231768231767,
      "regression": 0.2823278043095116
    }
  },
  "cc": {
    "high_count": {
      "mean": 2.5,
      "stddev": 2.441626192015981,
      "min": 0.0,
      "max": 8.0,
      "median": 1.0,
      "count": 14
    },
    "high_mean": {
      "mean": 23.18579931972789,
      "stddev": 8.998665090647215,
      "min": 0.0,
      "max": 34.0,
      "median": 23.75,
      "count": 14
    },
    "max": {
      "mean": 28.357142857142858,
      "stddev": 13.920693742975393,
      "min": 0.0,
      "max": 65.0,
      "median": 28.0,
      "count": 14
    }
  },
  "ratios": {
    "rubric": {
      "mean": null,
      "stddev": null,
      "min": null,
      "max": null,
      "median": null,
      "count": 0
    },
    "lint": {
      "mean": 0.1320256018911151,
      "stddev": 0.05235740359263451,
      "min": 0.07692307692307693,
      "max": 0.249500998003992,
      "median": 0.11524434719183078,
      "count": 13
    },
    "violation_pct": {
      "mean": 0.0,
      "stddev": 0.0,
      "min": 0.0,
      "max": 0.0,
      "median": 0.0,
      "count": 13
    }
  },
  "verbosity": {
    "mean": null,
    "stddev": null,
    "min": null,
    "max": null,
    "median": null,
    "count": 0
  },
  "erosion": {
    "mean": null,
    "stddev": null,
    "min": null,
    "max": null,
    "median": null,
    "count": 0
  }
}