{
  "ast_grep": {
    "category_counts": {},
    "category_weighted": {},
    "counts": {},
    "rules_checked": 355,
    "violation_lines": 0,
    "violations": 0,
    "weighted": 0
  },
  "classes": {
    "attribute_counts_mean": 3.6666666666666665,
    "attribute_counts_sum": 264,
    "count": 72,
    "method_counts_mean": 2.0,
    "method_counts_sum": 144
  },
  "complexity": {
    "cc_max": 94,
    "cc_ratings": {
      "A": 243,
      "B": 53,
      "C": 21,
      "D": 5,
      "E": 1,
      "F": 2
    },
    "cc_sum": 1362,
    "mi_min": 0.0,
    "mi_ratings": {
      "A": 4,
      "B": 2,
      "C": 1
    },
    "mi_sum": 189.85296212002922,
    "num_complex": 29
  },
  "file_count": 7,
  "functions": {
    "cc_concentration": 0.48391332579784035,
    "cc_extreme_count": 0,
    "cc_high_count": 21,
    "cc_max": 23,
    "cc_mean": 4.497674418604651,
    "cc_normalized": 0.004329619361635455,
    "cc_std": 4.339424160304467,
    "cc_sum": 967,
    "cc_top20": 0.5222337125129266,
    "count": 215,
    "depth_max": 5,
    "extreme_cc_mean": 0.0,
    "high_cc_mean": 14.571428571428571,
    "lines_mean": 16.455813953488374,
    "lines_sum": 3538
  },
  "graph": {
    "cyclic_dependency_mass": 0.0,
    "dependency_entropy": 0.0,
    "edge_count": 0,
    "node_count": 0,
    "propagation_cost": 0.0
  },
  "lines": {
    "comments": 347,
    "loc": 3120,
    "multi_comment": 62,
    "single_comment": 515,
    "total_lines": 4590
  },
  "lint": {
    "counts": {
      "ANN401": 11,
      "ARG001": 11,
      "ARG002": 3,
      "ARG005": 15,
      "B007": 3,
      "B903": 2,
      "B904": 17,
      "BLE001": 10,
      "C416": 4,
      "C901": 11,
      "DOC201": 99,
      "DOC501": 42,
      "E712": 1,
      "EM101": 147,
      "EM102": 3,
      "EXE001": 7,
      "F401": 7,
      "F541": 2,
      "F821": 16,
      "F841": 6,
      "FBT001": 6,
      "FBT002": 4,
      "FURB113": 1,
      "PERF102": 1,
      "PERF203": 3,
      "PERF401": 10,
      "PIE790": 1,
      "PIE810": 8,
      "PLC0415": 2,
      "PLC1901": 1,
      "PLC2801": 6,
      "PLR0911": 5,
      "PLR0912": 3,
      "PLR0913": 2,
      "PLR0914": 3,
      "PLR0915": 1,
      "PLR0917": 2,
      "PLR1714": 1,
      "PLR2004": 21,
      "PLR5501": 1,
      "PLR6104": 1,
      "PLR6201": 11,
      "PLR6301": 19,
      "PLW0603": 2,
      "PLW2901": 5,
      "RET504": 2,
      "RET505": 4,
      "RUF005": 2,
      "RUF029": 3,
      "RUF031": 1,
      "RUF059": 1,
      "S104": 1,
      "SIM102": 12,
      "SIM114": 2,
      "SLF001": 1,
      "TRY003": 15,
      "TRY004": 4,
      "TRY203": 2,
      "TRY300": 8,
      "UP006": 42,
      "UP035": 8,
      "UP045": 6
    },
    "errors": 651,
    "fixable": 66
  },
  "redundancy": {
    "clone_lines": 264,
    "clone_ratio_sum": 0.4684998989724448,
    "cloned_sloc_lines": 262,
    "files_with_clones": 7
  },
  "source_files": null,
  "symbols": {
    "classes": 72,
    "expressions": 5171,
    "expressions_top_level": 29,
    "functions": 71,
    "globals": 38,
    "imports": 40,
    "max_imports": 14,
    "methods": 144,
    "statements": 1567,
    "total": 325,
    "type_aliases": 0,
    "variables": 38
  },
  "verbosity_flagged_sloc_lines": 262,
  "waste": {
    "single_use_functions": 60,
    "trivial_wrappers": 0,
    "unused_variables": 90
  }
}