{
  "ast_grep": {
    "category_counts": {},
    "category_weighted": {},
    "counts": {},
    "rules_checked": 355,
    "violation_lines": 0,
    "violations": 0,
    "weighted": 0
  },
  "classes": {
    "attribute_counts_mean": 8.0,
    "attribute_counts_sum": 8,
    "count": 1,
    "method_counts_mean": 5.0,
    "method_counts_sum": 5
  },
  "complexity": {
    "cc_max": 38,
    "cc_ratings": {
      "A": 30,
      "B": 2,
      "C": 3,
      "D": 2,
      "E": 1,
      "F": 0
    },
    "cc_sum": 206,
    "mi_min": 14.41648299341654,
    "mi_ratings": {
      "A": 7,
      "B": 1,
      "C": 0
    },
    "mi_sum": 714.4164829934166,
    "num_complex": 6
  },
  "file_count": 8,
  "functions": {
    "cc_concentration": 0.5940878378378378,
    "cc_extreme_count": 1,
    "cc_high_count": 5,
    "cc_max": 38,
    "cc_mean": 5.78125,
    "cc_normalized": 0.06561417564033083,
    "cc_std": 8.377136222500061,
    "cc_sum": 185,
    "cc_top20": 0.6918918918918919,
    "count": 32,
    "depth_max": 6,
    "extreme_cc_mean": 38.0,
    "high_cc_mean": 22.0,
    "lines_mean": 28.15625,
    "lines_sum": 901
  },
  "graph": {
    "cyclic_dependency_mass": 0.0,
    "dependency_entropy": 0.2422208301135905,
    "edge_count": 31,
    "node_count": 28,
    "propagation_cost": 0.08068783068783068
  },
  "lines": {
    "comments": 126,
    "loc": 872,
    "multi_comment": 29,
    "single_comment": 119,
    "total_lines": 1201
  },
  "lint": {
    "counts": {
      "B007": 2,
      "B018": 1,
      "B904": 1,
      "B905": 1,
      "BLE001": 4,
      "C401": 2,
      "C901": 4,
      "DOC201": 24,
      "DOC501": 2,
      "EM101": 1,
      "EM102": 18,
      "ERA001": 1,
      "EXE001": 1,
      "F821": 1,
      "F841": 4,
      "FBT001": 1,
      "FURB101": 2,
      "FURB103": 1,
      "FURB118": 2,
      "INP001": 7,
      "PLR0911": 1,
      "PLR0912": 4,
      "PLR0913": 1,
      "PLR0914": 2,
      "PLR0915": 2,
      "PLR0917": 1,
      "PLR1702": 2,
      "PLR6201": 1,
      "PLR6301": 1,
      "PTH118": 3,
      "PTH123": 4,
      "RET505": 1,
      "SIM102": 2,
      "SIM103": 1,
      "TRY003": 19,
      "TRY004": 4,
      "TRY300": 2,
      "UP006": 70,
      "UP015": 3,
      "UP024": 2,
      "UP035": 4,
      "UP045": 2
    },
    "errors": 212,
    "fixable": 85
  },
  "redundancy": {
    "clone_lines": 12,
    "clone_ratio_sum": 0.01406799531066823,
    "cloned_sloc_lines": 12,
    "files_with_clones": 8
  },
  "source_files": [],
  "symbols": {
    "classes": 1,
    "expressions": 902,
    "expressions_top_level": 10,
    "functions": 27,
    "globals": 5,
    "imports": 11,
    "max_imports": 11,
    "methods": 5,
    "statements": 228,
    "total": 38,
    "type_aliases": 0,
    "variables": 5
  },
  "verbosity_flagged_sloc_lines": 12,
  "waste": {
    "single_use_functions": 22,
    "trivial_wrappers": 0,
    "unused_variables": 11
  }
}