{
  "ast_grep": {
    "category_counts": {},
    "category_weighted": {},
    "counts": {},
    "rules_checked": 355,
    "violation_lines": 0,
    "violations": 0,
    "weighted": 0
  },
  "classes": {
    "attribute_counts_mean": 2.8,
    "attribute_counts_sum": 14,
    "count": 5,
    "method_counts_mean": 8.8,
    "method_counts_sum": 44
  },
  "complexity": {
    "cc_max": 101,
    "cc_ratings": {
      "A": 30,
      "B": 10,
      "C": 9,
      "D": 1,
      "E": 1,
      "F": 2
    },
    "cc_sum": 507,
    "mi_min": 0.0,
    "mi_ratings": {
      "A": 0,
      "B": 0,
      "C": 1
    },
    "mi_sum": 0.0,
    "num_complex": 13
  },
  "file_count": 1,
  "functions": {
    "cc_concentration": 0.42701048951048953,
    "cc_extreme_count": 0,
    "cc_high_count": 9,
    "cc_max": 22,
    "cc_mean": 5.958333333333333,
    "cc_normalized": 0.01358335162828542,
    "cc_std": 4.811149875088842,
    "cc_sum": 286,
    "cc_top20": 0.47202797202797203,
    "count": 48,
    "depth_max": 5,
    "extreme_cc_mean": 0.0,
    "high_cc_mean": 13.88888888888889,
    "lines_mean": 24.8125,
    "lines_sum": 1191
  },
  "graph": {
    "cyclic_dependency_mass": 0.05263157894736842,
    "dependency_entropy": 0.35184509340178055,
    "edge_count": 78,
    "node_count": 48,
    "propagation_cost": 0.07092198581560284
  },
  "lines": {
    "comments": 103,
    "loc": 912,
    "multi_comment": 33,
    "single_comment": 136,
    "total_lines": 1302
  },
  "lint": {
    "counts": {
      "ARG002": 3,
      "B007": 5,
      "BLE001": 7,
      "C901": 7,
      "DOC201": 42,
      "DOC501": 16,
      "EM101": 7,
      "EM102": 17,
      "EXE001": 1,
      "FBT001": 1,
      "FBT002": 1,
      "FURB101": 1,
      "FURB110": 1,
      "FURB148": 1,
      "PD011": 1,
      "PD015": 4,
      "PERF102": 3,
      "PERF203": 3,
      "PIE790": 1,
      "PLC0415": 2,
      "PLR0911": 2,
      "PLR0912": 5,
      "PLR0915": 1,
      "PLR6201": 7,
      "PLR6301": 6,
      "PLW1514": 1,
      "PTH113": 1,
      "PTH123": 2,
      "PTH207": 1,
      "RET504": 1,
      "RET505": 5,
      "RET506": 1,
      "RUF005": 1,
      "RUF012": 5,
      "RUF013": 1,
      "RUF015": 1,
      "SIM102": 1,
      "SIM108": 1,
      "SLF001": 1,
      "TRY003": 24,
      "TRY301": 1,
      "UP006": 12,
      "UP015": 2,
      "UP035": 3,
      "UP045": 6
    },
    "errors": 216,
    "fixable": 31
  },
  "redundancy": {
    "clone_lines": 100,
    "clone_ratio_sum": 0.10526315789473684,
    "cloned_sloc_lines": 92,
    "files_with_clones": 1
  },
  "source_files": [],
  "symbols": {
    "classes": 5,
    "expressions": 2580,
    "expressions_top_level": 11,
    "functions": 4,
    "globals": 0,
    "imports": 11,
    "max_imports": 11,
    "methods": 44,
    "statements": 598,
    "total": 53,
    "type_aliases": 0,
    "variables": 0
  },
  "verbosity_flagged_sloc_lines": 92,
  "waste": {
    "single_use_functions": 4,
    "trivial_wrappers": 0,
    "unused_variables": 12
  }
}