{
  "ast_grep": {
    "category_counts": {},
    "category_weighted": {},
    "counts": {},
    "rules_checked": 355,
    "violation_lines": 0,
    "violations": 0,
    "weighted": 0
  },
  "classes": {
    "attribute_counts_mean": 0.0,
    "attribute_counts_sum": 0,
    "count": 4,
    "method_counts_mean": 1.0,
    "method_counts_sum": 4
  },
  "complexity": {
    "cc_max": 32,
    "cc_ratings": {
      "A": 120,
      "B": 3,
      "C": 5,
      "D": 0,
      "E": 1,
      "F": 0
    },
    "cc_sum": 204,
    "mi_min": 9.573171629687039,
    "mi_ratings": {
      "A": 7,
      "B": 1,
      "C": 0
    },
    "mi_sum": 461.5920214477655,
    "num_complex": 6
  },
  "file_count": 8,
  "functions": {
    "cc_concentration": 0.5369357045143639,
    "cc_extreme_count": 1,
    "cc_high_count": 6,
    "cc_max": 32,
    "cc_mean": 4.744186046511628,
    "cc_normalized": 0.038776294831658155,
    "cc_std": 6.126029644284935,
    "cc_sum": 204,
    "cc_top20": 0.6323529411764706,
    "count": 43,
    "depth_max": 4,
    "extreme_cc_mean": 32.0,
    "high_cc_mean": 17.833333333333332,
    "lines_mean": 21.930232558139537,
    "lines_sum": 943
  },
  "graph": {
    "cyclic_dependency_mass": 0.0,
    "dependency_entropy": 0.16565746332894157,
    "edge_count": 25,
    "node_count": 30,
    "propagation_cost": 0.0367816091954023
  },
  "lines": {
    "comments": 129,
    "loc": 1297,
    "multi_comment": 0,
    "single_comment": 134,
    "total_lines": 1783
  },
  "lint": {
    "counts": {
      "ARG001": 1,
      "B904": 6,
      "BLE001": 3,
      "C901": 5,
      "DOC201": 5,
      "DOC501": 2,
      "E712": 26,
      "EM101": 7,
      "EM102": 7,
      "ERA001": 2,
      "EXE001": 6,
      "F401": 7,
      "F541": 18,
      "FBT002": 1,
      "FBT003": 2,
      "FURB118": 1,
      "INP001": 2,
      "PIE810": 1,
      "PLC0415": 4,
      "PLC1901": 3,
      "PLR0124": 1,
      "PLR0911": 2,
      "PLR0912": 2,
      "PLR0913": 1,
      "PLR0914": 1,
      "PLR0915": 3,
      "PLR0917": 1,
      "PLR1714": 1,
      "PLR2004": 127,
      "PLR6201": 5,
      "PLW0603": 7,
      "PLW0604": 1,
      "PLW1514": 2,
      "PTH108": 2,
      "PTH123": 3,
      "RUF034": 1,
      "S113": 43,
      "S324": 2,
      "S404": 2,
      "S602": 2,
      "S607": 2,
      "SIM114": 1,
      "TRY003": 14,
      "TRY300": 2,
      "TRY301": 5
    },
    "errors": 342,
    "fixable": 28
  },
  "redundancy": {
    "clone_lines": 40,
    "clone_ratio_sum": 0.0851063829787234,
    "cloned_sloc_lines": 40,
    "files_with_clones": 8
  },
  "source_files": [],
  "symbols": {
    "classes": 4,
    "expressions": 1148,
    "expressions_top_level": 28,
    "functions": 39,
    "globals": 82,
    "imports": 54,
    "max_imports": 15,
    "methods": 4,
    "statements": 311,
    "total": 129,
    "type_aliases": 0,
    "variables": 82
  },
  "verbosity_flagged_sloc_lines": 40,
  "waste": {
    "single_use_functions": 27,
    "trivial_wrappers": 2,
    "unused_variables": 26
  }
}