{
  "ast_grep": {
    "category_counts": {},
    "category_weighted": {},
    "counts": {},
    "rules_checked": 355,
    "violation_lines": 0,
    "violations": 0,
    "weighted": 0
  },
  "classes": {
    "attribute_counts_mean": 2.04,
    "attribute_counts_sum": 51,
    "count": 25,
    "method_counts_mean": 1.08,
    "method_counts_sum": 27
  },
  "complexity": {
    "cc_max": 61,
    "cc_ratings": {
      "A": 51,
      "B": 6,
      "C": 6,
      "D": 0,
      "E": 3,
      "F": 1
    },
    "cc_sum": 368,
    "mi_min": 1.5645664012950782,
    "mi_ratings": {
      "A": 0,
      "B": 0,
      "C": 1
    },
    "mi_sum": 1.5645664012950782,
    "num_complex": 10
  },
  "file_count": 1,
  "functions": {
    "cc_concentration": 0.4547573638482729,
    "cc_extreme_count": 1,
    "cc_high_count": 7,
    "cc_max": 33,
    "cc_mean": 6.205128205128205,
    "cc_normalized": 0.024646001315699603,
    "cc_std": 6.083538994175776,
    "cc_sum": 242,
    "cc_top20": 0.5165289256198347,
    "count": 39,
    "depth_max": 4,
    "extreme_cc_mean": 33.0,
    "high_cc_mean": 16.428571428571427,
    "lines_mean": 24.53846153846154,
    "lines_sum": 957
  },
  "graph": {
    "cyclic_dependency_mass": 0.01834862385321101,
    "dependency_entropy": 0.28811658352695724,
    "edge_count": 60,
    "node_count": 38,
    "propagation_cost": 0.08819345661450925
  },
  "lines": {
    "comments": 98,
    "loc": 790,
    "multi_comment": 27,
    "single_comment": 129,
    "total_lines": 1167
  },
  "lint": {
    "counts": {
      "A001": 1,
      "BLE001": 2,
      "C901": 6,
      "DOC201": 18,
      "DOC501": 11,
      "EM101": 6,
      "EM102": 20,
      "EXE001": 1,
      "F541": 1,
      "F841": 2,
      "FBT001": 4,
      "FBT002": 1,
      "FBT003": 2,
      "FURB101": 2,
      "FURB118": 5,
      "FURB145": 1,
      "PERF401": 1,
      "PIE790": 13,
      "PLC0206": 1,
      "PLR0911": 2,
      "PLR0912": 3,
      "PLR0913": 1,
      "PLR0914": 1,
      "PLR0915": 1,
      "PLR0917": 1,
      "PLR5501": 2,
      "PLR6201": 4,
      "PLW1514": 2,
      "PTH123": 2,
      "RET505": 5,
      "RUF005": 1,
      "SIM108": 1,
      "TRY003": 26,
      "TRY004": 1,
      "TRY300": 2,
      "UP006": 39,
      "UP015": 2,
      "UP035": 4,
      "UP045": 7
    },
    "errors": 205,
    "fixable": 74
  },
  "redundancy": {
    "clone_lines": 136,
    "clone_ratio_sum": 0.17215189873417722,
    "cloned_sloc_lines": 134,
    "files_with_clones": 1
  },
  "source_files": [],
  "symbols": {
    "classes": 25,
    "expressions": 1392,
    "expressions_top_level": 19,
    "functions": 12,
    "globals": 3,
    "imports": 5,
    "max_imports": 5,
    "methods": 27,
    "statements": 429,
    "total": 67,
    "type_aliases": 0,
    "variables": 3
  },
  "verbosity_flagged_sloc_lines": 134,
  "waste": {
    "single_use_functions": 8,
    "trivial_wrappers": 0,
    "unused_variables": 27
  }
}