{
  "ast_grep": {
    "category_counts": {},
    "category_weighted": {},
    "counts": {},
    "rules_checked": 355,
    "violation_lines": 0,
    "violations": 0,
    "weighted": 0
  },
  "classes": {
    "attribute_counts_mean": 4.0,
    "attribute_counts_sum": 4,
    "count": 1,
    "method_counts_mean": 0.0,
    "method_counts_sum": 0
  },
  "complexity": {
    "cc_max": 35,
    "cc_ratings": {
      "A": 29,
      "B": 3,
      "C": 1,
      "D": 2,
      "E": 1,
      "F": 0
    },
    "cc_sum": 180,
    "mi_min": 18.79529791451002,
    "mi_ratings": {
      "A": 9,
      "B": 1,
      "C": 0
    },
    "mi_sum": 918.79529791451,
    "num_complex": 4
  },
  "file_count": 10,
  "functions": {
    "cc_concentration": 0.6157706093189964,
    "cc_extreme_count": 1,
    "cc_high_count": 4,
    "cc_max": 35,
    "cc_mean": 5.806451612903226,
    "cc_normalized": 0.07197736625514403,
    "cc_std": 8.67340515537279,
    "cc_sum": 180,
    "cc_top20": 0.7111111111111111,
    "count": 31,
    "depth_max": 6,
    "extreme_cc_mean": 35.0,
    "high_cc_mean": 26.25,
    "lines_mean": 30.838709677419356,
    "lines_sum": 956
  },
  "graph": {
    "cyclic_dependency_mass": 0.0,
    "dependency_entropy": 0.24059279589773008,
    "edge_count": 25,
    "node_count": 20,
    "propagation_cost": 0.11052631578947368
  },
  "lines": {
    "comments": 89,
    "loc": 683,
    "multi_comment": 37,
    "single_comment": 91,
    "total_lines": 985
  },
  "lint": {
    "counts": {
      "ARG001": 1,
      "B018": 3,
      "B905": 1,
      "BLE001": 3,
      "C901": 3,
      "DOC201": 20,
      "DOC501": 1,
      "EM101": 1,
      "EM102": 20,
      "ERA001": 1,
      "EXE001": 1,
      "F401": 1,
      "F821": 9,
      "F841": 1,
      "FIX002": 1,
      "FURB101": 3,
      "FURB103": 1,
      "FURB113": 1,
      "FURB118": 1,
      "INP001": 9,
      "PERF401": 1,
      "PLC0206": 1,
      "PLR0911": 1,
      "PLR0912": 2,
      "PLR0913": 2,
      "PLR0914": 2,
      "PLR0915": 3,
      "PLR0917": 2,
      "PLR1702": 1,
      "PLR6201": 2,
      "PTH123": 5,
      "TD002": 1,
      "TD003": 1,
      "TRY003": 21,
      "TRY004": 3,
      "UP006": 61,
      "UP015": 4,
      "UP024": 5,
      "UP035": 4,
      "UP045": 1
    },
    "errors": 205,
    "fixable": 81
  },
  "redundancy": {
    "clone_lines": 32,
    "clone_ratio_sum": 0.04900459418070444,
    "cloned_sloc_lines": 32,
    "files_with_clones": 10
  },
  "source_files": [],
  "symbols": {
    "classes": 1,
    "expressions": 628,
    "expressions_top_level": 19,
    "functions": 31,
    "globals": 4,
    "imports": 12,
    "max_imports": 12,
    "methods": 0,
    "statements": 215,
    "total": 36,
    "type_aliases": 0,
    "variables": 4
  },
  "verbosity_flagged_sloc_lines": 32,
  "waste": {
    "single_use_functions": 23,
    "trivial_wrappers": 0,
    "unused_variables": 7
  }
}