{
  "ast_grep": {
    "category_counts": {},
    "category_weighted": {},
    "counts": {},
    "rules_checked": 355,
    "violation_lines": 0,
    "violations": 0,
    "weighted": 0
  },
  "classes": {
    "attribute_counts_mean": 3.124546553808948,
    "attribute_counts_sum": 2584,
    "count": 827,
    "method_counts_mean": 4.295042321644498,
    "method_counts_sum": 3552
  },
  "complexity": {
    "cc_max": 232,
    "cc_ratings": {
      "A": 6101,
      "B": 581,
      "C": 263,
      "D": 72,
      "E": 36,
      "F": 59
    },
    "cc_sum": 24277,
    "mi_min": 0.0,
    "mi_ratings": {
      "A": 384,
      "B": 13,
      "C": 15
    },
    "mi_sum": 24822.787797713263,
    "num_complex": 430
  },
  "file_count": 412,
  "functions": {
    "cc_concentration": 0.5061343866314741,
    "cc_extreme_count": 22,
    "cc_high_count": 257,
    "cc_max": 92,
    "cc_mean": 3.349699398797595,
    "cc_normalized": 0.0003672317766567863,
    "cc_std": 4.534466889034332,
    "cc_sum": 16715,
    "cc_top20": 0.5721208495363446,
    "count": 4990,
    "depth_max": 9,
    "extreme_cc_mean": 42.45454545454545,
    "high_cc_mean": 17.976653696498055,
    "lines_mean": 17.12885771543086,
    "lines_sum": 85473
  },
  "graph": {
    "cyclic_dependency_mass": 0.0,
    "dependency_entropy": 0.21518030992755624,
    "edge_count": 12,
    "node_count": 12,
    "propagation_cost": 0.11363636363636363
  },
  "lines": {
    "comments": 7596,
    "loc": 91754,
    "multi_comment": 15134,
    "single_comment": 7517,
    "total_lines": 133152
  },
  "lint": {
    "counts": {
      "A001": 43,
      "A002": 21,
      "A003": 3,
      "A004": 19,
      "ANN401": 151,
      "ARG001": 56,
      "ARG002": 111,
      "ARG003": 12,
      "ARG004": 6,
      "ARG005": 14,
      "B004": 1,
      "B007": 25,
      "B008": 2,
      "B009": 6,
      "B010": 5,
      "B011": 5,
      "B015": 1,
      "B018": 9,
      "B019": 12,
      "B020": 2,
      "B023": 6,
      "B024": 1,
      "B026": 1,
      "B027": 1,
      "B028": 35,
      "B903": 1,
      "B904": 163,
      "B905": 31,
      "BLE001": 66,
      "C401": 2,
      "C402": 3,
      "C403": 3,
      "C404": 1,
      "C405": 8,
      "C408": 7,
      "C409": 3,
      "C415": 1,
      "C416": 2,
      "C419": 2,
      "C420": 3,
      "C901": 168,
      "DOC102": 12,
      "DOC201": 1257,
      "DOC202": 7,
      "DOC402": 124,
      "DOC501": 346,
      "DOC502": 2,
      "DTZ001": 1,
      "DTZ006": 2,
      "DTZ011": 2,
      "E721": 3,
      "E722": 1,
      "E741": 3,
      "EM101": 349,
      "EM102": 242,
      "EM103": 31,
      "ERA001": 100,
      "EXE001": 3,
      "F401": 103,
      "F541": 2,
      "F811": 1,
      "F821": 41,
      "F841": 2,
      "FBT001": 360,
      "FBT002": 345,
      "FBT003": 67,
      "FIX001": 19,
      "FIX002": 62,
      "FIX003": 28,
      "FIX004": 5,
      "FLY002": 24,
      "FURB101": 32,
      "FURB103": 11,
      "FURB110": 6,
      "FURB113": 11,
      "FURB116": 2,
      "FURB118": 7,
      "FURB122": 2,
      "FURB132": 1,
      "FURB140": 3,
      "FURB142": 2,
      "FURB145": 8,
      "FURB148": 1,
      "FURB154": 2,
      "FURB156": 1,
      "FURB167": 25,
      "FURB171": 1,
      "FURB180": 2,
      "FURB188": 5,
      "FURB189": 7,
      "G001": 1,
      "G002": 5,
      "G004": 1,
      "ISC001": 3,
      "LOG015": 1,
      "N801": 34,
      "N802": 44,
      "N803": 16,
      "N804": 6,
      "N805": 7,
      "N806": 79,
      "N807": 5,
      "N812": 10,
      "N813": 4,
      "N815": 46,
      "N816": 29,
      "N817": 1,
      "N818": 86,
      "N999": 1,
      "PERF102": 3,
      "PERF203": 28,
      "PERF401": 16,
      "PGH003": 23,
      "PGH004": 4,
      "PIE790": 40,
      "PIE808": 6,
      "PIE810": 6,
      "PLC0105": 1,
      "PLC0207": 2,
      "PLC0414": 4,
      "PLC0415": 130,
      "PLC1802": 1,
      "PLC1901": 20,
      "PLC2701": 12,
      "PLC2801": 3,
      "PLR0402": 1,
      "PLR0904": 21,
      "PLR0911": 21,
      "PLR0912": 104,
      "PLR0913": 141,
      "PLR0914": 31,
      "PLR0915": 46,
      "PLR0916": 4,
      "PLR0917": 81,
      "PLR1702": 53,
      "PLR1704": 5,
      "PLR1711": 1,
      "PLR1714": 8,
      "PLR1716": 1,
      "PLR1730": 2,
      "PLR1733": 1,
      "PLR2004": 251,
      "PLR5501": 21,
      "PLR6104": 14,
      "PLR6201": 112,
      "PLR6301": 200,
      "PLW0120": 2,
      "PLW0127": 15,
      "PLW0406": 1,
      "PLW0602": 2,
      "PLW0603": 17,
      "PLW0642": 1,
      "PLW1510": 4,
      "PLW1514": 14,
      "PLW1641": 10,
      "PLW2901": 113,
      "PLW3201": 72,
      "PLW3301": 1,
      "PT015": 5,
      "PT017": 3,
      "PT018": 6,
      "PTH100": 50,
      "PTH101": 8,
      "PTH102": 4,
      "PTH103": 10,
      "PTH104": 3,
      "PTH105": 1,
      "PTH106": 3,
      "PTH107": 13,
      "PTH108": 7,
      "PTH109": 9,
      "PTH110": 80,
      "PTH111": 9,
      "PTH112": 43,
      "PTH113": 37,
      "PTH114": 9,
      "PTH116": 17,
      "PTH117": 12,
      "PTH118": 228,
      "PTH119": 29,
      "PTH120": 58,
      "PTH121": 4,
      "PTH122": 11,
      "PTH123": 95,
      "PTH202": 5,
      "PTH206": 5,
      "PTH207": 4,
      "PTH208": 17,
      "PYI019": 1,
      "PYI024": 12,
      "PYI032": 10,
      "PYI036": 7,
      "PYI045": 1,
      "PYI056": 1,
      "PYI063": 11,
      "PYI066": 2,
      "Q001": 21,
      "Q002": 32,
      "Q003": 1,
      "RET501": 3,
      "RET502": 11,
      "RET503": 20,
      "RET504": 101,
      "RET505": 128,
      "RET506": 33,
      "RET507": 5,
      "RET508": 4,
      "RSE102": 63,
      "RUF001": 379,
      "RUF003": 5,
      "RUF005": 25,
      "RUF007": 2,
      "RUF010": 6,
      "RUF012": 133,
      "RUF013": 1,
      "RUF015": 2,
      "RUF019": 3,
      "RUF021": 37,
      "RUF022": 29,
      "RUF023": 14,
      "RUF027": 1,
      "RUF031": 5,
      "RUF036": 32,
      "RUF039": 42,
      "RUF046": 3,
      "RUF052": 124,
      "RUF059": 30,
      "RUF065": 1,
      "RUF100": 19,
      "S101": 333,
      "S102": 5,
      "S104": 1,
      "S105": 4,
      "S110": 6,
      "S202": 2,
      "S302": 1,
      "S307": 1,
      "S311": 9,
      "S324": 5,
      "S404": 13,
      "S504": 1,
      "S602": 2,
      "S603": 14,
      "S607": 3,
      "SIM102": 45,
      "SIM103": 13,
      "SIM105": 30,
      "SIM108": 90,
      "SIM110": 5,
      "SIM112": 1,
      "SIM114": 15,
      "SIM115": 14,
      "SIM116": 1,
      "SIM117": 10,
      "SIM118": 9,
      "SIM210": 1,
      "SIM300": 4,
      "SIM401": 1,
      "SIM910": 6,
      "SLF001": 256,
      "SLOT000": 2,
      "SLOT001": 3,
      "SLOT002": 1,
      "TC001": 16,
      "TC003": 5,
      "TC004": 1,
      "TC006": 35,
      "TD001": 47,
      "TD002": 108,
      "TD003": 104,
      "TD004": 37,
      "TD005": 2,
      "TRY002": 9,
      "TRY003": 549,
      "TRY004": 6,
      "TRY201": 1,
      "TRY300": 28,
      "TRY301": 21,
      "TRY400": 12,
      "TRY401": 5,
      "UP004": 65,
      "UP006": 1250,
      "UP007": 247,
      "UP008": 39,
      "UP009": 16,
      "UP010": 32,
      "UP015": 4,
      "UP018": 6,
      "UP019": 1,
      "UP020": 1,
      "UP024": 26,
      "UP025": 29,
      "UP028": 5,
      "UP030": 10,
      "UP031": 366,
      "UP032": 46,
      "UP033": 20,
      "UP035": 450,
      "UP036": 40,
      "UP037": 23,
      "UP041": 12,
      "UP045": 1083,
      "YTT201": 1,
      "YTT203": 1
    },
    "errors": 14545,
    "fixable": 4005
  },
  "redundancy": {
    "clone_lines": 4852,
    "clone_ratio_sum": 12.71484764031955,
    "cloned_sloc_lines": 4046,
    "files_with_clones": 412
  },
  "source_files": [],
  "symbols": {
    "classes": 827,
    "expressions": 100367,
    "expressions_top_level": 1311,
    "functions": 1438,
    "globals": 1295,
    "imports": 3436,
    "max_imports": 58,
    "methods": 3552,
    "statements": 26379,
    "total": 7112,
    "type_aliases": 0,
    "variables": 1295
  },
  "verbosity_flagged_sloc_lines": 4046,