{
  "ast_grep": {
    "category_counts": {},
    "category_weighted": {},
    "counts": {},
    "rules_checked": 355,
    "violation_lines": 0,
    "violations": 0,
    "weighted": 0
  },
  "classes": {
    "attribute_counts_mean": 0.5,
    "attribute_counts_sum": 1,
    "count": 2,
    "method_counts_mean": 1.0,
    "method_counts_sum": 2
  },
  "complexity": {
    "cc_max": 41,
    "cc_ratings": {
      "A": 43,
      "B": 4,
      "C": 5,
      "D": 0,
      "E": 1,
      "F": 1
    },
    "cc_sum": 240,
    "mi_min": 12.072701260053165,
    "mi_ratings": {
      "A": 11,
      "B": 1,
      "C": 0
    },
    "mi_sum": 992.5406548690986,
    "num_complex": 7
  },
  "file_count": 12,
  "functions": {
    "cc_concentration": 0.5854166666666667,
    "cc_extreme_count": 2,
    "cc_high_count": 7,
    "cc_max": 41,
    "cc_mean": 5.454545454545454,
    "cc_normalized": 0.05075258397932817,
    "cc_std": 8.1510579865568,
    "cc_sum": 240,
    "cc_top20": 0.6416666666666667,
    "count": 44,
    "depth_max": 5,
    "extreme_cc_mean": 38.5,
    "high_cc_mean": 19.571428571428573,
    "lines_mean": 24.0,
    "lines_sum": 1056
  },
  "graph": {
    "cyclic_dependency_mass": 0.0,
    "dependency_entropy": 0.20493607155672858,
    "edge_count": 28,
    "node_count": 27,
    "propagation_cost": 0.07834757834757834
  },
  "lines": {
    "comments": 109,
    "loc": 821,
    "multi_comment": 55,
    "single_comment": 122,
    "total_lines": 1233
  },
  "lint": {
    "counts": {
      "ARG001": 4,
      "B007": 2,
      "B904": 1,
      "B905": 1,
      "C901": 2,
      "DOC201": 26,
      "DOC501": 2,
      "EM101": 1,
      "EM102": 19,
      "ERA001": 1,
      "EXE001": 1,
      "F821": 14,
      "F822": 9,
      "F841": 6,
      "FBT001": 1,
      "FIX002": 1,
      "FURB101": 2,
      "FURB103": 1,
      "FURB118": 2,
      "INP001": 7,
      "PERF401": 1,
      "PLR0911": 1,
      "PLR0912": 3,
      "PLR0913": 2,
      "PLR0914": 2,
      "PLR0915": 2,
      "PLR0917": 2,
      "PLR6201": 3,
      "PTH112": 1,
      "PTH113": 1,
      "PTH123": 4,
      "RET505": 2,
      "RUF005": 3,
      "RUF022": 4,
      "RUF034": 2,
      "S105": 1,
      "TD002": 1,
      "TD003": 1,
      "TRY003": 20,
      "TRY004": 2,
      "UP006": 44,
      "UP015": 3,
      "UP035": 4,
      "UP045": 3
    },
    "errors": 215,
    "fixable": 65
  },
  "redundancy": {
    "clone_lines": 30,
    "clone_ratio_sum": 0.044182621502209134,
    "cloned_sloc_lines": 30,
    "files_with_clones": 12
  },
  "source_files": [],
  "symbols": {
    "classes": 2,
    "expressions": 852,
    "expressions_top_level": 11,
    "functions": 42,
    "globals": 8,
    "imports": 19,
    "max_imports": 11,
    "methods": 2,
    "statements": 254,
    "total": 54,
    "type_aliases": 0,
    "variables": 8
  },
  "verbosity_flagged_sloc_lines": 30,
  "waste": {
    "single_use_functions": 31,
    "trivial_wrappers": 3,
    "unused_variables": 20
  }
}