{
  "ast_grep": {
    "category_counts": {},
    "category_weighted": {},
    "counts": {},
    "rules_checked": 355,
    "violation_lines": 0,
    "violations": 0,
    "weighted": 0
  },
  "classes": {
    "attribute_counts_mean": 5.5625,
    "attribute_counts_sum": 89,
    "count": 16,
    "method_counts_mean": 3.9375,
    "method_counts_sum": 63
  },
  "complexity": {
    "cc_max": 150,
    "cc_ratings": {
      "A": 57,
      "B": 25,
      "C": 12,
      "D": 2,
      "E": 1,
      "F": 3
    },
    "cc_sum": 855,
    "mi_min": 5.2142157276813865,
    "mi_ratings": {
      "A": 6,
      "B": 1,
      "C": 1
    },
    "mi_sum": 271.3740585487034,
    "num_complex": 18
  },
  "file_count": 8,
  "functions": {
    "cc_concentration": 0.4266851106639839,
    "cc_extreme_count": 1,
    "cc_high_count": 15,
    "cc_max": 34,
    "cc_mean": 6.761904761904762,
    "cc_normalized": 0.009395845632081987,
    "cc_std": 6.007262768243457,
    "cc_sum": 568,
    "cc_top20": 0.4788732394366197,
    "count": 84,
    "depth_max": 5,
    "extreme_cc_mean": 34.0,
    "high_cc_mean": 16.8,
    "lines_mean": 23.86904761904762,
    "lines_sum": 2005
  },
  "graph": {
    "cyclic_dependency_mass": 0.12403100775193798,
    "dependency_entropy": 0.29739218577182414,
    "edge_count": 112,
    "node_count": 84,
    "propagation_cost": 0.0646873207114171
  },
  "lines": {
    "comments": 115,
    "loc": 1703,
    "multi_comment": 71,
    "single_comment": 167,
    "total_lines": 2328
  },
  "lint": {
    "counts": {
      "ANN401": 23,
      "ARG002": 6,
      "B007": 1,
      "B904": 5,
      "BLE001": 4,
      "C408": 1,
      "C901": 10,
      "DOC201": 53,
      "DOC501": 17,
      "E722": 2,
      "EM101": 9,
      "EM102": 29,
      "EXE001": 1,
      "F401": 12,
      "F821": 8,
      "F841": 3,
      "FBT001": 2,
      "FBT002": 1,
      "FIX002": 1,
      "FURB101": 4,
      "FURB110": 2,
      "INP001": 7,
      "PERF203": 1,
      "PIE790": 1,
      "PLC0415": 4,
      "PLC2701": 1,
      "PLR0911": 1,
      "PLR0912": 7,
      "PLR0913": 3,
      "PLR0914": 3,
      "PLR0915": 3,
      "PLR0917": 3,
      "PLR2004": 3,
      "PLR5501": 2,
      "PLR6104": 5,
      "PLR6201": 16,
      "PLR6301": 10,
      "PLW1510": 1,
      "PLW1514": 8,
      "PLW2901": 5,
      "PTH123": 9,
      "RET504": 1,
      "RET505": 2,
      "RET507": 2,
      "RUF010": 2,
      "RUF012": 1,
      "RUF015": 1,
      "S110": 1,
      "S404": 1,
      "S602": 1,
      "SIM105": 2,
      "SIM108": 2,
      "TD002": 1,
      "TD003": 1,
      "TRY003": 38,
      "TRY300": 1,
      "UP006": 52,
      "UP015": 5,
      "UP024": 1,
      "UP035": 15,
      "UP045": 47
    },
    "errors": 464,
    "fixable": 139
  },
  "redundancy": {
    "clone_lines": 121,
    "clone_ratio_sum": 0.4789687273705651,
    "cloned_sloc_lines": 121,
    "files_with_clones": 8
  },
  "source_files": [
    "pipeline_types.py",
    "orchestrator.py",
    "pipeline_parser.py",
    "executor.py",
    "cache.py",
    "evaluator.py",
    "config_parser.py"
  ],
  "symbols": {
    "classes": 16,
    "expressions": 4186,
    "expressions_top_level": 29,
    "functions": 21,
    "globals": 0,
    "imports": 43,
    "max_imports": 8,
    "methods": 63,
    "statements": 914,
    "total": 100,
    "type_aliases": 0,
    "variables": 0
  },
  "verbosity_flagged_sloc_lines": 121,
  "waste": {
    "single_use_functions": 17,
    "trivial_wrappers": 0,
    "unused_variables": 63
  }
}