{
  "ast_grep": {
    "category_counts": {},
    "category_weighted": {},
    "counts": {},
    "rules_checked": 355,
    "violation_lines": 0,
    "violations": 0,
    "weighted": 0
  },
  "classes": {
    "attribute_counts_mean": 4.0,
    "attribute_counts_sum": 172,
    "count": 43,
    "method_counts_mean": 2.4186046511627906,
    "method_counts_sum": 104
  },
  "complexity": {
    "cc_max": 140,
    "cc_ratings": {
      "A": 116,
      "B": 18,
      "C": 12,
      "D": 4,
      "E": 0,
      "F": 5
    },
    "cc_sum": 1098,
    "mi_min": 1.3612607483849446,
    "mi_ratings": {
      "A": 5,
      "B": 2,
      "C": 1
    },
    "mi_sum": 397.29724595435596,
    "num_complex": 21
  },
  "file_count": 8,
  "functions": {
    "cc_concentration": 0.5270199109061668,
    "cc_extreme_count": 1,
    "cc_high_count": 16,
    "cc_max": 47,
    "cc_mean": 5.702702702702703,
    "cc_normalized": 0.012972699978831917,
    "cc_std": 6.8431712406597445,
    "cc_sum": 633,
    "cc_top20": 0.5876777251184834,
    "count": 111,
    "depth_max": 6,
    "extreme_cc_mean": 47.0,
    "high_cc_mean": 19.1875,
    "lines_mean": 20.225225225225227,
    "lines_sum": 2245
  },
  "graph": {
    "cyclic_dependency_mass": 0.0,
    "dependency_entropy": 0.0,
    "edge_count": 0,
    "node_count": 0,
    "propagation_cost": 0.0
  },
  "lines": {
    "comments": 147,
    "loc": 2029,
    "multi_comment": 29,
    "single_comment": 217,
    "total_lines": 2723
  },
  "lint": {
    "counts": {
      "ANN401": 22,
      "B903": 1,
      "B904": 6,
      "BLE001": 7,
      "C420": 1,
      "C901": 14,
      "DOC201": 73,
      "DOC501": 20,
      "EM101": 11,
      "EM102": 30,
      "ERA001": 1,
      "EXE001": 1,
      "F401": 12,
      "F403": 3,
      "F405": 142,
      "F841": 1,
      "FBT001": 5,
      "FBT002": 1,
      "FBT003": 4,
      "FURB101": 3,
      "FURB110": 2,
      "FURB113": 2,
      "N801": 1,
      "N818": 4,
      "PERF203": 2,
      "PLC0415": 1,
      "PLR0904": 1,
      "PLR0911": 8,
      "PLR0912": 10,
      "PLR0913": 2,
      "PLR0914": 1,
      "PLR0915": 3,
      "PLR0917": 2,
      "PLR1702": 2,
      "PLR1714": 1,
      "PLR2004": 2,
      "PLR6201": 11,
      "PLR6301": 5,
      "PLW1510": 1,
      "PLW1514": 4,
      "PLW2901": 1,
      "PTH100": 4,
      "PTH103": 4,
      "PTH107": 1,
      "PTH109": 1,
      "PTH110": 1,
      "PTH112": 1,
      "PTH113": 3,
      "PTH117": 3,
      "PTH118": 6,
      "PTH120": 1,
      "PTH123": 5,
      "PTH208": 1,
      "RET505": 17,
      "RET506": 1,
      "RSE102": 2,
      "RUF010": 1,
      "RUF013": 9,
      "S404": 1,
      "S603": 1,
      "S607": 1,
      "SIM102": 1,
      "SIM103": 1,
      "SIM114": 3,
      "SIM115": 1,
      "SIM116": 1,
      "SIM910": 1,
      "TRY003": 41,
      "TRY300": 3,
      "UP006": 61,
      "UP007": 1,
      "UP015": 3,
      "UP035": 16,
      "UP045": 25
    },
    "errors": 646,
    "fixable": 154
  },
  "redundancy": {
    "clone_lines": 128,
    "clone_ratio_sum": 0.32201772506167864,
    "cloned_sloc_lines": 116,
    "files_with_clones": 8
  },
  "source_files": null,
  "symbols": {
    "classes": 43,
    "expressions": 5832,
    "expressions_top_level": 81,
    "functions": 7,
    "globals": 1,
    "imports": 35,
    "max_imports": 15,
    "methods": 104,
    "statements": 1143,
    "total": 155,
    "type_aliases": 0,
    "variables": 1
  },
  "verbosity_flagged_sloc_lines": 116,
  "waste": {
    "single_use_functions": 7,
    "trivial_wrappers": 0,
    "unused_variables": 35
  }
}