{
  "ast_grep": {
    "category_counts": {},
    "category_weighted": {},
    "counts": {},
    "rules_checked": 355,
    "violation_lines": 0,
    "violations": 0,
    "weighted": 0
  },
  "classes": {
    "attribute_counts_mean": 2.533333333333333,
    "attribute_counts_sum": 228,
    "count": 90,
    "method_counts_mean": 3.588888888888889,
    "method_counts_sum": 323
  },
  "complexity": {
    "cc_max": 367,
    "cc_ratings": {
      "A": 374,
      "B": 61,
      "C": 24,
      "D": 13,
      "E": 4,
      "F": 6
    },
    "cc_sum": 2681,
    "mi_min": 0.0,
    "mi_ratings": {
      "A": 16,
      "B": 0,
      "C": 4
    },
    "mi_sum": 1054.3686652784738,
    "num_complex": 47
  },
  "file_count": 20,
  "functions": {
    "cc_concentration": 0.5490044336960903,
    "cc_extreme_count": 3,
    "cc_high_count": 34,
    "cc_max": 46,
    "cc_mean": 4.410666666666667,
    "cc_normalized": 0.004572153066862658,
    "cc_std": 5.775375843346241,
    "cc_sum": 1654,
    "cc_top20": 0.5979443772672309,
    "count": 375,
    "depth_max": 5,
    "extreme_cc_mean": 36.666666666666664,
    "high_cc_mean": 19.529411764705884,
    "lines_mean": 15.402666666666667,
    "lines_sum": 5776
  },
  "graph": {
    "cyclic_dependency_mass": 0.0,
    "dependency_entropy": 0.1520520105425834,
    "edge_count": 28,
    "node_count": 26,
    "propagation_cost": 0.08
  },
  "lines": {
    "comments": 827,
    "loc": 5080,
    "multi_comment": 194,
    "single_comment": 824,
    "total_lines": 7120
  },
  "lint": {
    "counts": {
      "ARG001": 5,
      "ARG002": 8,
      "B007": 2,
      "B028": 1,
      "B904": 10,
      "C420": 1,
      "C901": 22,
      "DOC201": 36,
      "DOC402": 4,
      "DOC501": 13,
      "E713": 6,
      "EM101": 68,
      "EM102": 27,
      "ERA001": 58,
      "EXE001": 1,
      "F401": 1,
      "F403": 37,
      "F405": 378,
      "F841": 3,
      "FBT002": 46,
      "FBT003": 36,
      "FIX002": 2,
      "FIX003": 1,
      "FURB118": 4,
      "FURB156": 3,
      "FURB166": 2,
      "FURB167": 6,
      "FURB171": 1,
      "ISC002": 2,
      "N803": 23,
      "PERF401": 10,
      "PERF403": 1,
      "PIE810": 1,
      "PLC1901": 4,
      "PLR0124": 1,
      "PLR0904": 3,
      "PLR0911": 2,
      "PLR0912": 17,
      "PLR0913": 16,
      "PLR0914": 2,
      "PLR0915": 5,
      "PLR0916": 3,
      "PLR0917": 16,
      "PLR1711": 1,
      "PLR1714": 3,
      "PLR1730": 3,
      "PLR2004": 7,
      "PLR5501": 6,
      "PLR6201": 7,
      "PLR6301": 14,
      "PLW1514": 1,
      "PTH123": 1,
      "Q001": 6,
      "Q003": 3,
      "Q004": 9,
      "RET501": 1,
      "RET502": 8,
      "RET503": 13,
      "RET504": 2,
      "RET505": 25,
      "RET506": 3,
      "RUF005": 2,
      "RUF012": 13,
      "RUF013": 16,
      "RUF021": 1,
      "RUF022": 6,
      "RUF039": 1,
      "RUF059": 1,
      "S101": 2,
      "SIM102": 15,
      "SIM105": 1,
      "SIM108": 10,
      "SIM118": 1,
      "TD001": 1,
      "TD002": 3,
      "TD003": 3,
      "TD004": 1,
      "TRY003": 95,
      "UP004": 4,
      "UP008": 5,
      "UP015": 1,
      "UP025": 2,
      "UP031": 103
    },
    "errors": 1288,
    "fixable": 102
  },
  "redundancy": {
    "clone_lines": 952,
    "clone_ratio_sum": 4.672835164340919,
    "cloned_sloc_lines": 874,
    "files_with_clones": 20
  },
  "source_files": [],
  "symbols": {
    "classes": 90,
    "expressions": 11766,
    "expressions_top_level": 230,
    "functions": 52,
    "globals": 17,
    "imports": 58,
    "max_imports": 8,
    "methods": 323,
    "statements": 2541,
    "total": 482,
    "type_aliases": 0,
    "variables": 17
  },
  "verbosity_flagged_sloc_lines": 874,
  "waste": {
    "single_use_functions": 41,
    "trivial_wrappers": 0,
    "unused_variables": 199
  }
}