{
  "ast_grep": {
    "category_counts": {},
    "category_weighted": {},
    "counts": {},
    "rules_checked": 355,
    "violation_lines": 0,
    "violations": 0,
    "weighted": 0
  },
  "classes": {
    "attribute_counts_mean": 0.0,
    "attribute_counts_sum": 0,
    "count": 0,
    "method_counts_mean": 0.0,
    "method_counts_sum": 0
  },
  "complexity": {
    "cc_max": 79,
    "cc_ratings": {
      "A": 11,
      "B": 12,
      "C": 5,
      "D": 2,
      "E": 0,
      "F": 1
    },
    "cc_sum": 326,
    "mi_min": 7.1696160733745185,
    "mi_ratings": {
      "A": 0,
      "B": 0,
      "C": 1
    },
    "mi_sum": 7.1696160733745185,
    "num_complex": 8
  },
  "file_count": 1,
  "functions": {
    "cc_concentration": 0.4757569760538294,
    "cc_extreme_count": 1,
    "cc_high_count": 8,
    "cc_max": 79,
    "cc_mean": 10.516129032258064,
    "cc_normalized": 0.056897135759719976,
    "cc_std": 13.966318932207193,
    "cc_sum": 326,
    "cc_top20": 0.5613496932515337,
    "count": 31,
    "depth_max": 9,
    "extreme_cc_mean": 79.0,
    "high_cc_mean": 24.25,
    "lines_mean": 34.74193548387097,
    "lines_sum": 1077
  },
  "graph": {
    "cyclic_dependency_mass": 0.0,
    "dependency_entropy": 0.2671253388530612,
    "edge_count": 31,
    "node_count": 22,
    "propagation_cost": 0.11255411255411256
  },
  "lines": {
    "comments": 79,
    "loc": 692,
    "multi_comment": 49,
    "single_comment": 86,
    "total_lines": 982
  },
  "lint": {
    "counts": {
      "B007": 1,
      "B904": 6,
      "C420": 2,
      "C901": 7,
      "DOC201": 21,
      "DOC501": 4,
      "EM101": 3,
      "EM102": 9,
      "EXE001": 1,
      "F401": 2,
      "F821": 1,
      "F841": 4,
      "FBT001": 1,
      "FURB110": 2,
      "PERF102": 1,
      "PERF401": 2,
      "PLC1901": 1,
      "PLR0911": 3,
      "PLR0912": 3,
      "PLR0914": 2,
      "PLR0915": 2,
      "PLR1702": 19,
      "PLR2004": 3,
      "PLR6201": 1,
      "PLW1514": 2,
      "PTH113": 1,
      "PTH123": 2,
      "RET505": 1,
      "RUF059": 1,
      "S310": 8,
      "SIM102": 4,
      "SIM114": 2,
      "TRY003": 12,
      "TRY203": 2,
      "UP024": 1,
      "UP035": 1
    },
    "errors": 138,
    "fixable": 14
  },
  "redundancy": {
    "clone_lines": 149,
    "clone_ratio_sum": 0.2023121387283237,
    "cloned_sloc_lines": 134,
    "files_with_clones": 1
  },
  "source_files": [],
  "symbols": {
    "classes": 0,
    "expressions": 820,
    "expressions_top_level": 7,
    "functions": 31,
    "globals": 0,
    "imports": 8,
    "max_imports": 8,
    "methods": 0,
    "statements": 334,
    "total": 31,
    "type_aliases": 0,
    "variables": 0
  },
  "verbosity_flagged_sloc_lines": 134,
  "waste": {
    "single_use_functions": 21,
    "trivial_wrappers": 0,
    "unused_variables": 11
  }
}