{
  "ast_grep": {
    "category_counts": {},
    "category_weighted": {},
    "counts": {},
    "rules_checked": 355,
    "violation_lines": 0,
    "violations": 0,
    "weighted": 0
  },
  "classes": {
    "attribute_counts_mean": 2.5625,
    "attribute_counts_sum": 41,
    "count": 16,
    "method_counts_mean": 3.4375,
    "method_counts_sum": 55
  },
  "complexity": {
    "cc_max": 40,
    "cc_ratings": {
      "A": 63,
      "B": 18,
      "C": 12,
      "D": 1,
      "E": 2,
      "F": 0
    },
    "cc_sum": 540,
    "mi_min": 0.0,
    "mi_ratings": {
      "A": 3,
      "B": 0,
      "C": 1
    },
    "mi_sum": 187.41631480699635,
    "num_complex": 15
  },
  "file_count": 4,
  "functions": {
    "cc_concentration": 0.453679343059874,
    "cc_extreme_count": 0,
    "cc_high_count": 6,
    "cc_max": 28,
    "cc_mean": 4.581081081081081,
    "cc_normalized": 0.013478347782210843,
    "cc_std": 4.575116606813267,
    "cc_sum": 339,
    "cc_top20": 0.5073746312684366,
    "count": 74,
    "depth_max": 3,
    "extreme_cc_mean": 0.0,
    "high_cc_mean": 17.0,
    "lines_mean": 23.864864864864863,
    "lines_sum": 1766
  },
  "graph": {
    "cyclic_dependency_mass": 0.0,
    "dependency_entropy": 0.0,
    "edge_count": 0,
    "node_count": 0,
    "propagation_cost": 0.0
  },
  "lines": {
    "comments": 158,
    "loc": 1476,
    "multi_comment": 4,
    "single_comment": 234,
    "total_lines": 2105
  },
  "lint": {
    "counts": {
      "ARG002": 1,
      "B007": 1,
      "B904": 5,
      "B905": 4,
      "BLE001": 1,
      "C901": 6,
      "DOC201": 45,
      "DOC501": 16,
      "EM101": 17,
      "EM102": 4,
      "ERA001": 1,
      "EXE001": 4,
      "F541": 1,
      "F601": 1,
      "F841": 8,
      "FURB113": 2,
      "FURB148": 1,
      "PERF401": 4,
      "PLR0904": 1,
      "PLR0911": 1,
      "PLR0912": 4,
      "PLR0914": 1,
      "PLR0915": 1,
      "PLR1722": 3,
      "PLR2004": 8,
      "PLR6301": 2,
      "PLW1510": 2,
      "PLW1514": 8,
      "PTH107": 11,
      "PTH110": 4,
      "PTH123": 8,
      "RET504": 1,
      "RET505": 2,
      "RUF005": 1,
      "RUF012": 1,
      "RUF059": 6,
      "S404": 2,
      "S603": 2,
      "S605": 2,
      "S607": 4,
      "S608": 10,
      "SIM102": 1,
      "SIM103": 2,
      "SIM118": 4,
      "TRY003": 21,
      "TRY300": 1,
      "UP015": 1,
      "UP032": 1
    },
    "errors": 238,
    "fixable": 30
  },
  "redundancy": {
    "clone_lines": 295,
    "clone_ratio_sum": 0.7209617817846321,
    "cloned_sloc_lines": 261,
    "files_with_clones": 4
  },
  "source_files": null,
  "symbols": {
    "classes": 16,
    "expressions": 3408,
    "expressions_top_level": 122,
    "functions": 19,
    "globals": 6,
    "imports": 15,
    "max_imports": 6,
    "methods": 55,
    "statements": 679,
    "total": 96,
    "type_aliases": 0,
    "variables": 6
  },
  "verbosity_flagged_sloc_lines": 261,
  "waste": {
    "single_use_functions": 14,
    "trivial_wrappers": 0,
    "unused_variables": 30
  }
}