{
  "ast_grep": {
    "category_counts": {},
    "category_weighted": {},
    "counts": {},
    "rules_checked": 355,
    "violation_lines": 0,
    "violations": 0,
    "weighted": 0
  },
  "classes": {
    "attribute_counts_mean": 4.333333333333333,
    "attribute_counts_sum": 26,
    "count": 6,
    "method_counts_mean": 0.16666666666666666,
    "method_counts_sum": 1
  },
  "complexity": {
    "cc_max": 36,
    "cc_ratings": {
      "A": 31,
      "B": 3,
      "C": 0,
      "D": 4,
      "E": 1,
      "F": 0
    },
    "cc_sum": 187,
    "mi_min": 0.0,
    "mi_ratings": {
      "A": 6,
      "B": 0,
      "C": 1
    },
    "mi_sum": 600.0,
    "num_complex": 5
  },
  "file_count": 7,
  "functions": {
    "cc_concentration": 0.5472552348613469,
    "cc_extreme_count": 1,
    "cc_high_count": 5,
    "cc_max": 36,
    "cc_mean": 9.789473684210526,
    "cc_normalized": 0.06819670867537675,
    "cc_std": 11.143403366857507,
    "cc_sum": 186,
    "cc_top20": 0.6129032258064516,
    "count": 19,
    "depth_max": 6,
    "extreme_cc_mean": 36.0,
    "high_cc_mean": 27.2,
    "lines_mean": 38.473684210526315,
    "lines_sum": 731
  },
  "graph": {
    "cyclic_dependency_mass": 0.0,
    "dependency_entropy": 0.1525391790370488,
    "edge_count": 21,
    "node_count": 19,
    "propagation_cost": 0.13742690058479531
  },
  "lines": {
    "comments": 29,
    "loc": 774,
    "multi_comment": 14,
    "single_comment": 37,
    "total_lines": 980
  },
  "lint": {
    "counts": {
      "ANN401": 1,
      "B018": 1,
      "B904": 2,
      "BLE001": 3,
      "C901": 5,
      "DOC201": 17,
      "DOC501": 1,
      "EM102": 14,
      "EXE001": 2,
      "F401": 3,
      "F821": 1,
      "F841": 5,
      "FIX002": 1,
      "FURB101": 1,
      "FURB103": 3,
      "FURB110": 3,
      "INP001": 5,
      "PLR0912": 5,
      "PLR0914": 1,
      "PLR0915": 5,
      "PLR1702": 2,
      "PLR6201": 12,
      "PLW1510": 3,
      "PLW1514": 6,
      "PTH103": 3,
      "PTH112": 1,
      "PTH123": 8,
      "Q001": 3,
      "RET507": 4,
      "RUF034": 1,
      "S105": 1,
      "S108": 15,
      "S110": 1,
      "S404": 1,
      "S607": 3,
      "TD002": 1,
      "TD003": 1,
      "TRY003": 14,
      "TRY300": 1,
      "UP006": 20,
      "UP015": 2,
      "UP035": 3
    },
    "errors": 185,
    "fixable": 51
  },
  "redundancy": {
    "clone_lines": 108,
    "clone_ratio_sum": 0.25254901960784315,
    "cloned_sloc_lines": 108,
    "files_with_clones": 7
  },
  "source_files": [],
  "symbols": {
    "classes": 6,
    "expressions": 786,
    "expressions_top_level": 6,
    "functions": 18,
    "globals": 14,
    "imports": 15,
    "max_imports": 12,
    "methods": 1,
    "statements": 204,
    "total": 39,
    "type_aliases": 0,
    "variables": 14
  },
  "verbosity_flagged_sloc_lines": 108,
  "waste": {
    "single_use_functions": 15,
    "trivial_wrappers": 0,
    "unused_variables": 13
  }
}