{
  "ast_grep": {
    "category_counts": {},
    "category_weighted": {},
    "counts": {},
    "rules_checked": 355,
    "violation_lines": 0,
    "violations": 0,
    "weighted": 0
  },
  "classes": {
    "attribute_counts_mean": 0.0,
    "attribute_counts_sum": 0,
    "count": 1,
    "method_counts_mean": 2.0,
    "method_counts_sum": 2
  },
  "complexity": {
    "cc_max": 18,
    "cc_ratings": {
      "A": 42,
      "B": 4,
      "C": 4,
      "D": 0,
      "E": 0,
      "F": 0
    },
    "cc_sum": 177,
    "mi_min": 31.57302759040392,
    "mi_ratings": {
      "A": 3,
      "B": 0,
      "C": 0
    },
    "mi_sum": 149.28905058383262,
    "num_complex": 4
  },
  "file_count": 3,
  "functions": {
    "cc_concentration": 0.44594247560349254,
    "cc_extreme_count": 0,
    "cc_high_count": 4,
    "cc_max": 18,
    "cc_mean": 4.0227272727272725,
    "cc_normalized": 0.02087003125865255,
    "cc_std": 3.854858826864202,
    "cc_sum": 177,
    "cc_top20": 0.519774011299435,
    "count": 44,
    "depth_max": 5,
    "extreme_cc_mean": 0.0,
    "high_cc_mean": 14.0,
    "lines_mean": 21.022727272727273,
    "lines_sum": 925
  },
  "graph": {
    "cyclic_dependency_mass": 0.0,
    "dependency_entropy": 0.2379326944294027,
    "edge_count": 25,
    "node_count": 25,
    "propagation_cost": 0.08833333333333333
  },
  "lines": {
    "comments": 81,
    "loc": 765,
    "multi_comment": 0,
    "single_comment": 121,
    "total_lines": 1094
  },
  "lint": {
    "counts": {
      "A002": 1,
      "ANN401": 2,
      "BLE001": 2,
      "C901": 1,
      "DOC201": 40,
      "DOC501": 2,
      "DTZ006": 1,
      "DTZ007": 3,
      "E712": 1,
      "E721": 1,
      "EM101": 11,
      "EXE001": 3,
      "F401": 1,
      "F541": 2,
      "F841": 1,
      "FBT003": 2,
      "FURB103": 1,
      "PERF203": 2,
      "PLC0415": 1,
      "PLR0911": 1,
      "PLR0912": 1,
      "PLR0913": 3,
      "PLR0914": 1,
      "PLR0915": 1,
      "PLR0917": 3,
      "PLR2004": 5,
      "PLR6201": 1,
      "PLW1510": 1,
      "PLW1514": 15,
      "PLW2901": 1,
      "PTH100": 1,
      "PTH103": 9,
      "PTH109": 3,
      "PTH110": 7,
      "PTH118": 10,
      "PTH120": 1,
      "PTH123": 15,
      "RET504": 4,
      "RET505": 1,
      "RUF005": 1,
      "RUF015": 1,
      "RUF059": 14,
      "S101": 36,
      "S113": 1,
      "S404": 1,
      "S603": 1,
      "TRY003": 11,
      "TRY004": 7,
      "UP015": 6,
      "UP024": 2
    },
    "errors": 243,
    "fixable": 48
  },
  "redundancy": {
    "clone_lines": 115,
    "clone_ratio_sum": 0.3002941176470588,
    "cloned_sloc_lines": 96,
    "files_with_clones": 3
  },
  "source_files": [],
  "symbols": {
    "classes": 1,
    "expressions": 676,
    "expressions_top_level": 23,
    "functions": 42,
    "globals": 5,
    "imports": 18,
    "max_imports": 8,
    "methods": 2,
    "statements": 224,
    "total": 50,
    "type_aliases": 0,
    "variables": 5
  },
  "verbosity_flagged_sloc_lines": 96,
  "waste": {
    "single_use_functions": 31,
    "trivial_wrappers": 0,
    "unused_variables": 21
  }
}