{
  "ast_grep": {
    "category_counts": {},
    "category_weighted": {},
    "counts": {},
    "rules_checked": 355,
    "violation_lines": 0,
    "violations": 0,
    "weighted": 0
  },
  "classes": {
    "attribute_counts_mean": 5.866666666666666,
    "attribute_counts_sum": 88,
    "count": 15,
    "method_counts_mean": 4.666666666666667,
    "method_counts_sum": 70
  },
  "complexity": {
    "cc_max": 161,
    "cc_ratings": {
      "A": 57,
      "B": 25,
      "C": 17,
      "D": 2,
      "E": 2,
      "F": 3
    },
    "cc_sum": 1068,
    "mi_min": 5.2142157276813865,
    "mi_ratings": {
      "A": 5,
      "B": 2,
      "C": 1
    },
    "mi_sum": 268.4528057389649,
    "num_complex": 24
  },
  "file_count": 8,
  "functions": {
    "cc_concentration": 0.4337579824305488,
    "cc_extreme_count": 2,
    "cc_high_count": 21,
    "cc_max": 34,
    "cc_mean": 7.450549450549451,
    "cc_normalized": 0.00831116834849834,
    "cc_std": 6.479478264770905,
    "cc_sum": 678,
    "cc_top20": 0.4941002949852507,
    "count": 91,
    "depth_max": 6,
    "extreme_cc_mean": 32.5,
    "high_cc_mean": 17.0,
    "lines_mean": 26.89010989010989,
    "lines_sum": 2447
  },
  "graph": {
    "cyclic_dependency_mass": 0.11940298507462686,
    "dependency_entropy": 0.2845874730553058,
    "edge_count": 119,
    "node_count": 91,
    "propagation_cost": 0.05946275946275946
  },
  "lines": {
    "comments": 207,
    "loc": 1943,
    "multi_comment": 94,
    "single_comment": 250,
    "total_lines": 2770
  },
  "lint": {
    "counts": {
      "ANN401": 22,
      "ARG002": 6,
      "B007": 1,
      "B904": 5,
      "BLE001": 4,
      "C408": 1,
      "C901": 14,
      "DOC201": 59,
      "DOC501": 18,
      "E722": 4,
      "EM101": 9,
      "EM102": 30,
      "ERA001": 2,
      "EXE001": 1,
      "F401": 15,
      "F821": 19,
      "F841": 10,
      "FBT001": 2,
      "FBT002": 1,
      "FIX002": 1,
      "FURB101": 4,
      "FURB110": 2,
      "INP001": 7,
      "PERF203": 1,
      "PIE790": 1,
      "PLC0415": 4,
      "PLC2701": 1,
      "PLR0911": 1,
      "PLR0912": 8,
      "PLR0913": 3,
      "PLR0914": 4,
      "PLR0915": 4,
      "PLR0917": 3,
      "PLR1702": 2,
      "PLR1714": 2,
      "PLR2004": 4,
      "PLR5501": 2,
      "PLR6104": 5,
      "PLR6201": 19,
      "PLR6301": 15,
      "PLW1510": 1,
      "PLW1514": 8,
      "PLW2901": 5,
      "PTH123": 9,
      "RET504": 2,
      "RET505": 3,
      "RET507": 2,
      "RUF010": 2,
      "RUF012": 1,
      "RUF015": 1,
      "S110": 3,
      "S404": 1,
      "S602": 1,
      "SIM105": 4,
      "SIM108": 2,
      "TD002": 1,
      "TD003": 1,
      "TRY003": 39,
      "TRY300": 1,
      "UP006": 55,
      "UP015": 5,
      "UP024": 1,
      "UP035": 15,
      "UP045": 47
    },
    "errors": 526,
    "fixable": 146
  },
  "redundancy": {
    "clone_lines": 191,
    "clone_ratio_sum": 0.5564535143888207,
    "cloned_sloc_lines": 189,
    "files_with_clones": 8
  },
  "source_files": [
    "pipeline_types.py",
    "orchestrator.py",
    "pipeline_parser.py",
    "executor.py",
    "cache.py",
    "evaluator.py",
    "config_parser.py"
  ],
  "symbols": {
    "classes": 15,
    "expressions": 4842,
    "expressions_top_level": 29,
    "functions": 21,
    "globals": 0,
    "imports": 44,
    "max_imports": 8,
    "methods": 70,
    "statements": 1066,
    "total": 106,
    "type_aliases": 0,
    "variables": 0
  },
  "verbosity_flagged_sloc_lines": 189,
  "waste": {
    "single_use_functions": 17,
    "trivial_wrappers": 0,
    "unused_variables": 73
  }
}