{
  "ast_grep": {
    "category_counts": {},
    "category_weighted": {},
    "counts": {},
    "rules_checked": 355,
    "violation_lines": 0,
    "violations": 0,
    "weighted": 0
  },
  "classes": {
    "attribute_counts_mean": 4.555555555555555,
    "attribute_counts_sum": 82,
    "count": 18,
    "method_counts_mean": 1.8333333333333333,
    "method_counts_sum": 33
  },
  "complexity": {
    "cc_max": 37,
    "cc_ratings": {
      "A": 47,
      "B": 7,
      "C": 1,
      "D": 2,
      "E": 2,
      "F": 0
    },
    "cc_sum": 270,
    "mi_min": 7.799415383827687,
    "mi_ratings": {
      "A": 0,
      "B": 0,
      "C": 1
    },
    "mi_sum": 7.799415383827687,
    "num_complex": 5
  },
  "file_count": 1,
  "functions": {
    "cc_concentration": 0.5088575096277279,
    "cc_extreme_count": 1,
    "cc_high_count": 3,
    "cc_max": 33,
    "cc_mean": 4.634146341463414,
    "cc_normalized": 0.04149722991689751,
    "cc_std": 6.044650931033883,
    "cc_sum": 190,
    "cc_top20": 0.5789473684210527,
    "count": 41,
    "depth_max": 4,
    "extreme_cc_mean": 33.0,
    "high_cc_mean": 23.666666666666668,
    "lines_mean": 13.024390243902438,
    "lines_sum": 534
  },
  "graph": {
    "cyclic_dependency_mass": 0.029411764705882353,
    "dependency_entropy": 0.28582246062754313,
    "edge_count": 50,
    "node_count": 41,
    "propagation_cost": 0.043292682926829265
  },
  "lines": {
    "comments": 68,
    "loc": 610,
    "multi_comment": 5,
    "single_comment": 60,
    "total_lines": 811
  },
  "lint": {
    "counts": {
      "ANN401": 5,
      "B904": 1,
      "BLE001": 1,
      "C901": 3,
      "DOC201": 7,
      "DOC501": 1,
      "E721": 1,
      "EM101": 6,
      "EM102": 10,
      "ERA001": 1,
      "EXE001": 1,
      "F401": 2,
      "F841": 1,
      "FURB103": 1,
      "PERF401": 1,
      "PIE794": 1,
      "PIE796": 1,
      "PLR0911": 2,
      "PLR0912": 3,
      "PLR1714": 3,
      "PLR6201": 1,
      "PLW2901": 1,
      "PTH123": 2,
      "RET505": 8,
      "RUF001": 1,
      "RUF010": 1,
      "RUF012": 1,
      "SIM102": 1,
      "TRY003": 16,
      "TRY301": 5,
      "UP006": 19,
      "UP015": 1,
      "UP035": 4,
      "UP045": 11
    },
    "errors": 124,
    "fixable": 45
  },
  "redundancy": {
    "clone_lines": 34,
    "clone_ratio_sum": 0.05573770491803279,
    "cloned_sloc_lines": 34,
    "files_with_clones": 1
  },
  "source_files": [],
  "symbols": {
    "classes": 18,
    "expressions": 1366,
    "expressions_top_level": 11,
    "functions": 8,
    "globals": 0,
    "imports": 6,
    "max_imports": 6,
    "methods": 33,
    "statements": 293,
    "total": 59,
    "type_aliases": 0,
    "variables": 0
  },
  "verbosity_flagged_sloc_lines": 34,
  "waste": {
    "single_use_functions": 7,
    "trivial_wrappers": 0,
    "unused_variables": 8
  }
}