{
  "ast_grep": {
    "category_counts": {},
    "category_weighted": {},
    "counts": {},
    "rules_checked": 355,
    "violation_lines": 0,
    "violations": 0,
    "weighted": 0
  },
  "classes": {
    "attribute_counts_mean": 2.0,
    "attribute_counts_sum": 2,
    "count": 1,
    "method_counts_mean": 2.0,
    "method_counts_sum": 2
  },
  "complexity": {
    "cc_max": 67,
    "cc_ratings": {
      "A": 27,
      "B": 14,
      "C": 8,
      "D": 1,
      "E": 1,
      "F": 1
    },
    "cc_sum": 410,
    "mi_min": 0.0,
    "mi_ratings": {
      "A": 2,
      "B": 0,
      "C": 1
    },
    "mi_sum": 133.87398160071356,
    "num_complex": 11
  },
  "file_count": 3,
  "functions": {
    "cc_concentration": 0.5266301642608263,
    "cc_extreme_count": 2,
    "cc_high_count": 11,
    "cc_max": 67,
    "cc_mean": 8.36734693877551,
    "cc_normalized": 0.03367588736862979,
    "cc_std": 10.748437633657547,
    "cc_sum": 410,
    "cc_top20": 0.5560975609756098,
    "count": 49,
    "depth_max": 6,
    "extreme_cc_mean": 49.0,
    "high_cc_mean": 21.727272727272727,
    "lines_mean": 28.0,
    "lines_sum": 1372
  },
  "graph": {
    "cyclic_dependency_mass": 0.0,
    "dependency_entropy": 0.3138790429003869,
    "edge_count": 62,
    "node_count": 39,
    "propagation_cost": 0.09784075573549257
  },
  "lines": {
    "comments": 48,
    "loc": 1209,
    "multi_comment": 20,
    "single_comment": 80,
    "total_lines": 1522
  },
  "lint": {
    "counts": {
      "ANN401": 13,
      "ARG001": 7,
      "B905": 10,
      "BLE001": 1,
      "C401": 2,
      "C901": 6,
      "DOC201": 34,
      "DOC402": 1,
      "DOC501": 2,
      "EM102": 2,
      "EXE001": 1,
      "F401": 3,
      "F541": 1,
      "FURB101": 1,
      "FURB103": 4,
      "FURB113": 10,
      "FURB140": 2,
      "PLC1901": 2,
      "PLR0911": 6,
      "PLR0912": 6,
      "PLR0914": 4,
      "PLR0915": 5,
      "PLR1702": 5,
      "PLR2004": 7,
      "PLW1514": 2,
      "PLW2901": 2,
      "PTH100": 1,
      "PTH103": 4,
      "PTH113": 3,
      "PTH118": 10,
      "PTH123": 10,
      "RET504": 1,
      "RET505": 1,
      "RUF010": 34,
      "RUF052": 3,
      "S307": 2,
      "SIM102": 2,
      "SIM114": 4,
      "TRY003": 2,
      "UP015": 6
    },
    "errors": 222,
    "fixable": 73
  },
  "redundancy": {
    "clone_lines": 166,
    "clone_ratio_sum": 0.22128851540616246,
    "cloned_sloc_lines": 162,
    "files_with_clones": 3
  },
  "source_files": [],
  "symbols": {
    "classes": 1,
    "expressions": 1748,
    "expressions_top_level": 276,
    "functions": 47,
    "globals": 2,
    "imports": 14,
    "max_imports": 9,
    "methods": 2,
    "statements": 404,
    "total": 52,
    "type_aliases": 0,
    "variables": 2
  },
  "verbosity_flagged_sloc_lines": 162,
  "waste": {
    "single_use_functions": 28,
    "trivial_wrappers": 0,
    "unused_variables": 2
  }
}