{
  "ast_grep": {
    "category_counts": {},
    "category_weighted": {},
    "counts": {},
    "rules_checked": 355,
    "violation_lines": 0,
    "violations": 0,
    "weighted": 0
  },
  "classes": {
    "attribute_counts_mean": 4.842105263157895,
    "attribute_counts_sum": 92,
    "count": 19,
    "method_counts_mean": 2.473684210526316,
    "method_counts_sum": 47
  },
  "complexity": {
    "cc_max": 67,
    "cc_ratings": {
      "A": 176,
      "B": 43,
      "C": 25,
      "D": 2,
      "E": 2,
      "F": 1
    },
    "cc_sum": 1118,
    "mi_min": 0.0,
    "mi_ratings": {
      "A": 20,
      "B": 0,
      "C": 1
    },
    "mi_sum": 1352.5174201705404,
    "num_complex": 30
  },
  "file_count": 21,
  "functions": {
    "cc_concentration": 0.523020030816641,
    "cc_extreme_count": 3,
    "cc_high_count": 30,
    "cc_max": 67,
    "cc_mean": 6.214689265536723,
    "cc_normalized": 0.008073581893313298,
    "cc_std": 7.429150893573666,
    "cc_sum": 1100,
    "cc_top20": 0.5272727272727272,
    "count": 177,
    "depth_max": 6,
    "extreme_cc_mean": 44.666666666666664,
    "high_cc_mean": 17.333333333333332,
    "lines_mean": 23.412429378531073,
    "lines_sum": 4144
  },
  "graph": {
    "cyclic_dependency_mass": 0.0,
    "dependency_entropy": 0.37434927925716216,
    "edge_count": 110,
    "node_count": 61,
    "propagation_cost": 0.06284153005464481
  },
  "lines": {
    "comments": 179,
    "loc": 3677,
    "multi_comment": 34,
    "single_comment": 290,
    "total_lines": 4733
  },
  "lint": {
    "counts": {
      "ANN401": 11,
      "ARG001": 10,
      "B007": 2,
      "B905": 10,
      "BLE001": 10,
      "C401": 4,
      "C901": 19,
      "DOC201": 93,
      "DOC402": 10,
      "DOC501": 2,
      "EM102": 2,
      "ERA001": 3,
      "EXE001": 1,
      "F401": 14,
      "F541": 10,
      "F841": 5,
      "FURB101": 10,
      "FURB103": 13,
      "FURB113": 44,
      "FURB140": 2,
      "PERF402": 1,
      "PLC1901": 11,
      "PLR0911": 15,
      "PLR0912": 9,
      "PLR0913": 2,
      "PLR0914": 5,
      "PLR0915": 6,
      "PLR0917": 2,
      "PLR1702": 7,
      "PLR2004": 36,
      "PLW1514": 38,
      "PLW2901": 11,
      "PTH100": 10,
      "PTH103": 13,
      "PTH113": 21,
      "PTH118": 19,
      "PTH123": 82,
      "RET504": 1,
      "RET505": 1,
      "RUF010": 117,
      "RUF015": 2,
      "RUF052": 47,
      "S110": 9,
      "S307": 2,
      "SIM102": 2,
      "SIM114": 5,
      "TRY003": 2,
      "UP015": 60
    },
    "errors": 811,
    "fixable": 348
  },
  "redundancy": {
    "clone_lines": 437,
    "clone_ratio_sum": 0.6934840339828583,
    "cloned_sloc_lines": 437,
    "files_with_clones": 21
  },
  "source_files": [],
  "symbols": {
    "classes": 19,
    "expressions": 5337,
    "expressions_top_level": 437,
    "functions": 130,
    "globals": 53,
    "imports": 69,
    "max_imports": 10,
    "methods": 47,
    "statements": 1280,
    "total": 249,
    "type_aliases": 0,
    "variables": 53
  },
  "verbosity_flagged_sloc_lines": 437,
  "waste": {
    "single_use_functions": 112,
    "trivial_wrappers": 0,
    "unused_variables": 202
  }
}