{
  "model": "pangu",
  "thinking": "none",
  "prompt": "just-solve",
  "agent_type": "claude_code",
  "agent_version": "2.0.51",
  "num_problems": 25,
  "num_checkpoints": 47,
  "expected_checkpoints": 146,
  "costs": {
    "checkpoint": {
      "mean": 2.765038978723404,
      "stddev": 3.5549463332211317,
      "min": 0.0,
      "max": 11.479326,
      "median": 0.0,
      "count": 47
    },
    "problem": {
      "mean": 5.19827328,
      "stddev": 12.671902434878591,
      "min": 0.0,
      "max": 43.81668,
      "median": 0.0,
      "count": 25
    },
    "total": 129.956832
  },
  "time": {
    "checkpoint": {
      "mean": 1710.2473996595745,
      "stddev": 948.2243355530684,
      "min": 639.889874,
      "max": 4424.27805,
      "median": 1306.742472,
      "count": 47
    },
    "problem": {
      "mean": 3215.26511136,
      "stddev": 4426.548218994873,
      "min": 1064.744617,
      "max": 15378.711663,
      "median": 1087.197098,
      "count": 25
    }
  },
  "tokens": {
    "input": 41333829,
    "output": 397023,
    "cache_read": 0,
    "cache_write": 0,
    "reasoning": 0,
    "problem": {
      "input": 1653353.16,
      "output": 15880.92,
      "cache_read": 0.0,
      "cache_write": 0.0,
      "reasoning": 0.0
    },
    "checkpoint": {
      "input": 879443.1702127659,
      "output": 8447.297872340425,
      "cache_read": 0.0,
      "cache_write": 0.0,
      "reasoning": 0.0
    }
  },
  "steps": {
    "checkpoint": {
      "mean": 3.1702127659574466,
      "stddev": 2.914127126648436,
      "min": 0.0,
      "max": 7.0,
      "median": 1.0,
      "count": 47
    },
    "problem": {
      "mean": 5.96,
      "stddev": 1.2069244660154448,
      "min": 2.0,
      "max": 8.0,
      "median": 6.0,
      "count": 25
    }
  },
  "checkpoints_solved": 0,
  "checkpoints_iso_solved": 0,
  "checkpoints_core_solved": 1,
  "problem_solved": 0.0,
  "problem_partial": 0.0,
  "pct_checkpoints_solved": 0.0,
  "pct_checkpoints_iso_solved": 0.0,
  "pct_problems_solved": 0.0,
  "pct_problems_partial": 0.0,
  "pct_checkpoints_core_solved": 0.684931506849315,
  "pass_rates": {
    "problem": {
      "core": 0.08008432147562582,
      "total": 0.12297798456998678,
      "error": 0.19211056093664788,
      "functionality": 0.0927733271161263,
      "regression": 0.07192597735671058
    },
    "checkpoint": {
      "core": 0.12203066745157402,
      "total": 0.15168116839453502,
      "error": 0.18028287548436012,
      "functionality": 0.12863317568660454,
      "regression": 0.19357693722010785
    }
  },
  "cc": {
    "high_count": {
      "mean": 9.46808510638298,
      "stddev": 14.735126714655266,
      "min": 0.0,
      "max": 54.0,
      "median": 4.0,
      "count": 47
    },
    "high_mean": {
      "mean": 14.870202637818075,
      "stddev": 14.273566800419253,
      "min": 0.0,
      "max": 52.5,
      "median": 19.0,
      "count": 47
    },
    "max": {
      "mean": 35.48936170212766,
      "stddev": 35.84863852876881,
      "min": 0.0,
      "max": 104.0,
      "median": 32.0,
      "count": 47
    }
  },
  "ratios": {
    "rubric": {
      "mean": null,
      "stddev": null,
      "min": null,
      "max": null,
      "median": null,
      "count": 0
    },
    "lint": {
      "mean": 0.15371420572161767,
      "stddev": 0.05324299921412617,
      "min": 0.09254974548819991,
      "max": 0.31966053748231965,
      "median": 0.14328784512853063,
      "count": 27
    },
    "violation_pct": {
      "mean": 0.0,
      "stddev": 0.0,
      "min": 0.0,
      "max": 0.0,
      "median": 0.0,
      "count": 27
    }
  },
  "verbosity": {
    "mean": null,
    "stddev": null,
    "min": null,
    "max": null,
    "median": null,
    "count": 0
  },
  "erosion": {
    "mean": null,
    "stddev": null,
    "min": null,
    "max": null,
    "median": null,
    "count": 0
  }
}