{
  "ast_grep": {
    "category_counts": {},
    "category_weighted": {},
    "counts": {},
    "rules_checked": 355,
    "violation_lines": 0,
    "violations": 0,
    "weighted": 0
  },
  "classes": {
    "attribute_counts_mean": 8.285714285714286,
    "attribute_counts_sum": 58,
    "count": 7,
    "method_counts_mean": 4.714285714285714,
    "method_counts_sum": 33
  },
  "complexity": {
    "cc_max": 117,
    "cc_ratings": {
      "A": 62,
      "B": 10,
      "C": 6,
      "D": 3,
      "E": 1,
      "F": 5
    },
    "cc_sum": 696,
    "mi_min": 0.0,
    "mi_ratings": {
      "A": 3,
      "B": 0,
      "C": 1
    },
    "mi_sum": 216.62289623315345,
    "num_complex": 15
  },
  "file_count": 4,
  "functions": {
    "cc_concentration": 0.7089536079683862,
    "cc_extreme_count": 6,
    "cc_high_count": 12,
    "cc_max": 117,
    "cc_mean": 10.982758620689655,
    "cc_normalized": 0.06470092978750808,
    "cc_std": 21.27554512407799,
    "cc_sum": 637,
    "cc_top20": 0.7676609105180534,
    "count": 58,
    "depth_max": 7,
    "extreme_cc_mean": 64.83333333333333,
    "high_cc_mean": 40.75,
    "lines_mean": 45.39655172413793,
    "lines_sum": 2633
  },
  "graph": {
    "cyclic_dependency_mass": 0.0,
    "dependency_entropy": 0.1463461482367227,
    "edge_count": 38,
    "node_count": 58,
    "propagation_cost": 0.013914095583787053
  },
  "lines": {
    "comments": 357,
    "loc": 2063,
    "multi_comment": 63,
    "single_comment": 355,
    "total_lines": 3057
  },
  "lint": {
    "counts": {
      "ARG001": 1,
      "B007": 10,
      "B904": 6,
      "BLE001": 7,
      "C401": 1,
      "C416": 2,
      "C901": 7,
      "DOC201": 42,
      "DOC501": 2,
      "EM101": 2,
      "EM102": 8,
      "ERA001": 2,
      "EXE001": 4,
      "F401": 2,
      "F541": 3,
      "F821": 1,
      "F823": 1,
      "F841": 13,
      "FBT001": 5,
      "FBT003": 64,
      "FURB110": 2,
      "FURB118": 3,
      "FURB171": 1,
      "G004": 2,
      "N806": 7,
      "PERF102": 1,
      "PERF203": 3,
      "PERF401": 2,
      "PLC0415": 1,
      "PLR0911": 3,
      "PLR0912": 7,
      "PLR0913": 1,
      "PLR0914": 8,
      "PLR0915": 6,
      "PLR0917": 1,
      "PLR1702": 4,
      "PLR2004": 15,
      "PLR5501": 1,
      "PLR6201": 7,
      "PLW0108": 7,
      "RET505": 2,
      "RUF003": 3,
      "RUF010": 6,
      "SIM108": 2,
      "SIM118": 4,
      "TRY003": 10,
      "TRY301": 4,
      "TRY400": 1,
      "UP045": 9
    },
    "errors": 306,
    "fixable": 27
  },
  "redundancy": {
    "clone_lines": 338,
    "clone_ratio_sum": 0.3808233778922592,
    "cloned_sloc_lines": 330,
    "files_with_clones": 4
  },
  "source_files": [],
  "symbols": {
    "classes": 7,
    "expressions": 2769,
    "expressions_top_level": 14,
    "functions": 25,
    "globals": 22,
    "imports": 22,
    "max_imports": 15,
    "methods": 33,
    "statements": 612,
    "total": 87,
    "type_aliases": 0,
    "variables": 22
  },
  "verbosity_flagged_sloc_lines": 330,
  "waste": {
    "single_use_functions": 18,
    "trivial_wrappers": 0,
    "unused_variables": 45
  }
}