{
  "ast_grep": {
    "category_counts": {},
    "category_weighted": {},
    "counts": {},
    "rules_checked": 355,
    "violation_lines": 0,
    "violations": 0,
    "weighted": 0
  },
  "classes": {
    "attribute_counts_mean": 10.5,
    "attribute_counts_sum": 21,
    "count": 2,
    "method_counts_mean": 18.0,
    "method_counts_sum": 36
  },
  "complexity": {
    "cc_max": 216,
    "cc_ratings": {
      "A": 25,
      "B": 5,
      "C": 6,
      "D": 0,
      "E": 0,
      "F": 3
    },
    "cc_sum": 506,
    "mi_min": 0.0,
    "mi_ratings": {
      "A": 0,
      "B": 0,
      "C": 1
    },
    "mi_sum": 0.0,
    "num_complex": 9
  },
  "file_count": 1,
  "functions": {
    "cc_concentration": 0.5767724245985115,
    "cc_extreme_count": 2,
    "cc_high_count": 7,
    "cc_max": 43,
    "cc_mean": 7.45945945945946,
    "cc_normalized": 0.04888460057410908,
    "cc_std": 10.032155508371277,
    "cc_sum": 276,
    "cc_top20": 0.6594202898550725,
    "count": 37,
    "depth_max": 7,
    "extreme_cc_mean": 42.0,
    "high_cc_mean": 24.571428571428573,
    "lines_mean": 40.189189189189186,
    "lines_sum": 1487
  },
  "graph": {
    "cyclic_dependency_mass": 0.0,
    "dependency_entropy": 0.2140275017373934,
    "edge_count": 45,
    "node_count": 37,
    "propagation_cost": 0.0518018018018018
  },
  "lines": {
    "comments": 210,
    "loc": 1097,
    "multi_comment": 29,
    "single_comment": 226,
    "total_lines": 1586
  },
  "lint": {
    "counts": {
      "ARG002": 1,
      "B007": 5,
      "B904": 2,
      "C901": 6,
      "DOC201": 27,
      "DOC501": 3,
      "EM102": 26,
      "ERA001": 1,
      "EXE001": 1,
      "F541": 3,
      "F821": 1,
      "F841": 7,
      "FBT001": 2,
      "FBT002": 1,
      "FURB110": 1,
      "FURB113": 5,
      "FURB142": 1,
      "PERF102": 1,
      "PERF401": 2,
      "PERF402": 1,
      "PIE808": 2,
      "PLR0912": 6,
      "PLR0914": 6,
      "PLR0915": 7,
      "PLR1702": 1,
      "PLR2004": 14,
      "PLR5501": 1,
      "PLR6201": 3,
      "PLR6301": 4,
      "PTH123": 4,
      "Q001": 1,
      "RET504": 1,
      "RET505": 1,
      "RET508": 2,
      "RUF012": 3,
      "RUF046": 2,
      "SIM102": 1,
      "SIM114": 4,
      "TRY003": 26,
      "UP015": 2
    },
    "errors": 188,
    "fixable": 22
  },
  "redundancy": {
    "clone_lines": 280,
    "clone_ratio_sum": 0.21969006381039197,
    "cloned_sloc_lines": 233,
    "files_with_clones": 1
  },
  "source_files": [],
  "symbols": {
    "classes": 2,
    "expressions": 2587,
    "expressions_top_level": 29,
    "functions": 1,
    "globals": 0,
    "imports": 8,
    "max_imports": 8,
    "methods": 36,
    "statements": 569,
    "total": 39,
    "type_aliases": 0,
    "variables": 0
  },
  "verbosity_flagged_sloc_lines": 233,
  "waste": {
    "single_use_functions": 1,
    "trivial_wrappers": 0,
    "unused_variables": 26
  }
}