{
  "ast_grep": {
    "category_counts": {},
    "category_weighted": {},
    "counts": {},
    "rules_checked": 355,
    "violation_lines": 0,
    "violations": 0,
    "weighted": 0
  },
  "classes": {
    "attribute_counts_mean": 4.428571428571429,
    "attribute_counts_sum": 62,
    "count": 14,
    "method_counts_mean": 1.7857142857142858,
    "method_counts_sum": 25
  },
  "complexity": {
    "cc_max": 74,
    "cc_ratings": {
      "A": 38,
      "B": 6,
      "C": 3,
      "D": 2,
      "E": 1,
      "F": 1
    },
    "cc_sum": 309,
    "mi_min": 5.726155533403445,
    "mi_ratings": {
      "A": 0,
      "B": 0,
      "C": 1
    },
    "mi_sum": 5.726155533403445,
    "num_complex": 7
  },
  "file_count": 1,
  "functions": {
    "cc_concentration": 0.5243697478991597,
    "cc_extreme_count": 1,
    "cc_high_count": 5,
    "cc_max": 38,
    "cc_mean": 6.176470588235294,
    "cc_normalized": 0.04300968872397443,
    "cc_std": 7.469009054532234,
    "cc_sum": 210,
    "cc_top20": 0.5761904761904761,
    "count": 34,
    "depth_max": 5,
    "extreme_cc_mean": 38.0,
    "high_cc_mean": 20.2,
    "lines_mean": 30.0,
    "lines_sum": 1020
  },
  "graph": {
    "cyclic_dependency_mass": 0.0,
    "dependency_entropy": 0.3193671350282585,
    "edge_count": 34,
    "node_count": 34,
    "propagation_cost": 0.07308377896613191
  },
  "lines": {
    "comments": 145,
    "loc": 796,
    "multi_comment": 32,
    "single_comment": 165,
    "total_lines": 1216
  },
  "lint": {
    "counts": {
      "ARG002": 5,
      "BLE001": 3,
      "C901": 3,
      "DOC201": 24,
      "DOC501": 3,
      "EM101": 2,
      "EM102": 2,
      "ERA001": 2,
      "EXE001": 1,
      "F841": 2,
      "FBT001": 1,
      "FBT002": 1,
      "PERF401": 1,
      "PLR0912": 3,
      "PLR0913": 2,
      "PLR0914": 3,
      "PLR0915": 2,
      "PLR0917": 2,
      "PLR2004": 3,
      "PLR5501": 1,
      "PLR6301": 1,
      "PLW1514": 2,
      "PTH118": 4,
      "PTH123": 2,
      "RET505": 2,
      "RUF005": 3,
      "RUF059": 5,
      "TRY003": 4,
      "UP006": 42,
      "UP015": 2,
      "UP032": 29,
      "UP035": 3,
      "UP045": 27
    },
    "errors": 192,
    "fixable": 105
  },
  "redundancy": {
    "clone_lines": 117,
    "clone_ratio_sum": 0.14698492462311558,
    "cloned_sloc_lines": 115,
    "files_with_clones": 1
  },
  "source_files": [],
  "symbols": {
    "classes": 14,
    "expressions": 1850,
    "expressions_top_level": 18,
    "functions": 9,
    "globals": 3,
    "imports": 10,
    "max_imports": 10,
    "methods": 25,
    "statements": 337,
    "total": 51,
    "type_aliases": 0,
    "variables": 3
  },
  "verbosity_flagged_sloc_lines": 115,
  "waste": {
    "single_use_functions": 5,
    "trivial_wrappers": 0,
    "unused_variables": 26
  }
}