{
  "ast_grep": {
    "category_counts": {},
    "category_weighted": {},
    "counts": {},
    "rules_checked": 355,
    "violation_lines": 0,
    "violations": 0,
    "weighted": 0
  },
  "classes": {
    "attribute_counts_mean": 3.953488372093023,
    "attribute_counts_sum": 170,
    "count": 43,
    "method_counts_mean": 2.488372093023256,
    "method_counts_sum": 107
  },
  "complexity": {
    "cc_max": 140,
    "cc_ratings": {
      "A": 120,
      "B": 17,
      "C": 17,
      "D": 0,
      "E": 0,
      "F": 4
    },
    "cc_sum": 976,
    "mi_min": 0.19954915439167797,
    "mi_ratings": {
      "A": 4,
      "B": 2,
      "C": 1
    },
    "mi_sum": 348.82556724010055,
    "num_complex": 21
  },
  "file_count": 7,
  "functions": {
    "cc_concentration": 0.4527877697841727,
    "cc_extreme_count": 0,
    "cc_high_count": 16,
    "cc_max": 18,
    "cc_mean": 4.964285714285714,
    "cc_normalized": 0.0069778903690191916,
    "cc_std": 4.388618718910799,
    "cc_sum": 556,
    "cc_top20": 0.5143884892086331,
    "count": 112,
    "depth_max": 4,
    "extreme_cc_mean": 0.0,
    "high_cc_mean": 13.9375,
    "lines_mean": 17.526785714285715,
    "lines_sum": 1963
  },
  "graph": {
    "cyclic_dependency_mass": 0.0,
    "dependency_entropy": 0.0,
    "edge_count": 0,
    "node_count": 0,
    "propagation_cost": 0.0
  },
  "lines": {
    "comments": 121,
    "loc": 1913,
    "multi_comment": 24,
    "single_comment": 195,
    "total_lines": 2567
  },
  "lint": {
    "counts": {
      "ANN401": 26,
      "ARG002": 1,
      "B904": 6,
      "BLE001": 7,
      "C420": 1,
      "C901": 10,
      "DOC201": 75,
      "DOC501": 22,
      "EM101": 6,
      "EM102": 31,
      "EXE001": 1,
      "F401": 2,
      "F821": 1,
      "FBT001": 3,
      "FBT003": 4,
      "FURB101": 2,
      "FURB110": 2,
      "FURB113": 2,
      "FURB118": 6,
      "N801": 1,
      "N818": 4,
      "PERF203": 2,
      "PLR0904": 1,
      "PLR0911": 8,
      "PLR0912": 4,
      "PLR0913": 1,
      "PLR0914": 1,
      "PLR0915": 1,
      "PLR0917": 1,
      "PLR1714": 1,
      "PLR6201": 9,
      "PLR6301": 5,
      "PLW1510": 1,
      "PLW1514": 3,
      "PLW2901": 1,
      "PTH100": 4,
      "PTH103": 4,
      "PTH107": 1,
      "PTH109": 1,
      "PTH110": 1,
      "PTH112": 1,
      "PTH113": 2,
      "PTH117": 3,
      "PTH118": 6,
      "PTH120": 1,
      "PTH123": 4,
      "PTH208": 1,
      "RET505": 7,
      "RSE102": 2,
      "RUF010": 1,
      "RUF013": 9,
      "S404": 1,
      "S603": 1,
      "S607": 1,
      "SIM102": 1,
      "SIM103": 1,
      "SIM114": 3,
      "SIM115": 1,
      "SIM910": 1,
      "TRY003": 37,
      "TRY300": 3,
      "UP006": 60,
      "UP007": 1,
      "UP015": 2,
      "UP035": 12,
      "UP045": 26
    },
    "errors": 451,
    "fixable": 127
  },
  "redundancy": {
    "clone_lines": 112,
    "clone_ratio_sum": 0.19061336022851874,
    "cloned_sloc_lines": 100,
    "files_with_clones": 7
  },
  "source_files": null,
  "symbols": {
    "classes": 43,
    "expressions": 5177,
    "expressions_top_level": 81,
    "functions": 5,
    "globals": 3,
    "imports": 32,
    "max_imports": 14,
    "methods": 107,
    "statements": 1178,
    "total": 158,
    "type_aliases": 0,
    "variables": 3
  },
  "verbosity_flagged_sloc_lines": 100,
  "waste": {
    "single_use_functions": 5,
    "trivial_wrappers": 0,
    "unused_variables": 37
  }
}