{
  "ast_grep": {
    "category_counts": {},
    "category_weighted": {},
    "counts": {},
    "rules_checked": 355,
    "violation_lines": 0,
    "violations": 0,
    "weighted": 0
  },
  "classes": {
    "attribute_counts_mean": 0.0,
    "attribute_counts_sum": 0,
    "count": 2,
    "method_counts_mean": 0.0,
    "method_counts_sum": 0
  },
  "complexity": {
    "cc_max": 36,
    "cc_ratings": {
      "A": 26,
      "B": 7,
      "C": 3,
      "D": 1,
      "E": 1,
      "F": 0
    },
    "cc_sum": 207,
    "mi_min": 18.217348733559433,
    "mi_ratings": {
      "A": 2,
      "B": 1,
      "C": 0
    },
    "mi_sum": 153.424383326277,
    "num_complex": 5
  },
  "file_count": 3,
  "functions": {
    "cc_concentration": 0.534621578099839,
    "cc_extreme_count": 1,
    "cc_high_count": 5,
    "cc_max": 36,
    "cc_mean": 7.666666666666667,
    "cc_normalized": 0.04609568125636178,
    "cc_std": 8.553002171977168,
    "cc_sum": 207,
    "cc_top20": 0.6038647342995169,
    "count": 27,
    "depth_max": 6,
    "extreme_cc_mean": 36.0,
    "high_cc_mean": 23.0,
    "lines_mean": 31.88888888888889,
    "lines_sum": 861
  },
  "graph": {
    "cyclic_dependency_mass": 0.0,
    "dependency_entropy": 0.15543456062405203,
    "edge_count": 11,
    "node_count": 17,
    "propagation_cost": 0.04044117647058824
  },
  "lines": {
    "comments": 93,
    "loc": 667,
    "multi_comment": 9,
    "single_comment": 109,
    "total_lines": 986
  },
  "lint": {
    "counts": {
      "ARG001": 2,
      "B007": 8,
      "B904": 6,
      "BLE001": 10,
      "C901": 3,
      "DOC201": 18,
      "DOC501": 5,
      "E712": 2,
      "EXE001": 3,
      "F401": 1,
      "F841": 1,
      "FAST002": 5,
      "FBT001": 1,
      "FBT003": 10,
      "FURB118": 6,
      "FURB142": 1,
      "FURB171": 1,
      "PERF102": 6,
      "PERF203": 3,
      "PERF401": 4,
      "PLC0415": 2,
      "PLR0912": 3,
      "PLR0914": 2,
      "PLR0915": 2,
      "PLR1702": 1,
      "PLR2004": 11,
      "PLR6201": 3,
      "PLW0602": 2,
      "PTH123": 1,
      "RET504": 1,
      "RET505": 1,
      "RUF010": 6,
      "RUF013": 1,
      "RUF029": 1,
      "S101": 17,
      "S110": 6,
      "S113": 6,
      "TRY300": 2,
      "TRY301": 2,
      "UP006": 19,
      "UP015": 1,
      "UP035": 2,
      "UP045": 4
    },
    "errors": 192,
    "fixable": 34
  },
  "redundancy": {
    "clone_lines": 115,
    "clone_ratio_sum": 0.22727272727272727,
    "cloned_sloc_lines": 115,
    "files_with_clones": 3
  },
  "source_files": [],
  "symbols": {
    "classes": 2,
    "expressions": 730,
    "expressions_top_level": 61,
    "functions": 27,
    "globals": 9,
    "imports": 23,
    "max_imports": 12,
    "methods": 0,
    "statements": 186,
    "total": 38,
    "type_aliases": 0,
    "variables": 9
  },
  "verbosity_flagged_sloc_lines": 115,
  "waste": {
    "single_use_functions": 23,
    "trivial_wrappers": 0,
    "unused_variables": 14
  }
}