{
  "ast_grep": {
    "category_counts": {},
    "category_weighted": {},
    "counts": {},
    "rules_checked": 355,
    "violation_lines": 0,
    "violations": 0,
    "weighted": 0
  },
  "classes": {
    "attribute_counts_mean": 3.272727272727273,
    "attribute_counts_sum": 36,
    "count": 11,
    "method_counts_mean": 2.8181818181818183,
    "method_counts_sum": 31
  },
  "complexity": {
    "cc_max": 82,
    "cc_ratings": {
      "A": 47,
      "B": 13,
      "C": 5,
      "D": 3,
      "E": 1,
      "F": 1
    },
    "cc_sum": 425,
    "mi_min": 1.139051102764677,
    "mi_ratings": {
      "A": 1,
      "B": 0,
      "C": 1
    },
    "mi_sum": 56.576064554925395,
    "num_complex": 10
  },
  "file_count": 2,
  "functions": {
    "cc_concentration": 0.5205680378691913,
    "cc_extreme_count": 0,
    "cc_high_count": 7,
    "cc_max": 23,
    "cc_mean": 5.339622641509434,
    "cc_normalized": 0.02081866615697728,
    "cc_std": 5.608864536902604,
    "cc_sum": 283,
    "cc_top20": 0.558303886925795,
    "count": 53,
    "depth_max": 5,
    "extreme_cc_mean": 0.0,
    "high_cc_mean": 16.857142857142858,
    "lines_mean": 19.67924528301887,
    "lines_sum": 1043
  },
  "graph": {
    "cyclic_dependency_mass": 0.5217391304347826,
    "dependency_entropy": 0.09625352756968746,
    "edge_count": 21,
    "node_count": 41,
    "propagation_cost": 0.03353658536585366
  },
  "lines": {
    "comments": 153,
    "loc": 927,
    "multi_comment": 4,
    "single_comment": 164,
    "total_lines": 1336
  },
  "lint": {
    "counts": {
      "ANN401": 6,
      "ARG005": 1,
      "B011": 2,
      "B904": 3,
      "BLE001": 6,
      "C901": 5,
      "DOC201": 24,
      "DOC501": 7,
      "DTZ003": 1,
      "E712": 4,
      "E722": 1,
      "EM101": 2,
      "EM102": 11,
      "ERA001": 1,
      "EXE001": 2,
      "F401": 7,
      "FURB101": 1,
      "G004": 9,
      "N802": 7,
      "PERF203": 2,
      "PERF401": 1,
      "PLC0415": 6,
      "PLC1901": 5,
      "PLC2701": 9,
      "PLR0911": 5,
      "PLR0912": 3,
      "PLR0914": 1,
      "PLR0915": 1,
      "PLR2004": 12,
      "PLR6201": 2,
      "PLR6301": 3,
      "PLW0108": 4,
      "PLW1514": 2,
      "PT015": 2,
      "PT017": 2,
      "PTH123": 2,
      "RET505": 2,
      "RET507": 1,
      "RUF005": 1,
      "RUF012": 2,
      "RUF013": 1,
      "S101": 32,
      "S104": 1,
      "S112": 1,
      "S314": 1,
      "S405": 1,
      "SIM102": 2,
      "SLF001": 6,
      "TRY003": 13,
      "UP006": 17,
      "UP015": 2,
      "UP035": 3,
      "UP045": 3
    },
    "errors": 251,
    "fixable": 35
  },
  "redundancy": {
    "clone_lines": 102,
    "clone_ratio_sum": 0.1923222432402359,
    "cloned_sloc_lines": 78,
    "files_with_clones": 2
  },
  "source_files": [],
  "symbols": {
    "classes": 11,
    "expressions": 1831,
    "expressions_top_level": 33,
    "functions": 22,
    "globals": 6,
    "imports": 25,
    "max_imports": 22,
    "methods": 31,
    "statements": 467,
    "total": 70,
    "type_aliases": 0,
    "variables": 6
  },
  "verbosity_flagged_sloc_lines": 78,
  "waste": {
    "single_use_functions": 22,
    "trivial_wrappers": 0,
    "unused_variables": 20
  }
}