{
  "ast_grep": {
    "category_counts": {},
    "category_weighted": {},
    "counts": {},
    "rules_checked": 355,
    "violation_lines": 0,
    "violations": 0,
    "weighted": 0
  },
  "classes": {
    "attribute_counts_mean": 0.0,
    "attribute_counts_sum": 0,
    "count": 4,
    "method_counts_mean": 1.0,
    "method_counts_sum": 4
  },
  "complexity": {
    "cc_max": 23,
    "cc_ratings": {
      "A": 108,
      "B": 5,
      "C": 5,
      "D": 1,
      "E": 0,
      "F": 0
    },
    "cc_sum": 178,
    "mi_min": 11.129757921480348,
    "mi_ratings": {
      "A": 7,
      "B": 1,
      "C": 0
    },
    "mi_sum": 463.1486077395588,
    "num_complex": 6
  },
  "file_count": 8,
  "functions": {
    "cc_concentration": 0.5250255362614913,
    "cc_extreme_count": 0,
    "cc_high_count": 6,
    "cc_max": 23,
    "cc_mean": 5.393939393939394,
    "cc_normalized": 0.03469219479863654,
    "cc_std": 5.771370038492777,
    "cc_sum": 178,
    "cc_top20": 0.5898876404494382,
    "count": 33,
    "depth_max": 4,
    "extreme_cc_mean": 0.0,
    "high_cc_mean": 16.0,
    "lines_mean": 26.21212121212121,
    "lines_sum": 865
  },
  "graph": {
    "cyclic_dependency_mass": 0.0,
    "dependency_entropy": 0.25,
    "edge_count": 20,
    "node_count": 20,
    "propagation_cost": 0.07894736842105263
  },
  "lines": {
    "comments": 119,
    "loc": 1235,
    "multi_comment": 0,
    "single_comment": 124,
    "total_lines": 1685
  },
  "lint": {
    "counts": {
      "ARG001": 1,
      "B904": 6,
      "BLE001": 3,
      "C901": 5,
      "DOC201": 5,
      "DOC501": 1,
      "E712": 26,
      "EM101": 7,
      "EM102": 7,
      "ERA001": 2,
      "EXE001": 6,
      "F401": 7,
      "F541": 18,
      "FBT002": 2,
      "FBT003": 2,
      "FURB118": 2,
      "FURB171": 2,
      "INP001": 2,
      "PIE810": 1,
      "PLC0415": 4,
      "PLC1901": 4,
      "PLR0124": 1,
      "PLR0911": 2,
      "PLR0912": 2,
      "PLR0914": 1,
      "PLR0915": 2,
      "PLR1714": 1,
      "PLR2004": 125,
      "PLR6201": 6,
      "PLW0603": 7,
      "PLW0604": 1,
      "PLW1514": 2,
      "PTH108": 2,
      "PTH123": 3,
      "S113": 43,
      "S324": 2,
      "S404": 2,
      "S602": 2,
      "S607": 2,
      "SIM114": 1,
      "TRY003": 14,
      "TRY300": 2,
      "TRY301": 5
    },
    "errors": 341,
    "fixable": 28
  },
  "redundancy": {
    "clone_lines": 16,
    "clone_ratio_sum": 0.0392156862745098,
    "cloned_sloc_lines": 16,
    "files_with_clones": 8
  },
  "source_files": [],
  "symbols": {
    "classes": 4,
    "expressions": 1080,
    "expressions_top_level": 28,
    "functions": 29,
    "globals": 82,
    "imports": 54,
    "max_imports": 15,
    "methods": 4,
    "statements": 279,
    "total": 119,
    "type_aliases": 0,
    "variables": 82
  },
  "verbosity_flagged_sloc_lines": 16,
  "waste": {
    "single_use_functions": 18,
    "trivial_wrappers": 0,
    "unused_variables": 26
  }
}