{
  "ast_grep": {
    "category_counts": {},
    "category_weighted": {},
    "counts": {},
    "rules_checked": 355,
    "violation_lines": 0,
    "violations": 0,
    "weighted": 0
  },
  "classes": {
    "attribute_counts_mean": 2.3684210526315788,
    "attribute_counts_sum": 180,
    "count": 76,
    "method_counts_mean": 0.8289473684210527,
    "method_counts_sum": 63
  },
  "complexity": {
    "cc_max": 77,
    "cc_ratings": {
      "A": 142,
      "B": 18,
      "C": 25,
      "D": 8,
      "E": 5,
      "F": 15
    },
    "cc_sum": 1875,
    "mi_min": 0.0,
    "mi_ratings": {
      "A": 0,
      "B": 0,
      "C": 3
    },
    "mi_sum": 8.117693522711022,
    "num_complex": 53
  },
  "file_count": 3,
  "functions": {
    "cc_concentration": 0.6124855458987654,
    "cc_extreme_count": 15,
    "cc_high_count": 47,
    "cc_max": 77,
    "cc_mean": 11.595588235294118,
    "cc_normalized": 0.013166245806984646,
    "cc_std": 15.516480450712463,
    "cc_sum": 1577,
    "cc_top20": 0.6512365250475587,
    "count": 136,
    "depth_max": 7,
    "extreme_cc_mean": 47.733333333333334,
    "high_cc_mean": 27.382978723404257,
    "lines_mean": 41.05882352941177,
    "lines_sum": 5584
  },
  "graph": {
    "cyclic_dependency_mass": 0.0,
    "dependency_entropy": 0.0,
    "edge_count": 0,
    "node_count": 0,
    "propagation_cost": 0.0
  },
  "lines": {
    "comments": 467,
    "loc": 4323,
    "multi_comment": 51,
    "single_comment": 491,
    "total_lines": 5755
  },
  "lint": {
    "counts": {
      "A002": 1,
      "ARG001": 15,
      "ARG002": 2,
      "B007": 1,
      "B904": 6,
      "C416": 1,
      "C420": 3,
      "C901": 44,
      "DOC201": 64,
      "DOC501": 69,
      "E741": 1,
      "EM101": 9,
      "EM102": 138,
      "ERA001": 7,
      "EXE001": 3,
      "F401": 3,
      "F821": 2,
      "F841": 7,
      "FBT001": 19,
      "FBT002": 3,
      "FURB101": 4,
      "FURB118": 15,
      "FURB142": 3,
      "FURB156": 2,
      "PIE810": 1,
      "PLC0415": 2,
      "PLR0911": 15,
      "PLR0912": 31,
      "PLR0913": 3,
      "PLR0914": 6,
      "PLR0915": 23,
      "PLR0917": 3,
      "PLR1702": 11,
      "PLR1714": 3,
      "PLR2004": 5,
      "PLR5501": 1,
      "PLR6201": 52,
      "PLW1514": 6,
      "PLW2901": 3,
      "PTH123": 6,
      "Q003": 1,
      "RET504": 3,
      "RET505": 27,
      "RET507": 5,
      "RET508": 3,
      "RUF005": 3,
      "RUF012": 3,
      "RUF013": 6,
      "RUF034": 3,
      "RUF056": 1,
      "SIM108": 2,
      "SIM114": 10,
      "TRY003": 147,
      "UP015": 5,
      "UP024": 1,
      "UP045": 30
    },
    "errors": 843,
    "fixable": 105
  },
  "redundancy": {
    "clone_lines": 857,
    "clone_ratio_sum": 0.6042542035100832,
    "cloned_sloc_lines": 845,
    "files_with_clones": 3
  },
  "source_files": null,
  "symbols": {
    "classes": 76,
    "expressions": 8067,
    "expressions_top_level": 71,
    "functions": 73,
    "globals": 1,
    "imports": 22,
    "max_imports": 8,
    "methods": 63,
    "statements": 1866,
    "total": 213,
    "type_aliases": 0,
    "variables": 1
  },
  "verbosity_flagged_sloc_lines": 845,
  "waste": {
    "single_use_functions": 42,
    "trivial_wrappers": 0,
    "unused_variables": 26
  }
}