{
  "ast_grep": {
    "category_counts": {},
    "category_weighted": {},
    "counts": {},
    "rules_checked": 355,
    "violation_lines": 0,
    "violations": 0,
    "weighted": 0
  },
  "classes": {
    "attribute_counts_mean": 8.153846153846153,
    "attribute_counts_sum": 106,
    "count": 13,
    "method_counts_mean": 4.538461538461538,
    "method_counts_sum": 59
  },
  "complexity": {
    "cc_max": 102,
    "cc_ratings": {
      "A": 51,
      "B": 15,
      "C": 7,
      "D": 1,
      "E": 0,
      "F": 3
    },
    "cc_sum": 564,
    "mi_min": 2.58710510302172,
    "mi_ratings": {
      "A": 6,
      "B": 0,
      "C": 1
    },
    "mi_sum": 457.46873621838546,
    "num_complex": 11
  },
  "file_count": 7,
  "functions": {
    "cc_concentration": 0.48185198763944903,
    "cc_extreme_count": 0,
    "cc_high_count": 8,
    "cc_max": 23,
    "cc_mean": 5.131147540983607,
    "cc_normalized": 0.015700544730135723,
    "cc_std": 5.0215383095756145,
    "cc_sum": 313,
    "cc_top20": 0.5431309904153354,
    "count": 61,
    "depth_max": 5,
    "extreme_cc_mean": 0.0,
    "high_cc_mean": 15.625,
    "lines_mean": 19.39344262295082,
    "lines_sum": 1183
  },
  "graph": {
    "cyclic_dependency_mass": 0.0,
    "dependency_entropy": 0.0,
    "edge_count": 0,
    "node_count": 0,
    "propagation_cost": 0.0
  },
  "lines": {
    "comments": 81,
    "loc": 1134,
    "multi_comment": 0,
    "single_comment": 112,
    "total_lines": 1469
  },
  "lint": {
    "counts": {
      "ANN401": 15,
      "C901": 3,
      "DOC201": 33,
      "DOC501": 2,
      "E722": 1,
      "EM102": 4,
      "F401": 12,
      "F541": 5,
      "F841": 7,
      "FBT003": 4,
      "FURB101": 1,
      "PLC1901": 1,
      "PLR0904": 1,
      "PLR0911": 7,
      "PLR0912": 3,
      "PLR0915": 1,
      "PLR6201": 3,
      "PLR6301": 5,
      "PLW1514": 2,
      "PTH110": 2,
      "PTH123": 2,
      "RET505": 14,
      "RET506": 1,
      "RUF010": 1,
      "RUF012": 2,
      "RUF022": 3,
      "S404": 1,
      "SIM114": 3,
      "SIM116": 1,
      "TRY003": 4,
      "UP006": 4,
      "UP015": 2,
      "UP035": 3,
      "UP045": 9
    },
    "errors": 162,
    "fixable": 58
  },
  "redundancy": {
    "clone_lines": 123,
    "clone_ratio_sum": 0.2789760963674007,
    "cloned_sloc_lines": 121,
    "files_with_clones": 7
  },
  "source_files": null,
  "symbols": {
    "classes": 13,
    "expressions": 3343,
    "expressions_top_level": 42,
    "functions": 2,
    "globals": 3,
    "imports": 26,
    "max_imports": 7,
    "methods": 59,
    "statements": 630,
    "total": 77,
    "type_aliases": 0,
    "variables": 3
  },
  "verbosity_flagged_sloc_lines": 121,
  "waste": {
    "single_use_functions": 2,
    "trivial_wrappers": 0,
    "unused_variables": 34
  }
}