{
  "ast_grep": {
    "category_counts": {},
    "category_weighted": {},
    "counts": {},
    "rules_checked": 355,
    "violation_lines": 0,
    "violations": 0,
    "weighted": 0
  },
  "classes": {
    "attribute_counts_mean": 0.0,
    "attribute_counts_sum": 0,
    "count": 4,
    "method_counts_mean": 1.0,
    "method_counts_sum": 4
  },
  "complexity": {
    "cc_max": 32,
    "cc_ratings": {
      "A": 107,
      "B": 3,
      "C": 1,
      "D": 0,
      "E": 1,
      "F": 0
    },
    "cc_sum": 136,
    "mi_min": 18.305378938156824,
    "mi_ratings": {
      "A": 6,
      "B": 1,
      "C": 0
    },
    "mi_sum": 416.3525343506661,
    "num_complex": 2
  },
  "file_count": 7,
  "functions": {
    "cc_concentration": 0.4950980392156863,
    "cc_extreme_count": 1,
    "cc_high_count": 2,
    "cc_max": 32,
    "cc_mean": 3.7777777777777777,
    "cc_normalized": 0.056735046959960456,
    "cc_std": 5.3990004953886,
    "cc_sum": 136,
    "cc_top20": 0.5808823529411765,
    "count": 36,
    "depth_max": 4,
    "extreme_cc_mean": 32.0,
    "high_cc_mean": 22.0,
    "lines_mean": 19.47222222222222,
    "lines_sum": 701
  },
  "graph": {
    "cyclic_dependency_mass": 0.0,
    "dependency_entropy": 0.1587889559947299,
    "edge_count": 17,
    "node_count": 25,
    "propagation_cost": 0.03666666666666667
  },
  "lines": {
    "comments": 92,
    "loc": 983,
    "multi_comment": 0,
    "single_comment": 92,
    "total_lines": 1350
  },
  "lint": {
    "counts": {
      "ARG001": 1,
      "B904": 2,
      "BLE001": 2,
      "C901": 2,
      "E712": 22,
      "EM101": 3,
      "EM102": 3,
      "ERA001": 2,
      "EXE001": 5,
      "F401": 4,
      "F541": 18,
      "FBT002": 1,
      "INP001": 2,
      "PLC0415": 2,
      "PLC1901": 2,
      "PLR0124": 1,
      "PLR0911": 2,
      "PLR0912": 1,
      "PLR0913": 1,
      "PLR0914": 1,
      "PLR0915": 3,
      "PLR0917": 1,
      "PLR1714": 1,
      "PLR2004": 110,
      "PLR6201": 3,
      "PLW0603": 5,
      "PLW0604": 1,
      "RUF034": 1,
      "S113": 43,
      "S324": 1,
      "S404": 2,
      "S602": 2,
      "S607": 2,
      "TRY003": 6,
      "TRY300": 1,
      "TRY301": 1
    },
    "errors": 260,
    "fixable": 22
  },
  "redundancy": {
    "clone_lines": 12,
    "clone_ratio_sum": 0.04067796610169491,
    "cloned_sloc_lines": 12,
    "files_with_clones": 7
  },
  "source_files": [],
  "symbols": {
    "classes": 4,
    "expressions": 939,
    "expressions_top_level": 26,
    "functions": 32,
    "globals": 72,
    "imports": 39,
    "max_imports": 11,
    "methods": 4,
    "statements": 226,
    "total": 112,
    "type_aliases": 0,
    "variables": 72
  },
  "verbosity_flagged_sloc_lines": 12,
  "waste": {
    "single_use_functions": 26,
    "trivial_wrappers": 2,
    "unused_variables": 19
  }
}