{
  "ast_grep": {
    "category_counts": {},
    "category_weighted": {},
    "counts": {},
    "rules_checked": 355,
    "violation_lines": 0,
    "violations": 0,
    "weighted": 0
  },
  "classes": {
    "attribute_counts_mean": 4.166666666666667,
    "attribute_counts_sum": 50,
    "count": 12,
    "method_counts_mean": 1.9166666666666667,
    "method_counts_sum": 23
  },
  "complexity": {
    "cc_max": 79,
    "cc_ratings": {
      "A": 30,
      "B": 7,
      "C": 10,
      "D": 2,
      "E": 0,
      "F": 1
    },
    "cc_sum": 373,
    "mi_min": 0.0,
    "mi_ratings": {
      "A": 0,
      "B": 0,
      "C": 1
    },
    "mi_sum": 0.0,
    "num_complex": 13
  },
  "file_count": 1,
  "functions": {
    "cc_concentration": 0.5097231029380681,
    "cc_extreme_count": 0,
    "cc_high_count": 10,
    "cc_max": 29,
    "cc_mean": 6.552631578947368,
    "cc_normalized": 0.02616217611137048,
    "cc_std": 6.533478724154217,
    "cc_sum": 249,
    "cc_top20": 0.5301204819277109,
    "count": 38,
    "depth_max": 5,
    "extreme_cc_mean": 0.0,
    "high_cc_mean": 15.4,
    "lines_mean": 31.13157894736842,
    "lines_sum": 1183
  },
  "graph": {
    "cyclic_dependency_mass": 0.0,
    "dependency_entropy": 0.19905316363529396,
    "edge_count": 35,
    "node_count": 38,
    "propagation_cost": 0.04694167852062589
  },
  "lines": {
    "comments": 132,
    "loc": 908,
    "multi_comment": 20,
    "single_comment": 156,
    "total_lines": 1338
  },
  "lint": {
    "counts": {
      "ARG001": 1,
      "ARG002": 5,
      "B007": 1,
      "C901": 5,
      "DOC201": 29,
      "DOC501": 1,
      "EM102": 3,
      "EXE001": 1,
      "F401": 2,
      "F541": 1,
      "F841": 8,
      "FBT001": 3,
      "FBT002": 1,
      "FBT003": 1,
      "FURB101": 1,
      "FURB113": 3,
      "FURB148": 1,
      "PERF401": 3,
      "PLC1901": 1,
      "PLR0911": 2,
      "PLR0912": 5,
      "PLR0913": 1,
      "PLR0914": 4,
      "PLR0915": 4,
      "PLR0917": 1,
      "PLR6104": 1,
      "PLR6201": 1,
      "PLR6301": 1,
      "PLW1514": 2,
      "PLW2901": 1,
      "PTH123": 2,
      "RET505": 2,
      "RET507": 3,
      "RET508": 1,
      "RUF005": 2,
      "SIM102": 1,
      "SIM114": 3,
      "TRY003": 3,
      "UP015": 2,
      "UP045": 14
    },
    "errors": 127,
    "fixable": 31
  },
  "redundancy": {
    "clone_lines": 27,
    "clone_ratio_sum": 0.02973568281938326,
    "cloned_sloc_lines": 27,
    "files_with_clones": 1
  },
  "source_files": [],
  "symbols": {
    "classes": 12,
    "expressions": 1624,
    "expressions_top_level": 28,
    "functions": 15,
    "globals": 0,
    "imports": 9,
    "max_imports": 9,
    "methods": 23,
    "statements": 371,
    "total": 50,
    "type_aliases": 0,
    "variables": 0
  },
  "verbosity_flagged_sloc_lines": 27,
  "waste": {
    "single_use_functions": 8,
    "trivial_wrappers": 0,
    "unused_variables": 23
  }
}