{
  "ast_grep": {
    "category_counts": {},
    "category_weighted": {},
    "counts": {},
    "rules_checked": 355,
    "violation_lines": 0,
    "violations": 0,
    "weighted": 0
  },
  "classes": {
    "attribute_counts_mean": 0.0,
    "attribute_counts_sum": 0,
    "count": 0,
    "method_counts_mean": 0.0,
    "method_counts_sum": 0
  },
  "complexity": {
    "cc_max": 58,
    "cc_ratings": {
      "A": 27,
      "B": 3,
      "C": 5,
      "D": 0,
      "E": 0,
      "F": 2
    },
    "cc_sum": 238,
    "mi_min": 12.307148002735829,
    "mi_ratings": {
      "A": 1,
      "B": 1,
      "C": 0
    },
    "mi_sum": 67.86443614472131,
    "num_complex": 7
  },
  "file_count": 2,
  "functions": {
    "cc_concentration": 0.6394686907020873,
    "cc_extreme_count": 2,
    "cc_high_count": 7,
    "cc_max": 58,
    "cc_mean": 7.67741935483871,
    "cc_normalized": 0.08783395711225665,
    "cc_std": 12.668562393510937,
    "cc_sum": 238,
    "cc_top20": 0.7310924369747899,
    "count": 31,
    "depth_max": 6,
    "extreme_cc_mean": 51.0,
    "high_cc_mean": 24.857142857142858,
    "lines_mean": 34.225806451612904,
    "lines_sum": 1061
  },
  "graph": {
    "cyclic_dependency_mass": 0.0,
    "dependency_entropy": 0.1873594086938618,
    "edge_count": 27,
    "node_count": 21,
    "propagation_cost": 0.12142857142857143
  },
  "lines": {
    "comments": 158,
    "loc": 769,
    "multi_comment": 3,
    "single_comment": 185,
    "total_lines": 1198
  },
  "lint": {
    "counts": {
      "ARG001": 2,
      "B904": 4,
      "BLE001": 7,
      "C901": 4,
      "DOC201": 21,
      "DOC501": 3,
      "E722": 3,
      "EM101": 7,
      "EM102": 4,
      "EXE001": 2,
      "F401": 3,
      "F541": 2,
      "PERF203": 1,
      "PERF401": 1,
      "PLC0415": 6,
      "PLC1901": 9,
      "PLR0911": 3,
      "PLR0912": 2,
      "PLR0914": 2,
      "PLR0915": 2,
      "PLR1702": 4,
      "PLR2004": 5,
      "PLR6201": 3,
      "Q001": 5,
      "RET504": 1,
      "RET505": 1,
      "RUF003": 1,
      "RUF010": 7,
      "RUF031": 1,
      "RUF059": 2,
      "S101": 6,
      "S110": 2,
      "S310": 2,
      "S404": 5,
      "S603": 5,
      "SIM102": 4,
      "SIM108": 1,
      "SIM118": 2,
      "TRY003": 11,
      "TRY300": 5,
      "TRY301": 4
    },
    "errors": 165,
    "fixable": 19
  },
  "redundancy": {
    "clone_lines": 242,
    "clone_ratio_sum": 0.5668620595091183,
    "cloned_sloc_lines": 198,
    "files_with_clones": 2
  },
  "source_files": [],
  "symbols": {
    "classes": 0,
    "expressions": 864,
    "expressions_top_level": 15,
    "functions": 31,
    "globals": 6,
    "imports": 29,
    "max_imports": 15,
    "methods": 0,
    "statements": 276,
    "total": 37,
    "type_aliases": 0,
    "variables": 6
  },
  "verbosity_flagged_sloc_lines": 198,
  "waste": {
    "single_use_functions": 23,
    "trivial_wrappers": 0,
    "unused_variables": 15
  }
}