{
  "ast_grep": {
    "category_counts": {},
    "category_weighted": {},
    "counts": {},
    "rules_checked": 355,
    "violation_lines": 0,
    "violations": 0,
    "weighted": 0
  },
  "classes": {
    "attribute_counts_mean": 0.0,
    "attribute_counts_sum": 0,
    "count": 9,
    "method_counts_mean": 1.0,
    "method_counts_sum": 9
  },
  "complexity": {
    "cc_max": 55,
    "cc_ratings": {
      "A": 95,
      "B": 27,
      "C": 6,
      "D": 0,
      "E": 0,
      "F": 2
    },
    "cc_sum": 608,
    "mi_min": 13.086173533833007,
    "mi_ratings": {
      "A": 6,
      "B": 2,
      "C": 0
    },
    "mi_sum": 290.4687212818409,
    "num_complex": 8
  },
  "file_count": 8,
  "functions": {
    "cc_concentration": 0.4709031100478469,
    "cc_extreme_count": 2,
    "cc_high_count": 8,
    "cc_max": 55,
    "cc_mean": 5.527272727272727,
    "cc_normalized": 0.015493762547968184,
    "cc_std": 7.215819892010074,
    "cc_sum": 608,
    "cc_top20": 0.5131578947368421,
    "count": 110,
    "depth_max": 6,
    "extreme_cc_mean": 51.5,
    "high_cc_mean": 23.875,
    "lines_mean": 24.48181818181818,
    "lines_sum": 2693
  },
  "graph": {
    "cyclic_dependency_mass": 0.0,
    "dependency_entropy": 0.0,
    "edge_count": 0,
    "node_count": 0,
    "propagation_cost": 0.0
  },
  "lines": {
    "comments": 239,
    "loc": 2215,
    "multi_comment": 39,
    "single_comment": 302,
    "total_lines": 3073
  },
  "lint": {
    "counts": {
      "ARG001": 2,
      "B007": 5,
      "B904": 1,
      "BLE001": 12,
      "C901": 5,
      "DOC201": 23,
      "DOC501": 3,
      "EM101": 7,
      "EXE001": 8,
      "F401": 19,
      "F541": 1,
      "F841": 3,
      "FURB118": 2,
      "FURB152": 1,
      "N802": 1,
      "N806": 1,
      "PERF203": 6,
      "PIE790": 3,
      "PLC0415": 20,
      "PLC1901": 3,
      "PLR0911": 5,
      "PLR0912": 5,
      "PLR0914": 3,
      "PLR0915": 4,
      "PLR1702": 1,
      "PLR2004": 126,
      "PLR6201": 5,
      "PLW1514": 2,
      "PTH100": 2,
      "PTH108": 13,
      "PTH119": 9,
      "PTH120": 11,
      "PTH123": 6,
      "RET505": 4,
      "RUF005": 1,
      "RUF010": 1,
      "RUF059": 3,
      "S101": 255,
      "S110": 1,
      "S113": 136,
      "S324": 2,
      "S404": 1,
      "SIM108": 1,
      "SIM115": 2,
      "TRY003": 7,
      "TRY300": 5,
      "TRY301": 1
    },
    "errors": 738,
    "fixable": 45
  },
  "redundancy": {
    "clone_lines": 525,
    "clone_ratio_sum": 1.408677611498797,
    "cloned_sloc_lines": 452,
    "files_with_clones": 8
  },
  "source_files": null,
  "symbols": {
    "classes": 9,
    "expressions": 2963,
    "expressions_top_level": 190,
    "functions": 101,
    "globals": 11,
    "imports": 98,
    "max_imports": 16,
    "methods": 9,
    "statements": 647,
    "total": 130,
    "type_aliases": 0,
    "variables": 11
  },
  "verbosity_flagged_sloc_lines": 452,
  "waste": {
    "single_use_functions": 93,
    "trivial_wrappers": 0,
    "unused_variables": 29
  }
}