{
  "ast_grep": {
    "category_counts": {},
    "category_weighted": {},
    "counts": {},
    "rules_checked": 355,
    "violation_lines": 0,
    "violations": 0,
    "weighted": 0
  },
  "classes": {
    "attribute_counts_mean": 12.0,
    "attribute_counts_sum": 12,
    "count": 1,
    "method_counts_mean": 1.0,
    "method_counts_sum": 1
  },
  "complexity": {
    "cc_max": 24,
    "cc_ratings": {
      "A": 23,
      "B": 11,
      "C": 5,
      "D": 2,
      "E": 0,
      "F": 0
    },
    "cc_sum": 240,
    "mi_min": 22.577110577256637,
    "mi_ratings": {
      "A": 2,
      "B": 0,
      "C": 0
    },
    "mi_sum": 53.825187536414006,
    "num_complex": 7
  },
  "file_count": 2,
  "functions": {
    "cc_concentration": 0.4706018518518518,
    "cc_extreme_count": 0,
    "cc_high_count": 7,
    "cc_max": 24,
    "cc_mean": 6.666666666666667,
    "cc_normalized": 0.02353571428571428,
    "cc_std": 6.136541603960887,
    "cc_sum": 240,
    "cc_top20": 0.5375,
    "count": 36,
    "depth_max": 6,
    "extreme_cc_mean": 0.0,
    "high_cc_mean": 17.0,
    "lines_mean": 34.02777777777778,
    "lines_sum": 1225
  },
  "graph": {
    "cyclic_dependency_mass": 0.0,
    "dependency_entropy": 0.1882254013361841,
    "edge_count": 24,
    "node_count": 25,
    "propagation_cost": 0.04666666666666667
  },
  "lines": {
    "comments": 147,
    "loc": 929,
    "multi_comment": 17,
    "single_comment": 156,
    "total_lines": 1394
  },
  "lint": {
    "counts": {
      "ARG001": 2,
      "B007": 3,
      "BLE001": 1,
      "C401": 1,
      "C901": 3,
      "DOC201": 22,
      "E722": 3,
      "EXE001": 2,
      "F401": 5,
      "F541": 1,
      "FBT001": 2,
      "FURB118": 12,
      "PERF102": 2,
      "PERF203": 2,
      "PERF401": 2,
      "PLC0415": 1,
      "PLR0911": 3,
      "PLR0912": 2,
      "PLR0914": 3,
      "PLR1702": 1,
      "PLR2004": 16,
      "PLR6201": 2,
      "PLW0602": 1,
      "PLW0603": 1,
      "RET504": 1,
      "RET505": 1,
      "RET508": 1,
      "RUF010": 4,
      "S110": 1,
      "S310": 3,
      "S404": 1,
      "S607": 1,
      "SIM102": 1,
      "SIM108": 1,
      "TRY300": 1,
      "UP006": 36,
      "UP035": 3,
      "UP045": 5
    },
    "errors": 153,
    "fixable": 53
  },
  "redundancy": {
    "clone_lines": 117,
    "clone_ratio_sum": 0.27940758697751933,
    "cloned_sloc_lines": 116,
    "files_with_clones": 2
  },
  "source_files": [],
  "symbols": {
    "classes": 1,
    "expressions": 974,
    "expressions_top_level": 50,
    "functions": 35,
    "globals": 4,
    "imports": 22,
    "max_imports": 13,
    "methods": 1,
    "statements": 248,
    "total": 41,
    "type_aliases": 0,
    "variables": 4
  },
  "verbosity_flagged_sloc_lines": 116,
  "waste": {
    "single_use_functions": 26,
    "trivial_wrappers": 2,
    "unused_variables": 33
  }
}