{
  "model": "pangu",
  "thinking": "none",
  "prompt": "just-solve",
  "agent_type": "claude_code",
  "agent_version": "2.0.51",
  "num_problems": 25,
  "num_checkpoints": 43,
  "expected_checkpoints": 146,
  "costs": {
    "checkpoint": {
      "mean": 2.0567382558139533,
      "stddev": 3.2711551118343656,
      "min": 0.0,
      "max": 15.871419,
      "median": 0.0,
      "count": 43
    },
    "problem": {
      "mean": 3.5375898,
      "stddev": 8.771204698546972,
      "min": 0.0,
      "max": 38.450559,
      "median": 0.0,
      "count": 25
    },
    "total": 88.439745
  },
  "time": {
    "checkpoint": {
      "mean": 1523.458986255814,
      "stddev": 721.3053449751225,
      "min": 418.31904,
      "max": 3930.507204,
      "median": 1106.48877,
      "count": 43
    },
    "problem": {
      "mean": 2620.34945636,
      "stddev": 3580.445941737105,
      "min": 1058.28728,
      "max": 15096.172671,
      "median": 1085.880916,
      "count": 25
    }
  },
  "tokens": {
    "input": 28018785,
    "output": 292226,
    "cache_read": 0,
    "cache_write": 0,
    "reasoning": 0,
    "problem": {
      "input": 1120751.4,
      "output": 11689.04,
      "cache_read": 0.0,
      "cache_write": 0.0,
      "reasoning": 0.0
    },
    "checkpoint": {
      "input": 651599.6511627907,
      "output": 6795.953488372093,
      "cache_read": 0.0,
      "cache_write": 0.0,
      "reasoning": 0.0
    }
  },
  "steps": {
    "checkpoint": {
      "mean": 3.883720930232558,
      "stddev": 3.8372193697643024,
      "min": 0.0,
      "max": 20.0,
      "median": 6.0,
      "count": 43
    },
    "problem": {
      "mean": 6.68,
      "stddev": 2.996108587262262,
      "min": 6.0,
      "max": 21.0,
      "median": 6.0,
      "count": 25
    }
  },
  "checkpoints_solved": 0,
  "checkpoints_iso_solved": 0,
  "checkpoints_core_solved": 4,
  "problem_solved": 0.0,
  "problem_partial": 0.0,
  "pct_checkpoints_solved": 0.0,
  "pct_checkpoints_iso_solved": 0.0,
  "pct_problems_solved": 0.0,
  "pct_problems_partial": 0.0,
  "pct_checkpoints_core_solved": 2.73972602739726,
  "pass_rates": {
    "problem": {
      "core": 0.11024940084070518,
      "total": 0.16097715684771038,
      "error": 0.25296507936507934,
      "functionality": 0.13381636653857748,
      "regression": 0.08388642917554796
    },
    "checkpoint": {
      "core": 0.2620460709945038,
      "total": 0.3009736976659873,
      "error": 0.433625730994152,
      "functionality": 0.27483438162568075,
      "regression": 0.48370287598447853
    }
  },
  "cc": {
    "high_count": {
      "mean": 3.697674418604651,
      "stddev": 4.606077164339935,
      "min": 0.0,
      "max": 14.0,
      "median": 2.0,
      "count": 43
    },
    "high_mean": {
      "mean": 14.991166520817684,
      "stddev": 15.602724417682259,
      "min": 0.0,
      "max": 52.0,
      "median": 17.0,
      "count": 43
    },
    "max": {
      "mean": 32.674418604651166,
      "stddev": 37.97914272850332,
      "min": 0.0,
      "max": 107.0,
      "median": 21.0,
      "count": 43
    }
  },
  "ratios": {
    "rubric": {
      "mean": null,
      "stddev": null,
      "min": null,
      "max": null,
      "median": null,
      "count": 0
    },
    "lint": {
      "mean": 0.18443505791827985,
      "stddev": 0.044277191718413,
      "min": 0.10179640718562874,
      "max": 0.256198347107438,
      "median": 0.19034786869181775,
      "count": 23
    },
    "violation_pct": {
      "mean": 0.0,
      "stddev": 0.0,
      "min": 0.0,
      "max": 0.0,
      "median": 0.0,
      "count": 23
    }
  },
  "verbosity": {
    "mean": null,
    "stddev": null,
    "min": null,
    "max": null,
    "median": null,
    "count": 0
  },
  "erosion": {
    "mean": null,
    "stddev": null,
    "min": null,
    "max": null,
    "median": null,
    "count": 0
  }
}