{
  "ast_grep": {
    "category_counts": {},
    "category_weighted": {},
    "counts": {},
    "rules_checked": 355,
    "violation_lines": 0,
    "violations": 0,
    "weighted": 0
  },
  "classes": {
    "attribute_counts_mean": 2.56,
    "attribute_counts_sum": 64,
    "count": 25,
    "method_counts_mean": 1.12,
    "method_counts_sum": 28
  },
  "complexity": {
    "cc_max": 61,
    "cc_ratings": {
      "A": 64,
      "B": 4,
      "C": 3,
      "D": 3,
      "E": 0,
      "F": 1
    },
    "cc_sum": 285,
    "mi_min": 10.148389510551938,
    "mi_ratings": {
      "A": 0,
      "B": 1,
      "C": 0
    },
    "mi_sum": 10.148389510551938,
    "num_complex": 7
  },
  "file_count": 1,
  "functions": {
    "cc_concentration": 0.6122099861007163,
    "cc_extreme_count": 0,
    "cc_high_count": 5,
    "cc_max": 27,
    "cc_mean": 4.23404255319149,
    "cc_normalized": 0.04872296812882415,
    "cc_std": 6.407240354058181,
    "cc_sum": 199,
    "cc_top20": 0.7336683417085427,
    "count": 47,
    "depth_max": 4,
    "extreme_cc_mean": 0.0,
    "high_cc_mean": 20.6,
    "lines_mean": 17.574468085106382,
    "lines_sum": 826
  },
  "graph": {
    "cyclic_dependency_mass": 0.0,
    "dependency_entropy": 0.08319409940200473,
    "edge_count": 38,
    "node_count": 46,
    "propagation_cost": 0.0323671497584541
  },
  "lines": {
    "comments": 89,
    "loc": 742,
    "multi_comment": 3,
    "single_comment": 95,
    "total_lines": 1017
  },
  "lint": {
    "counts": {
      "A001": 1,
      "B904": 1,
      "C420": 2,
      "C901": 5,
      "DOC201": 11,
      "DOC501": 15,
      "EM101": 6,
      "EM102": 10,
      "ERA001": 1,
      "EXE001": 1,
      "F541": 2,
      "F821": 1,
      "F841": 1,
      "FBT001": 4,
      "FURB101": 1,
      "PLR0911": 1,
      "PLR0912": 4,
      "PLR0913": 4,
      "PLR0915": 2,
      "PLR0917": 4,
      "PLR1714": 1,
      "PLR6201": 3,
      "PLW1514": 1,
      "PTH123": 1,
      "RET505": 1,
      "RET506": 1,
      "RET508": 1,
      "RUF005": 1,
      "RUF059": 1,
      "S105": 5,
      "TRY003": 16,
      "TRY300": 2,
      "UP015": 1,
      "UP045": 50
    },
    "errors": 162,
    "fixable": 60
  },
  "redundancy": {
    "clone_lines": 130,
    "clone_ratio_sum": 0.1752021563342318,
    "cloned_sloc_lines": 130,
    "files_with_clones": 1
  },
  "source_files": [],
  "symbols": {
    "classes": 25,
    "expressions": 1355,
    "expressions_top_level": 33,
    "functions": 19,
    "globals": 3,
    "imports": 6,
    "max_imports": 6,
    "methods": 28,
    "statements": 273,
    "total": 75,
    "type_aliases": 0,
    "variables": 3
  },
  "verbosity_flagged_sloc_lines": 130,
  "waste": {
    "single_use_functions": 14,
    "trivial_wrappers": 0,
    "unused_variables": 31
  }
}