{
  "model": "glm-5-kimi",
  "thinking": "none",
  "prompt": "just-solve",
  "agent_type": "claude_code",
  "agent_version": "2.0.51",
  "num_problems": 4,
  "num_checkpoints": 18,
  "expected_checkpoints": 18,
  "costs": {
    "checkpoint": {
      "mean": 6.380147844444444,
      "stddev": 5.154474354769806,
      "min": 0.055188,
      "max": 18.980418,
      "median": 6.5419814999999994,
      "count": 18
    },
    "problem": {
      "mean": 28.7106653,
      "stddev": 6.45015092535475,
      "min": 19.798494200000004,
      "max": 35.220027,
      "median": 29.912069999999993,
      "count": 4
    },
    "total": 114.8426612
  },
  "time": {
    "checkpoint": {
      "mean": 2155.8125778333333,
      "stddev": 1974.6753073420014,
      "min": 21.629317,
      "max": 7139.971749,
      "median": 1747.174775,
      "count": 18
    },
    "problem": {
      "mean": 9701.15660025,
      "stddev": 1953.5059197654334,
      "min": 6922.054976,
      "max": 11488.826930000001,
      "median": 10196.8722475,
      "count": 4
    }
  },
  "tokens": {
    "input": 36120495,
    "output": 203833,
    "cache_read": 0,
    "cache_write": 0,
    "reasoning": 0,
    "problem": {
      "input": 9030123.75,
      "output": 50958.25,
      "cache_read": 0.0,
      "cache_write": 0.0,
      "reasoning": 0.0
    },
    "checkpoint": {
      "input": 2006694.1666666667,
      "output": 11324.055555555555,
      "cache_read": 0.0,
      "cache_write": 0.0,
      "reasoning": 0.0
    }
  },
  "steps": {
    "checkpoint": {
      "mean": 44.22222222222222,
      "stddev": 26.327251717688572,
      "min": 1.0,
      "max": 97.0,
      "median": 48.5,
      "count": 18
    },
    "problem": {
      "mean": 199.0,
      "stddev": 33.095820481343765,
      "min": 164.0,
      "max": 237.0,
      "median": 197.5,
      "count": 4
    }
  },
  "checkpoints_solved": 0,
  "checkpoints_iso_solved": 1,
  "checkpoints_core_solved": 10,
  "problem_solved": 0.0,
  "problem_partial": 0.0,
  "pct_checkpoints_solved": 0.0,
  "pct_checkpoints_iso_solved": 5.555555555555555,
  "pct_problems_solved": 0.0,
  "pct_problems_partial": 0.0,
  "pct_checkpoints_core_solved": 55.55555555555556,
  "pass_rates": {
    "problem": {
      "core": 0.5313492063492063,
      "total": 0.4937492766503432,
      "error": 0.39626623376623377,
      "functionality": 0.48410191728206436,
      "regression": 0.43458930963843495
    },
    "checkpoint": {
      "core": 0.6265432098765432,
      "total": 0.5984408718766993,
      "error": 0.7973484848484849,
      "functionality": 0.5909342314366824,
      "regression": 0.5963655019412499
    }
  },
  "cc": {
    "high_count": {
      "mean": 4.277777777777778,
      "stddev": 3.139980433726141,
      "min": 0.0,
      "max": 11.0,
      "median": 3.5,
      "count": 18
    },
    "high_mean": {
      "mean": 17.609030784030786,
      "stddev": 8.992103250923433,
      "min": 0.0,
      "max": 46.0,
      "median": 15.333333333333334,
      "count": 18
    },
    "max": {
      "mean": 29.666666666666668,
      "stddev": 16.956692241257016,
      "min": 10.0,
      "max": 57.0,
      "median": 20.0,
      "count": 18
    }
  },
  "ratios": {
    "rubric": {
      "mean": null,
      "stddev": null,
      "min": null,
      "max": null,
      "median": null,
      "count": 0
    },
    "lint": {
      "mean": 0.14128665311061334,
      "stddev": 0.03574752750976205,
      "min": 0.08247422680412371,
      "max": 0.19652722967640096,
      "median": 0.14606905320679614,
      "count": 18
    },
    "violation_pct": {
      "mean": 0.0,
      "stddev": 0.0,
      "min": 0.0,
      "max": 0.0,
      "median": 0.0,
      "count": 18
    }
  },
  "verbosity": {
    "mean": null,
    "stddev": null,
    "min": null,
    "max": null,
    "median": null,
    "count": 0
  },
  "erosion": {
    "mean": null,
    "stddev": null,
    "min": null,
    "max": null,
    "median": null,
    "count": 0
  }
}