{
  "ast_grep": {
    "category_counts": {},
    "category_weighted": {},
    "counts": {},
    "rules_checked": 355,
    "violation_lines": 0,
    "violations": 0,
    "weighted": 0
  },
  "classes": {
    "attribute_counts_mean": 2.3529411764705883,
    "attribute_counts_sum": 160,
    "count": 68,
    "method_counts_mean": 0.8235294117647058,
    "method_counts_sum": 56
  },
  "complexity": {
    "cc_max": 77,
    "cc_ratings": {
      "A": 120,
      "B": 14,
      "C": 22,
      "D": 7,
      "E": 5,
      "F": 9
    },
    "cc_sum": 1447,
    "mi_min": 0.0,
    "mi_ratings": {
      "A": 0,
      "B": 0,
      "C": 3
    },
    "mi_sum": 8.117693522711022,
    "num_complex": 43
  },
  "file_count": 3,
  "functions": {
    "cc_concentration": 0.59253628085079,
    "cc_extreme_count": 9,
    "cc_high_count": 37,
    "cc_max": 77,
    "cc_mean": 10.657407407407407,
    "cc_normalized": 0.015720978640791385,
    "cc_std": 13.886833700487356,
    "cc_sum": 1151,
    "cc_top20": 0.6220677671589921,
    "count": 108,
    "depth_max": 7,
    "extreme_cc_mean": 46.0,
    "high_cc_mean": 24.864864864864863,
    "lines_mean": 38.19444444444444,
    "lines_sum": 4125
  },
  "graph": {
    "cyclic_dependency_mass": 0.0,
    "dependency_entropy": 0.0,
    "edge_count": 0,
    "node_count": 0,
    "propagation_cost": 0.0
  },
  "lines": {
    "comments": 334,
    "loc": 3276,
    "multi_comment": 24,
    "single_comment": 358,
    "total_lines": 4328
  },
  "lint": {
    "counts": {
      "ARG001": 14,
      "ARG002": 2,
      "B904": 3,
      "C901": 36,
      "DOC201": 49,
      "DOC501": 58,
      "EM101": 3,
      "EM102": 102,
      "ERA001": 7,
      "EXE001": 3,
      "F401": 3,
      "F821": 2,
      "F841": 7,
      "FBT001": 15,
      "FBT002": 3,
      "FURB101": 3,
      "FURB118": 13,
      "FURB142": 3,
      "FURB156": 2,
      "PLC0415": 1,
      "PLR0911": 14,
      "PLR0912": 24,
      "PLR0913": 3,
      "PLR0914": 2,
      "PLR0915": 17,
      "PLR0917": 3,
      "PLR1702": 8,
      "PLR1714": 2,
      "PLR2004": 3,
      "PLR6201": 41,
      "PLW1514": 3,
      "PTH123": 3,
      "RET504": 2,
      "RET505": 23,
      "RET507": 4,
      "RET508": 3,
      "RUF005": 3,
      "RUF012": 3,
      "RUF013": 6,
      "RUF034": 2,
      "SIM108": 2,
      "SIM114": 8,
      "TRY003": 105,
      "UP015": 3,
      "UP045": 18
    },
    "errors": 634,
    "fixable": 73
  },
  "redundancy": {
    "clone_lines": 540,
    "clone_ratio_sum": 0.5273788090048869,
    "cloned_sloc_lines": 540,
    "files_with_clones": 3
  },
  "source_files": null,
  "symbols": {
    "classes": 68,
    "expressions": 6746,
    "expressions_top_level": 60,
    "functions": 52,
    "globals": 1,
    "imports": 21,
    "max_imports": 7,
    "methods": 56,
    "statements": 1438,
    "total": 177,
    "type_aliases": 0,
    "variables": 1
  },
  "verbosity_flagged_sloc_lines": 540,
  "waste": {
    "single_use_functions": 34,
    "trivial_wrappers": 0,
    "unused_variables": 26
  }
}