{
  "ast_grep": {
    "category_counts": {},
    "category_weighted": {},
    "counts": {},
    "rules_checked": 355,
    "violation_lines": 0,
    "violations": 0,
    "weighted": 0
  },
  "classes": {
    "attribute_counts_mean": 3.5,
    "attribute_counts_sum": 84,
    "count": 24,
    "method_counts_mean": 2.8333333333333335,
    "method_counts_sum": 68
  },
  "complexity": {
    "cc_max": 58,
    "cc_ratings": {
      "A": 102,
      "B": 7,
      "C": 12,
      "D": 3,
      "E": 1,
      "F": 4
    },
    "cc_sum": 655,
    "mi_min": 0.0,
    "mi_ratings": {
      "A": 0,
      "B": 0,
      "C": 1
    },
    "mi_sum": 0.0,
    "num_complex": 20
  },
  "file_count": 1,
  "functions": {
    "cc_concentration": 0.6146476698483998,
    "cc_extreme_count": 3,
    "cc_high_count": 18,
    "cc_max": 47,
    "cc_mean": 5.269230769230769,
    "cc_normalized": 0.022757521569081843,
    "cc_std": 8.106369028117024,
    "cc_sum": 548,
    "cc_top20": 0.6897810218978102,
    "count": 104,
    "depth_max": 6,
    "extreme_cc_mean": 39.666666666666664,
    "high_cc_mean": 19.5,
    "lines_mean": 16.557692307692307,
    "lines_sum": 1722
  },
  "graph": {
    "cyclic_dependency_mass": 0.13076923076923078,
    "dependency_entropy": 0.22748748649994568,
    "edge_count": 125,
    "node_count": 101,
    "propagation_cost": 0.041782178217821785
  },
  "lines": {
    "comments": 186,
    "loc": 1431,
    "multi_comment": 17,
    "single_comment": 211,
    "total_lines": 2013
  },
  "lint": {
    "counts": {
      "ANN401": 12,
      "ARG001": 4,
      "ARG002": 1,
      "B007": 6,
      "B905": 1,
      "BLE001": 1,
      "C901": 14,
      "DOC201": 32,
      "DOC501": 2,
      "E721": 2,
      "EM101": 1,
      "EM102": 7,
      "ERA001": 1,
      "EXE001": 1,
      "F541": 2,
      "F841": 1,
      "FBT001": 1,
      "FBT002": 1,
      "FBT003": 2,
      "FURB103": 1,
      "FURB140": 1,
      "PERF102": 2,
      "PERF403": 4,
      "PLR0911": 6,
      "PLR0912": 11,
      "PLR0913": 1,
      "PLR0915": 2,
      "PLR0917": 1,
      "PLR1702": 5,
      "PLR2004": 3,
      "PLR6201": 4,
      "PLW1514": 2,
      "PLW2901": 1,
      "PTH123": 2,
      "RET505": 5,
      "RUF010": 4,
      "RUF015": 3,
      "RUF034": 1,
      "SIM110": 4,
      "SIM118": 1,
      "TRY003": 8,
      "UP015": 1,
      "UP045": 12
    },
    "errors": 177,
    "fixable": 28
  },
  "redundancy": {
    "clone_lines": 457,
    "clone_ratio_sum": 0.28232005590496156,
    "cloned_sloc_lines": 397,
    "files_with_clones": 1
  },
  "source_files": [],
  "symbols": {
    "classes": 24,
    "expressions": 3131,
    "expressions_top_level": 28,
    "functions": 36,
    "globals": 1,
    "imports": 5,
    "max_imports": 5,
    "methods": 68,
    "statements": 764,
    "total": 129,
    "type_aliases": 0,
    "variables": 1
  },
  "verbosity_flagged_sloc_lines": 397,
  "waste": {
    "single_use_functions": 19,
    "trivial_wrappers": 0,
    "unused_variables": 17
  }
}