{
  "ast_grep": {
    "category_counts": {},
    "category_weighted": {},
    "counts": {},
    "rules_checked": 355,
    "violation_lines": 0,
    "violations": 0,
    "weighted": 0
  },
  "classes": {
    "attribute_counts_mean": 2.4193548387096775,
    "attribute_counts_sum": 75,
    "count": 31,
    "method_counts_mean": 1.096774193548387,
    "method_counts_sum": 34
  },
  "complexity": {
    "cc_max": 67,
    "cc_ratings": {
      "A": 86,
      "B": 7,
      "C": 5,
      "D": 5,
      "E": 1,
      "F": 3
    },
    "cc_sum": 567,
    "mi_min": 0.0,
    "mi_ratings": {
      "A": 0,
      "B": 0,
      "C": 1
    },
    "mi_sum": 0.0,
    "num_complex": 14
  },
  "file_count": 1,
  "functions": {
    "cc_concentration": 0.658603133526483,
    "cc_extreme_count": 3,
    "cc_high_count": 12,
    "cc_max": 67,
    "cc_mean": 6.671232876712328,
    "cc_normalized": 0.03862904136337848,
    "cc_std": 11.202746184307454,
    "cc_sum": 487,
    "cc_top20": 0.7268993839835729,
    "count": 73,
    "depth_max": 4,
    "extreme_cc_mean": 47.666666666666664,
    "high_cc_mean": 27.083333333333332,
    "lines_mean": 25.52054794520548,
    "lines_sum": 1863
  },
  "graph": {
    "cyclic_dependency_mass": 0.0,
    "dependency_entropy": 0.09735828355599137,
    "edge_count": 65,
    "node_count": 69,
    "propagation_cost": 0.030903665814151746
  },
  "lines": {
    "comments": 197,
    "loc": 1503,
    "multi_comment": 10,
    "single_comment": 199,
    "total_lines": 2043
  },
  "lint": {
    "counts": {
      "A001": 4,
      "A002": 4,
      "B007": 1,
      "B904": 5,
      "B905": 2,
      "C420": 3,
      "C901": 11,
      "DOC201": 28,
      "DOC501": 36,
      "EM101": 29,
      "EM102": 39,
      "ERA001": 2,
      "EXE001": 1,
      "F541": 3,
      "F841": 4,
      "FBT001": 4,
      "FURB101": 1,
      "FURB116": 1,
      "PLR0911": 2,
      "PLR0912": 9,
      "PLR0913": 5,
      "PLR0914": 3,
      "PLR0915": 7,
      "PLR0917": 5,
      "PLR1714": 2,
      "PLR2004": 2,
      "PLR6201": 8,
      "PLW1514": 1,
      "PLW2901": 2,
      "PTH123": 1,
      "RET505": 5,
      "RET506": 3,
      "RET508": 2,
      "RSE102": 1,
      "RUF005": 3,
      "RUF059": 1,
      "S105": 8,
      "SIM102": 3,
      "SIM108": 1,
      "TRY003": 62,
      "TRY300": 2,
      "UP015": 1,
      "UP045": 65
    },
    "errors": 382,
    "fixable": 85
  },
  "redundancy": {
    "clone_lines": 362,
    "clone_ratio_sum": 0.23486360612109114,
    "cloned_sloc_lines": 349,
    "files_with_clones": 1
  },
  "source_files": [],
  "symbols": {
    "classes": 31,
    "expressions": 2233,
    "expressions_top_level": 51,
    "functions": 39,
    "globals": 3,
    "imports": 6,
    "max_imports": 6,
    "methods": 34,
    "statements": 609,
    "total": 107,
    "type_aliases": 0,
    "variables": 3
  },
  "verbosity_flagged_sloc_lines": 349,
  "waste": {
    "single_use_functions": 26,
    "trivial_wrappers": 0,
    "unused_variables": 39
  }
}