{
  "ast_grep": {
    "category_counts": {},
    "category_weighted": {},
    "counts": {},
    "rules_checked": 355,
    "violation_lines": 0,
    "violations": 0,
    "weighted": 0
  },
  "classes": {
    "attribute_counts_mean": 5.25,
    "attribute_counts_sum": 21,
    "count": 4,
    "method_counts_mean": 3.75,
    "method_counts_sum": 15
  },
  "complexity": {
    "cc_max": 68,
    "cc_ratings": {
      "A": 17,
      "B": 6,
      "C": 3,
      "D": 1,
      "E": 0,
      "F": 1
    },
    "cc_sum": 216,
    "mi_min": 7.713991312376067,
    "mi_ratings": {
      "A": 4,
      "B": 0,
      "C": 1
    },
    "mi_sum": 407.71399131237604,
    "num_complex": 5
  },
  "file_count": 5,
  "functions": {
    "cc_concentration": 0.47474747474747475,
    "cc_extreme_count": 0,
    "cc_high_count": 3,
    "cc_max": 21,
    "cc_mean": 6.285714285714286,
    "cc_normalized": 0.04268250688705234,
    "cc_std": 5.950990313744907,
    "cc_sum": 132,
    "cc_top20": 0.5681818181818182,
    "count": 21,
    "depth_max": 6,
    "extreme_cc_mean": 0.0,
    "high_cc_mean": 18.666666666666668,
    "lines_mean": 23.047619047619047,
    "lines_sum": 484
  },
  "graph": {
    "cyclic_dependency_mass": 0.0,
    "dependency_entropy": 0.20622609652918364,
    "edge_count": 14,
    "node_count": 19,
    "propagation_cost": 0.07602339181286549
  },
  "lines": {
    "comments": 8,
    "loc": 457,
    "multi_comment": 0,
    "single_comment": 9,
    "total_lines": 570
  },
  "lint": {
    "counts": {
      "ARG002": 7,
      "B007": 2,
      "B904": 1,
      "BLE001": 1,
      "C901": 3,
      "EM101": 3,
      "EM102": 8,
      "ERA001": 1,
      "EXE001": 1,
      "F821": 5,
      "FIX002": 2,
      "FURB101": 1,
      "FURB148": 1,
      "INP001": 4,
      "N806": 1,
      "PLR0911": 2,
      "PLR0912": 3,
      "PLR0914": 1,
      "PLR1702": 1,
      "PLR6201": 7,
      "PLR6301": 4,
      "PLW2901": 1,
      "PTH112": 1,
      "PTH113": 1,
      "PTH118": 1,
      "PTH122": 1,
      "PTH123": 2,
      "RUF012": 1,
      "RUF021": 1,
      "RUF059": 1,
      "TD002": 2,
      "TD003": 2,
      "TRY003": 11,
      "TRY004": 3,
      "UP015": 2
    },
    "errors": 89,
    "fixable": 8
  },
  "redundancy": {
    "clone_lines": 6,
    "clone_ratio_sum": 0.013303769401330377,
    "cloned_sloc_lines": 6,
    "files_with_clones": 5
  },
  "source_files": [],
  "symbols": {
    "classes": 4,
    "expressions": 1049,
    "expressions_top_level": 8,
    "functions": 6,
    "globals": 3,
    "imports": 7,
    "max_imports": 7,
    "methods": 15,
    "statements": 263,
    "total": 28,
    "type_aliases": 0,
    "variables": 3
  },
  "verbosity_flagged_sloc_lines": 6,
  "waste": {
    "single_use_functions": 6,
    "trivial_wrappers": 0,
    "unused_variables": 6
  }
}