{
  "ast_grep": {
    "category_counts": {},
    "category_weighted": {},
    "counts": {},
    "rules_checked": 355,
    "violation_lines": 0,
    "violations": 0,
    "weighted": 0
  },
  "classes": {
    "attribute_counts_mean": 7.0,
    "attribute_counts_sum": 35,
    "count": 5,
    "method_counts_mean": 8.2,
    "method_counts_sum": 41
  },
  "complexity": {
    "cc_max": 47,
    "cc_ratings": {
      "A": 62,
      "B": 8,
      "C": 7,
      "D": 2,
      "E": 3,
      "F": 3
    },
    "cc_sum": 553,
    "mi_min": 6.046815499743543,
    "mi_ratings": {
      "A": 4,
      "B": 0,
      "C": 1
    },
    "mi_sum": 166.25322188807635,
    "num_complex": 15
  },
  "file_count": 5,
  "functions": {
    "cc_concentration": 0.6362936740033862,
    "cc_extreme_count": 4,
    "cc_high_count": 11,
    "cc_max": 47,
    "cc_mean": 6.095890410958904,
    "cc_normalized": 0.036026034872140164,
    "cc_std": 9.885686037512414,
    "cc_sum": 445,
    "cc_top20": 0.7078651685393258,
    "count": 73,
    "depth_max": 6,
    "extreme_cc_mean": 40.5,
    "high_cc_mean": 25.90909090909091,
    "lines_mean": 27.726027397260275,
    "lines_sum": 2024
  },
  "graph": {
    "cyclic_dependency_mass": 0.0,
    "dependency_entropy": 0.16852952004499833,
    "edge_count": 37,
    "node_count": 58,
    "propagation_cost": 0.014216575922565033
  },
  "lines": {
    "comments": 175,
    "loc": 1625,
    "multi_comment": 72,
    "single_comment": 229,
    "total_lines": 2338
  },
  "lint": {
    "counts": {
      "B007": 1,
      "BLE001": 8,
      "C901": 8,
      "DOC201": 45,
      "DOC501": 4,
      "E722": 1,
      "EM101": 5,
      "EM102": 6,
      "EXE001": 4,
      "F401": 8,
      "F541": 3,
      "F841": 7,
      "FBT001": 2,
      "FBT002": 1,
      "FBT003": 4,
      "FURB118": 5,
      "INP001": 1,
      "N806": 9,
      "PERF203": 8,
      "PLR0911": 4,
      "PLR0912": 7,
      "PLR0914": 5,
      "PLR0915": 5,
      "PLR1702": 1,
      "PLR1714": 1,
      "PLR1722": 1,
      "PLR1730": 1,
      "PLR2004": 15,
      "PLR6201": 3,
      "PLR6301": 4,
      "PLW0602": 3,
      "PLW0603": 3,
      "PT028": 2,
      "RET504": 1,
      "RET505": 2,
      "RUF010": 8,
      "RUF012": 5,
      "RUF013": 5,
      "RUF015": 2,
      "RUF059": 1,
      "S101": 17,
      "S113": 13,
      "SIM102": 3,
      "TRY003": 11,
      "TRY300": 2,
      "UP006": 24,
      "UP035": 3,
      "UP045": 15
    },
    "errors": 297,
    "fixable": 65
  },
  "redundancy": {
    "clone_lines": 211,
    "clone_ratio_sum": 0.48983828169323446,
    "cloned_sloc_lines": 210,
    "files_with_clones": 5
  },
  "source_files": [
    "sde_loader.py",
    "reprocess.py"
  ],
  "symbols": {
    "classes": 5,
    "expressions": 2484,
    "expressions_top_level": 121,
    "functions": 32,
    "globals": 7,
    "imports": 37,
    "max_imports": 11,
    "methods": 41,
    "statements": 553,
    "total": 85,
    "type_aliases": 0,
    "variables": 7
  },
  "verbosity_flagged_sloc_lines": 210,
  "waste": {
    "single_use_functions": 24,
    "trivial_wrappers": 0,
    "unused_variables": 53
  }
}