{
  "ast_grep": {
    "category_counts": {},
    "category_weighted": {},
    "counts": {},
    "rules_checked": 355,
    "violation_lines": 0,
    "violations": 0,
    "weighted": 0
  },
  "classes": {
    "attribute_counts_mean": 2.5280898876404496,
    "attribute_counts_sum": 225,
    "count": 89,
    "method_counts_mean": 3.6179775280898876,
    "method_counts_sum": 322
  },
  "complexity": {
    "cc_max": 367,
    "cc_ratings": {
      "A": 372,
      "B": 55,
      "C": 24,
      "D": 13,
      "E": 3,
      "F": 6
    },
    "cc_sum": 2601,
    "mi_min": 0.0,
    "mi_ratings": {
      "A": 17,
      "B": 0,
      "C": 3
    },
    "mi_sum": 1067.0212631806432,
    "num_complex": 46
  },
  "file_count": 20,
  "functions": {
    "cc_concentration": 0.5482704035292592,
    "cc_extreme_count": 2,
    "cc_high_count": 33,
    "cc_max": 46,
    "cc_mean": 4.291553133514986,
    "cc_normalized": 0.004711574814098884,
    "cc_std": 5.643266652405082,
    "cc_sum": 1575,
    "cc_top20": 0.6019047619047619,
    "count": 367,
    "depth_max": 5,
    "extreme_cc_mean": 39.5,
    "high_cc_mean": 19.12121212121212,
    "lines_mean": 14.741144414168938,
    "lines_sum": 5410
  },
  "graph": {
    "cyclic_dependency_mass": 0.0,
    "dependency_entropy": 0.15635977698556927,
    "edge_count": 17,
    "node_count": 19,
    "propagation_cost": 0.09064327485380116
  },
  "lines": {
    "comments": 786,
    "loc": 4867,
    "multi_comment": 161,
    "single_comment": 786,
    "total_lines": 6768
  },
  "lint": {
    "counts": {
      "ARG001": 4,
      "ARG002": 8,
      "B007": 2,
      "B028": 1,
      "B904": 9,
      "C420": 1,
      "C901": 21,
      "DOC201": 34,
      "DOC402": 4,
      "DOC501": 7,
      "E713": 6,
      "EM101": 65,
      "EM102": 18,
      "ERA001": 58,
      "EXE001": 1,
      "F401": 1,
      "F403": 37,
      "F405": 378,
      "F841": 3,
      "FBT002": 46,
      "FBT003": 36,
      "FIX002": 2,
      "FIX003": 1,
      "FURB118": 3,
      "FURB156": 3,
      "FURB166": 2,
      "FURB167": 6,
      "FURB171": 1,
      "ISC002": 2,
      "N803": 23,
      "PERF401": 8,
      "PERF403": 1,
      "PIE810": 1,
      "PLC1901": 4,
      "PLR0124": 1,
      "PLR0904": 3,
      "PLR0911": 2,
      "PLR0912": 17,
      "PLR0913": 16,
      "PLR0914": 2,
      "PLR0915": 4,
      "PLR0916": 3,
      "PLR0917": 16,
      "PLR1711": 1,
      "PLR1714": 3,
      "PLR1730": 3,
      "PLR2004": 7,
      "PLR5501": 6,
      "PLR6201": 5,
      "PLR6301": 14,
      "PLW1514": 1,
      "PTH123": 1,
      "Q001": 6,
      "Q003": 3,
      "Q004": 9,
      "RET501": 1,
      "RET502": 8,
      "RET503": 13,
      "RET504": 2,
      "RET505": 25,
      "RET506": 3,
      "RUF005": 1,
      "RUF012": 13,
      "RUF013": 11,
      "RUF021": 1,
      "RUF022": 6,
      "RUF039": 1,
      "RUF059": 1,
      "S101": 2,
      "SIM102": 15,
      "SIM105": 1,
      "SIM108": 10,
      "SIM118": 1,
      "TD001": 1,
      "TD002": 3,
      "TD003": 3,
      "TD004": 1,
      "TRY003": 83,
      "UP004": 4,
      "UP008": 5,
      "UP015": 1,
      "UP025": 2,
      "UP031": 103
    },
    "errors": 1241,
    "fixable": 102
  },
  "redundancy": {
    "clone_lines": 930,
    "clone_ratio_sum": 4.666208432410235,
    "cloned_sloc_lines": 854,
    "files_with_clones": 20
  },
  "source_files": [],
  "symbols": {
    "classes": 89,
    "expressions": 11513,
    "expressions_top_level": 226,
    "functions": 45,
    "globals": 17,
    "imports": 58,
    "max_imports": 8,
    "methods": 322,
    "statements": 2453,
    "total": 473,
    "type_aliases": 0,
    "variables": 17
  },
  "verbosity_flagged_sloc_lines": 854,
  "waste": {
    "single_use_functions": 39,
    "trivial_wrappers": 0,
    "unused_variables": 199
  }
}