{
  "ast_grep": {
    "category_counts": {},
    "category_weighted": {},
    "counts": {},
    "rules_checked": 355,
    "violation_lines": 0,
    "violations": 0,
    "weighted": 0
  },
  "classes": {
    "attribute_counts_mean": 0.6666666666666666,
    "attribute_counts_sum": 2,
    "count": 3,
    "method_counts_mean": 13.666666666666666,
    "method_counts_sum": 41
  },
  "complexity": {
    "cc_max": 384,
    "cc_ratings": {
      "A": 41,
      "B": 20,
      "C": 8,
      "D": 1,
      "E": 1,
      "F": 4
    },
    "cc_sum": 1000,
    "mi_min": 0.0,
    "mi_ratings": {
      "A": 3,
      "B": 0,
      "C": 1
    },
    "mi_sum": 115.17119214148207,
    "num_complex": 14
  },
  "file_count": 4,
  "functions": {
    "cc_concentration": 0.5546987734487735,
    "cc_extreme_count": 4,
    "cc_high_count": 13,
    "cc_max": 65,
    "cc_mean": 8.555555555555555,
    "cc_normalized": 0.029220185338714698,
    "cc_std": 12.409547538469972,
    "cc_sum": 616,
    "cc_top20": 0.6071428571428571,
    "count": 72,
    "depth_max": 5,
    "extreme_cc_mean": 54.25,
    "high_cc_mean": 27.23076923076923,
    "lines_mean": 54.041666666666664,
    "lines_sum": 3891
  },
  "graph": {
    "cyclic_dependency_mass": 0.0,
    "dependency_entropy": 0.4721601143586387,
    "edge_count": 132,
    "node_count": 42,
    "propagation_cost": 0.13472706155632985
  },
  "lines": {
    "comments": 268,
    "loc": 3088,
    "multi_comment": 75,
    "single_comment": 318,
    "total_lines": 4082
  },
  "lint": {
    "counts": {
      "B011": 4,
      "B904": 15,
      "B905": 1,
      "BLE001": 16,
      "C420": 3,
      "C901": 6,
      "DOC201": 17,
      "DOC501": 21,
      "EM101": 87,
      "EM102": 79,
      "EXE001": 4,
      "F401": 2,
      "F541": 5,
      "F841": 7,
      "FBT001": 2,
      "FBT002": 1,
      "FBT003": 1,
      "FURB110": 1,
      "FURB118": 2,
      "PERF203": 3,
      "PERF401": 1,
      "PIE790": 2,
      "PLC0415": 1,
      "PLR0904": 1,
      "PLR0912": 5,
      "PLR0913": 1,
      "PLR0914": 4,
      "PLR0915": 5,
      "PLR0917": 1,
      "PLR2004": 9,
      "PLR6301": 5,
      "PLW1510": 4,
      "PLW1514": 5,
      "PLW2901": 8,
      "PT015": 4,
      "PTH108": 9,
      "PTH123": 2,
      "RET504": 5,
      "RET505": 1,
      "RET506": 1,
      "RUF005": 1,
      "RUF013": 2,
      "S101": 96,
      "S108": 44,
      "S110": 3,
      "S404": 3,
      "S603": 4,
      "S607": 3,
      "S608": 15,
      "SIM102": 1,
      "SIM105": 7,
      "SLF001": 14,
      "TRY003": 166,
      "TRY203": 1,
      "TRY301": 64,
      "UP015": 2
    },
    "errors": 777,
    "fixable": 39
  },
  "redundancy": {
    "clone_lines": 627,
    "clone_ratio_sum": 0.39539674636345884,
    "cloned_sloc_lines": 563,
    "files_with_clones": 4
  },
  "source_files": [],
  "symbols": {
    "classes": 3,
    "expressions": 4644,
    "expressions_top_level": 284,
    "functions": 31,
    "globals": 0,
    "imports": 21,
    "max_imports": 6,
    "methods": 41,
    "statements": 1115,
    "total": 75,
    "type_aliases": 0,
    "variables": 0
  },
  "verbosity_flagged_sloc_lines": 563,
  "waste": {
    "single_use_functions": 24,
    "trivial_wrappers": 0,
    "unused_variables": 5
  }
}