{
  "ast_grep": {
    "category_counts": {},
    "category_weighted": {},
    "counts": {},
    "rules_checked": 355,
    "violation_lines": 0,
    "violations": 0,
    "weighted": 0
  },
  "classes": {
    "attribute_counts_mean": 2.2758620689655173,
    "attribute_counts_sum": 66,
    "count": 29,
    "method_counts_mean": 10.89655172413793,
    "method_counts_sum": 316
  },
  "complexity": {
    "cc_max": 343,
    "cc_ratings": {
      "A": 236,
      "B": 88,
      "C": 26,
      "D": 25,
      "E": 2,
      "F": 6
    },
    "cc_sum": 2998,
    "mi_min": 0.0,
    "mi_ratings": {
      "A": 52,
      "B": 1,
      "C": 3
    },
    "mi_sum": 3597.4009504822534,
    "num_complex": 59
  },
  "file_count": 56,
  "functions": {
    "cc_concentration": 0.4776012056858061,
    "cc_extreme_count": 1,
    "cc_high_count": 30,
    "cc_max": 48,
    "cc_mean": 5.112462006079028,
    "cc_normalized": 0.0034422100354704298,
    "cc_std": 5.440599104433988,
    "cc_sum": 1682,
    "cc_top20": 0.5208085612366231,
    "count": 329,
    "depth_max": 6,
    "extreme_cc_mean": 48.0,
    "high_cc_mean": 18.1,
    "lines_mean": 20.316109422492403,
    "lines_sum": 6684
  },
  "graph": {
    "cyclic_dependency_mass": 0.0,
    "dependency_entropy": 0.1823688141954306,
    "edge_count": 118,
    "node_count": 125,
    "propagation_cost": 0.01967741935483871
  },
  "lines": {
    "comments": 132,
    "loc": 6291,
    "multi_comment": 151,
    "single_comment": 211,
    "total_lines": 7571
  },
  "lint": {
    "counts": {
      "ANN401": 22,
      "ARG002": 16,
      "B007": 13,
      "B023": 3,
      "B905": 1,
      "C401": 4,
      "C901": 18,
      "DOC201": 55,
      "DOC501": 2,
      "EM101": 1,
      "EM102": 1,
      "EXE001": 7,
      "F401": 39,
      "F541": 40,
      "F841": 8,
      "FBT001": 3,
      "FLY002": 1,
      "FURB101": 1,
      "FURB103": 5,
      "FURB113": 17,
      "FURB118": 2,
      "FURB148": 2,
      "FURB188": 1,
      "N803": 2,
      "N806": 2,
      "PERF102": 5,
      "PERF401": 1,
      "PIE808": 1,
      "PLC0415": 1,
      "PLC1901": 19,
      "PLR0911": 3,
      "PLR0912": 13,
      "PLR0913": 3,
      "PLR0914": 4,
      "PLR0915": 8,
      "PLR0917": 3,
      "PLR1702": 5,
      "PLR1714": 2,
      "PLR2004": 54,
      "PLR5501": 1,
      "PLR6201": 38,
      "PLR6301": 97,
      "PLW2901": 21,
      "PTH100": 24,
      "PTH123": 80,
      "RET504": 4,
      "RET505": 1,
      "RUF010": 3,
      "RUF015": 1,
      "RUF022": 1,
      "S324": 24,
      "SIM102": 3,
      "SIM103": 20,
      "TRY003": 1,
      "UP006": 347,
      "UP015": 51,
      "UP028": 3,
      "UP035": 82,
      "UP045": 120
    },
    "errors": 1310,
    "fixable": 691
  },
  "redundancy": {
    "clone_lines": 392,
    "clone_ratio_sum": 2.248477116177572,
    "cloned_sloc_lines": 392,
    "files_with_clones": 56
  },
  "source_files": [
    "generators/__init__.py",
    "generators/rust_gen.py",
    "generators/javascript_gen.py",
    "inference.py",
    "generators/cpp_gen.py",
    "generators/python_gen.py",
    "parsers.py",
    "base_generator.py"
  ],
  "symbols": {
    "classes": 29,
    "expressions": 12080,
    "expressions_top_level": 94,
    "functions": 13,
    "globals": 25,
    "imports": 186,
    "max_imports": 6,
    "methods": 316,
    "statements": 3256,
    "total": 383,
    "type_aliases": 0,
    "variables": 25
  },
  "verbosity_flagged_sloc_lines": 392,
  "waste": {
    "single_use_functions": 11,
    "trivial_wrappers": 0,
    "unused_variables": 54
  }
}