{
  "ast_grep": {
    "category_counts": {},
    "category_weighted": {},
    "counts": {},
    "rules_checked": 355,
    "violation_lines": 0,
    "violations": 0,
    "weighted": 0
  },
  "classes": {
    "attribute_counts_mean": 1.5,
    "attribute_counts_sum": 3,
    "count": 2,
    "method_counts_mean": 4.0,
    "method_counts_sum": 8
  },
  "complexity": {
    "cc_max": 15,
    "cc_ratings": {
      "A": 23,
      "B": 6,
      "C": 4,
      "D": 0,
      "E": 0,
      "F": 0
    },
    "cc_sum": 139,
    "mi_min": 22.309703252609502,
    "mi_ratings": {
      "A": 1,
      "B": 0,
      "C": 0
    },
    "mi_sum": 22.309703252609502,
    "num_complex": 4
  },
  "file_count": 1,
  "functions": {
    "cc_concentration": 0.47649880095923264,
    "cc_extreme_count": 0,
    "cc_high_count": 4,
    "cc_max": 15,
    "cc_mean": 4.633333333333334,
    "cc_normalized": 0.02789353731601669,
    "cc_std": 4.238439313720553,
    "cc_sum": 139,
    "cc_top20": 0.49640287769784175,
    "count": 30,
    "depth_max": 7,
    "extreme_cc_mean": 0.0,
    "high_cc_mean": 13.0,
    "lines_mean": 24.633333333333333,
    "lines_sum": 739
  },
  "graph": {
    "cyclic_dependency_mass": 0.0,
    "dependency_entropy": 0.17423305542554468,
    "edge_count": 24,
    "node_count": 28,
    "propagation_cost": 0.06349206349206349
  },
  "lines": {
    "comments": 62,
    "loc": 615,
    "multi_comment": 28,
    "single_comment": 75,
    "total_lines": 852
  },
  "lint": {
    "counts": {
      "ARG001": 6,
      "C401": 1,
      "C901": 3,
      "DOC201": 16,
      "DOC402": 4,
      "DOC501": 2,
      "DTZ007": 3,
      "E722": 1,
      "EM102": 3,
      "EXE001": 1,
      "F401": 3,
      "F841": 6,
      "FBT001": 5,
      "FURB110": 1,
      "PERF203": 4,
      "PERF401": 2,
      "PLR0911": 2,
      "PLR0912": 2,
      "PLR0913": 4,
      "PLR0917": 4,
      "PLR1702": 1,
      "PLR6201": 3,
      "PLW1641": 1,
      "PTH107": 2,
      "PTH123": 5,
      "PTH202": 1,
      "RET505": 4,
      "RUF005": 1,
      "RUF059": 1,
      "S110": 1,
      "SIM105": 4,
      "SIM115": 1,
      "SIM116": 1,
      "TRY003": 3,
      "TRY300": 4,
      "TRY301": 2,
      "UP006": 41,
      "UP015": 4,
      "UP035": 4,
      "UP045": 9
    },
    "errors": 166,
    "fixable": 75
  },
  "redundancy": {
    "clone_lines": 35,
    "clone_ratio_sum": 0.056910569105691054,
    "cloned_sloc_lines": 32,
    "files_with_clones": 1
  },
  "source_files": [],
  "symbols": {
    "classes": 2,
    "expressions": 390,
    "expressions_top_level": 14,
    "functions": 22,
    "globals": 1,
    "imports": 11,
    "max_imports": 11,
    "methods": 8,
    "statements": 172,
    "total": 33,
    "type_aliases": 0,
    "variables": 1
  },
  "verbosity_flagged_sloc_lines": 32,
  "waste": {
    "single_use_functions": 17,
    "trivial_wrappers": 0,
    "unused_variables": 7
  }
}