{
  "ast_grep": {
    "category_counts": {},
    "category_weighted": {},
    "counts": {},
    "rules_checked": 355,
    "violation_lines": 0,
    "violations": 0,
    "weighted": 0
  },
  "classes": {
    "attribute_counts_mean": 0.0,
    "attribute_counts_sum": 0,
    "count": 0,
    "method_counts_mean": 0.0,
    "method_counts_sum": 0
  },
  "complexity": {
    "cc_max": 39,
    "cc_ratings": {
      "A": 16,
      "B": 1,
      "C": 6,
      "D": 3,
      "E": 1,
      "F": 0
    },
    "cc_sum": 245,
    "mi_min": 0.4273586569842631,
    "mi_ratings": {
      "A": 0,
      "B": 0,
      "C": 1
    },
    "mi_sum": 0.4273586569842631,
    "num_complex": 10
  },
  "file_count": 1,
  "functions": {
    "cc_concentration": 0.5382653061224489,
    "cc_extreme_count": 1,
    "cc_high_count": 10,
    "cc_max": 39,
    "cc_mean": 10.208333333333334,
    "cc_normalized": 0.04498922550386614,
    "cc_std": 10.607541069269159,
    "cc_sum": 245,
    "cc_top20": 0.5387755102040817,
    "count": 24,
    "depth_max": 5,
    "extreme_cc_mean": 39.0,
    "high_cc_mean": 21.0,
    "lines_mean": 50.75,
    "lines_sum": 1218
  },
  "graph": {
    "cyclic_dependency_mass": 0.0,
    "dependency_entropy": 0.2770475815840506,
    "edge_count": 37,
    "node_count": 24,
    "propagation_cost": 0.1322463768115942
  },
  "lines": {
    "comments": 126,
    "loc": 898,
    "multi_comment": 33,
    "single_comment": 129,
    "total_lines": 1295
  },
  "lint": {
    "counts": {
      "ARG001": 15,
      "B007": 4,
      "BLE001": 2,
      "C401": 1,
      "C901": 8,
      "DOC201": 17,
      "DOC501": 1,
      "EM102": 1,
      "EXE001": 1,
      "F821": 3,
      "F841": 6,
      "FBT001": 4,
      "FBT002": 1,
      "FIX002": 1,
      "FURB118": 1,
      "PERF102": 3,
      "PERF203": 1,
      "PLR0912": 6,
      "PLR0913": 9,
      "PLR0914": 7,
      "PLR0915": 4,
      "PLR0916": 3,
      "PLR0917": 9,
      "PLR2004": 2,
      "PLW1514": 3,
      "PLW2901": 1,
      "PTH123": 4,
      "RUF031": 2,
      "RUF059": 20,
      "SIM102": 1,
      "SIM108": 4,
      "TD002": 1,
      "TD003": 1,
      "TRY003": 1,
      "UP006": 59,
      "UP015": 4,
      "UP035": 3,
      "UP045": 8
    },
    "errors": 222,
    "fixable": 77
  },
  "redundancy": {
    "clone_lines": 132,
    "clone_ratio_sum": 0.1447661469933185,
    "cloned_sloc_lines": 128,
    "files_with_clones": 1
  },
  "source_files": [],
  "symbols": {
    "classes": 0,
    "expressions": 973,
    "expressions_top_level": 38,
    "functions": 24,
    "globals": 3,
    "imports": 10,
    "max_imports": 10,
    "methods": 0,
    "statements": 215,
    "total": 27,
    "type_aliases": 0,
    "variables": 3
  },
  "verbosity_flagged_sloc_lines": 128,
  "waste": {
    "single_use_functions": 13,
    "trivial_wrappers": 0,
    "unused_variables": 30
  }
}