{
  "ast_grep": {
    "category_counts": {},
    "category_weighted": {},
    "counts": {},
    "rules_checked": 355,
    "violation_lines": 0,
    "violations": 0,
    "weighted": 0
  },
  "classes": {
    "attribute_counts_mean": 4.0588235294117645,
    "attribute_counts_sum": 69,
    "count": 17,
    "method_counts_mean": 0.8823529411764706,
    "method_counts_sum": 15
  },
  "complexity": {
    "cc_max": 40,
    "cc_ratings": {
      "A": 45,
      "B": 14,
      "C": 15,
      "D": 7,
      "E": 2,
      "F": 0
    },
    "cc_sum": 619,
    "mi_min": 0.0,
    "mi_ratings": {
      "A": 3,
      "B": 0,
      "C": 2
    },
    "mi_sum": 192.99612786288665,
    "num_complex": 24
  },
  "file_count": 5,
  "functions": {
    "cc_concentration": 0.4576980396652528,
    "cc_extreme_count": 1,
    "cc_high_count": 23,
    "cc_max": 36,
    "cc_mean": 9.37704918032787,
    "cc_normalized": 0.011709415293331376,
    "cc_std": 7.924989872603896,
    "cc_sum": 572,
    "cc_top20": 0.48776223776223776,
    "count": 61,
    "depth_max": 7,
    "extreme_cc_mean": 36.0,
    "high_cc_mean": 17.956521739130434,
    "lines_mean": 51.09836065573771,
    "lines_sum": 3117
  },
  "graph": {
    "cyclic_dependency_mass": 0.0,
    "dependency_entropy": 0.2574054762757116,
    "edge_count": 29,
    "node_count": 31,
    "propagation_cost": 0.05698924731182796
  },
  "lines": {
    "comments": 130,
    "loc": 2851,
    "multi_comment": 8,
    "single_comment": 147,
    "total_lines": 3513
  },
  "lint": {
    "counts": {
      "ANN401": 4,
      "ARG001": 21,
      "ARG002": 1,
      "B007": 12,
      "B905": 23,
      "BLE001": 1,
      "C901": 13,
      "DOC201": 12,
      "EM102": 4,
      "EXE001": 3,
      "F401": 6,
      "F541": 1,
      "F821": 137,
      "F841": 9,
      "FURB113": 7,
      "FURB118": 2,
      "PERF203": 4,
      "PERF401": 2,
      "PLC1901": 3,
      "PLR0911": 3,
      "PLR0912": 9,
      "PLR0913": 5,
      "PLR0914": 3,
      "PLR0915": 3,
      "PLR0917": 5,
      "PLR1702": 4,
      "PLR1714": 1,
      "PLR2004": 18,
      "PLR6201": 1,
      "PLR6301": 1,
      "PLW1514": 2,
      "PLW2901": 3,
      "PTH110": 1,
      "PTH118": 1,
      "PTH123": 14,
      "Q001": 6,
      "RET505": 2,
      "RUF010": 6,
      "RUF013": 1,
      "RUF015": 2,
      "RUF027": 1,
      "RUF051": 1,
      "S324": 1,
      "SIM108": 3,
      "SIM118": 8,
      "TRY003": 4,
      "UP006": 93,
      "UP015": 13,
      "UP032": 1,
      "UP035": 7,
      "UP045": 26
    },
    "errors": 514,
    "fixable": 170
  },
  "redundancy": {
    "clone_lines": 338,
    "clone_ratio_sum": 0.5395647816539182,
    "cloned_sloc_lines": 337,
    "files_with_clones": 5
  },
  "source_files": [],
  "symbols": {
    "classes": 17,
    "expressions": 2159,
    "expressions_top_level": 38,
    "functions": 46,
    "globals": 5,
    "imports": 29,
    "max_imports": 11,
    "methods": 15,
    "statements": 664,
    "total": 83,
    "type_aliases": 0,
    "variables": 5
  },
  "verbosity_flagged_sloc_lines": 337,
  "waste": {
    "single_use_functions": 38,
    "trivial_wrappers": 0,
    "unused_variables": 25
  }
}