{
  "model": "pangu",
  "thinking": "none",
  "prompt": "just-solve",
  "agent_type": "claude_code",
  "agent_version": "2.0.51",
  "num_problems": 20,
  "num_checkpoints": 76,
  "expected_checkpoints": 103,
  "costs": {
    "checkpoint": {
      "mean": 3.9874921184210526,
      "stddev": 3.2912207323218214,
      "min": 0.0,
      "max": 12.301851000000003,
      "median": 3.4400910000000002,
      "count": 76
    },
    "problem": {
      "mean": 15.15247005,
      "stddev": 8.646697606492772,
      "min": 0.0,
      "max": 32.271893999999996,
      "median": 12.7685025,
      "count": 20
    },
    "total": 303.049401
  },
  "time": {
    "checkpoint": {
      "mean": 2569.786639881579,
      "stddev": 1472.2307032337849,
      "min": 104.371895,
      "max": 6716.476734,
      "median": 2678.3655360000002,
      "count": 76
    },
    "problem": {
      "mean": 9765.18923155,
      "stddev": 4231.959368797866,
      "min": 3629.470342,
      "max": 18279.709497,
      "median": 8657.247308499998,
      "count": 20
    }
  },
  "tokens": {
    "input": 95738391,
    "output": 1065886,
    "cache_read": 0,
    "cache_write": 0,
    "reasoning": 0,
    "problem": {
      "input": 4786919.55,
      "output": 53294.3,
      "cache_read": 0.0,
      "cache_write": 0.0,
      "reasoning": 0.0
    },
    "checkpoint": {
      "input": 1259715.6710526317,
      "output": 14024.815789473685,
      "cache_read": 0.0,
      "cache_write": 0.0,
      "reasoning": 0.0
    }
  },
  "steps": {
    "checkpoint": {
      "mean": 1.118421052631579,
      "stddev": 2.3830910194571975,
      "min": 0.0,
      "max": 14.0,
      "median": 0.0,
      "count": 76
    },
    "problem": {
      "mean": 4.25,
      "stddev": 3.6110211414793083,
      "min": 0.0,
      "max": 15.0,
      "median": 4.0,
      "count": 20
    }
  },
  "checkpoints_solved": 3,
  "checkpoints_iso_solved": 4,
  "checkpoints_core_solved": 14,
  "problem_solved": 0.0,
  "problem_partial": 2.0,
  "pct_checkpoints_solved": 2.912621359223301,
  "pct_checkpoints_iso_solved": 3.8834951456310676,
  "pct_problems_solved": 0.0,
  "pct_problems_partial": 10.0,
  "pct_checkpoints_core_solved": 13.592233009708737,
  "pass_rates": {
    "problem": {
      "core": 0.24339667277167276,
      "total": 0.3140348763709592,
      "error": 0.33739963223051456,
      "functionality": 0.250186856345598,
      "regression": 0.32778923079600536
    },
    "checkpoint": {
      "core": 0.2508534959192854,
      "total": 0.31471475875711824,
      "error": 0.4412244153750239,
      "functionality": 0.24791477657917385,
      "regression": 0.3519572466455323
    }
  },
  "cc": {
    "high_count": {
      "mean": 6.618421052631579,
      "stddev": 5.754921616061989,
      "min": 0.0,
      "max": 34.0,
      "median": 6.0,
      "count": 76
    },
    "high_mean": {
      "mean": 20.389199855656898,
      "stddev": 7.744711481019083,
      "min": 0.0,
      "max": 49.666666666666664,
      "median": 19.0,
      "count": 76
    },
    "max": {
      "mean": 36.21052631578947,
      "stddev": 19.489700383859972,
      "min": 8.0,
      "max": 114.0,
      "median": 29.0,
      "count": 76
    }
  },
  "ratios": {
    "rubric": {
      "mean": null,
      "stddev": null,
      "min": null,
      "max": null,
      "median": null,
      "count": 0
    },
    "lint": {
      "mean": 0.15578509110486857,
      "stddev": 0.05992546471834504,
      "min": 0.04827586206896552,
      "max": 0.3078721745908028,
      "median": 0.1448845143932726,
      "count": 76
    },
    "violation_pct": {
      "mean": 0.0,
      "stddev": 0.0,
      "min": 0.0,
      "max": 0.0,
      "median": 0.0,
      "count": 76
    }
  },
  "verbosity": {
    "mean": null,
    "stddev": null,
    "min": null,
    "max": null,
    "median": null,
    "count": 0
  },
  "erosion": {
    "mean": null,
    "stddev": null,
    "min": null,
    "max": null,
    "median": null,
    "count": 0
  }
}