{
  "ast_grep": {
    "category_counts": {},
    "category_weighted": {},
    "counts": {},
    "rules_checked": 355,
    "violation_lines": 0,
    "violations": 0,
    "weighted": 0
  },
  "classes": {
    "attribute_counts_mean": 4.48936170212766,
    "attribute_counts_sum": 211,
    "count": 47,
    "method_counts_mean": 2.5319148936170213,
    "method_counts_sum": 119
  },
  "complexity": {
    "cc_max": 194,
    "cc_ratings": {
      "A": 130,
      "B": 19,
      "C": 19,
      "D": 1,
      "E": 1,
      "F": 4
    },
    "cc_sum": 1222,
    "mi_min": 0.0,
    "mi_ratings": {
      "A": 4,
      "B": 1,
      "C": 2
    },
    "mi_sum": 334.22846339913343,
    "num_complex": 25
  },
  "file_count": 7,
  "functions": {
    "cc_concentration": 0.48058629620908877,
    "cc_extreme_count": 1,
    "cc_high_count": 20,
    "cc_max": 39,
    "cc_mean": 5.524193548387097,
    "cc_normalized": 0.008544429991159093,
    "cc_std": 5.6861888156116756,
    "cc_sum": 685,
    "cc_top20": 0.5299270072992701,
    "count": 124,
    "depth_max": 7,
    "extreme_cc_mean": 39.0,
    "high_cc_mean": 15.7,
    "lines_mean": 19.93548387096774,
    "lines_sum": 2472
  },
  "graph": {
    "cyclic_dependency_mass": 0.0,
    "dependency_entropy": 0.0,
    "edge_count": 0,
    "node_count": 0,
    "propagation_cost": 0.0
  },
  "lines": {
    "comments": 165,
    "loc": 2393,
    "multi_comment": 24,
    "single_comment": 245,
    "total_lines": 3166
  },
  "lint": {
    "counts": {
      "ANN401": 26,
      "ARG002": 2,
      "B904": 8,
      "BLE001": 9,
      "C420": 1,
      "C901": 14,
      "DOC201": 85,
      "DOC501": 24,
      "EM101": 10,
      "EM102": 38,
      "EXE001": 1,
      "F401": 2,
      "FBT001": 3,
      "FBT003": 4,
      "FURB101": 5,
      "FURB103": 1,
      "FURB110": 7,
      "FURB113": 2,
      "FURB118": 6,
      "N801": 1,
      "N818": 4,
      "PERF203": 2,
      "PLR0904": 2,
      "PLR0911": 8,
      "PLR0912": 6,
      "PLR0913": 1,
      "PLR0914": 1,
      "PLR0915": 2,
      "PLR0917": 1,
      "PLR1702": 1,
      "PLR1714": 1,
      "PLR6201": 9,
      "PLR6301": 9,
      "PLW1510": 1,
      "PLW1514": 5,
      "PLW2901": 1,
      "PTH100": 4,
      "PTH103": 8,
      "PTH107": 1,
      "PTH109": 1,
      "PTH110": 5,
      "PTH112": 3,
      "PTH113": 5,
      "PTH117": 5,
      "PTH118": 15,
      "PTH120": 4,
      "PTH123": 10,
      "PTH207": 1,
      "PTH208": 3,
      "RET505": 8,
      "RSE102": 2,
      "RUF010": 1,
      "RUF013": 9,
      "S404": 1,
      "S603": 1,
      "S607": 1,
      "SIM102": 1,
      "SIM103": 2,
      "SIM114": 7,
      "SIM115": 1,
      "SIM910": 1,
      "TRY003": 48,
      "TRY300": 4,
      "UP006": 77,
      "UP007": 1,
      "UP015": 3,
      "UP024": 1,
      "UP035": 12,
      "UP045": 43
    },
    "errors": 592,
    "fixable": 187
  },
  "redundancy": {
    "clone_lines": 124,
    "clone_ratio_sum": 0.1702354801938462,
    "cloned_sloc_lines": 112,
    "files_with_clones": 7
  },
  "source_files": null,
  "symbols": {
    "classes": 47,
    "expressions": 6774,
    "expressions_top_level": 94,
    "functions": 5,
    "globals": 3,
    "imports": 34,
    "max_imports": 16,
    "methods": 119,
    "statements": 1408,
    "total": 174,
    "type_aliases": 0,
    "variables": 3
  },
  "verbosity_flagged_sloc_lines": 112,
  "waste": {
    "single_use_functions": 5,
    "trivial_wrappers": 0,
    "unused_variables": 53
  }
}