{
  "ast_grep": {
    "category_counts": {},
    "category_weighted": {},
    "counts": {},
    "rules_checked": 355,
    "violation_lines": 0,
    "violations": 0,
    "weighted": 0
  },
  "classes": {
    "attribute_counts_mean": 2.3333333333333335,
    "attribute_counts_sum": 7,
    "count": 3,
    "method_counts_mean": 10.333333333333334,
    "method_counts_sum": 31
  },
  "complexity": {
    "cc_max": 61,
    "cc_ratings": {
      "A": 35,
      "B": 11,
      "C": 7,
      "D": 1,
      "E": 0,
      "F": 2
    },
    "cc_sum": 379,
    "mi_min": 20.338067974024852,
    "mi_ratings": {
      "A": 5,
      "B": 0,
      "C": 0
    },
    "mi_sum": 183.97241932908952,
    "num_complex": 10
  },
  "file_count": 5,
  "functions": {
    "cc_concentration": 0.5121843805049912,
    "cc_extreme_count": 0,
    "cc_high_count": 7,
    "cc_max": 23,
    "cc_mean": 5.038461538461538,
    "cc_normalized": 0.020556185879747856,
    "cc_std": 5.209198269055887,
    "cc_sum": 262,
    "cc_top20": 0.5648854961832062,
    "count": 52,
    "depth_max": 6,
    "extreme_cc_mean": 0.0,
    "high_cc_mean": 16.0,
    "lines_mean": 14.173076923076923,
    "lines_sum": 737
  },
  "graph": {
    "cyclic_dependency_mass": 0.0,
    "dependency_entropy": 0.0,
    "edge_count": 0,
    "node_count": 0,
    "propagation_cost": 0.0
  },
  "lines": {
    "comments": 15,
    "loc": 636,
    "multi_comment": 0,
    "single_comment": 40,
    "total_lines": 851
  },
  "lint": {
    "counts": {
      "ARG002": 3,
      "B007": 4,
      "BLE001": 5,
      "C901": 5,
      "DOC201": 16,
      "DOC501": 2,
      "E722": 1,
      "EM101": 5,
      "EM102": 5,
      "EXE001": 1,
      "F401": 1,
      "FBT001": 2,
      "INP001": 4,
      "PD015": 2,
      "PERF203": 3,
      "PLC0415": 1,
      "PLR0912": 4,
      "PLR1702": 1,
      "PLR2004": 1,
      "PLR6201": 4,
      "PLR6301": 10,
      "PLW1514": 1,
      "PLW2901": 1,
      "PTH112": 1,
      "PTH123": 1,
      "PTH207": 1,
      "RET507": 5,
      "RUF005": 1,
      "RUF012": 2,
      "S307": 1,
      "SIM102": 1,
      "TRY003": 10,
      "TRY300": 1,
      "UP006": 34,
      "UP015": 1,
      "UP035": 9,
      "UP045": 16
    },
    "errors": 166,
    "fixable": 59
  },
  "redundancy": {
    "clone_lines": 46,
    "clone_ratio_sum": 0.2756756756756757,
    "cloned_sloc_lines": 44,
    "files_with_clones": 5
  },
  "source_files": null,
  "symbols": {
    "classes": 3,
    "expressions": 1555,
    "expressions_top_level": 6,
    "functions": 21,
    "globals": 1,
    "imports": 27,
    "max_imports": 7,
    "methods": 31,
    "statements": 378,
    "total": 56,
    "type_aliases": 0,
    "variables": 1
  },
  "verbosity_flagged_sloc_lines": 44,
  "waste": {
    "single_use_functions": 19,
    "trivial_wrappers": 0,
    "unused_variables": 8
  }
}