{
  "ast_grep": {
    "category_counts": {},
    "category_weighted": {},
    "counts": {},
    "rules_checked": 355,
    "violation_lines": 0,
    "violations": 0,
    "weighted": 0
  },
  "classes": {
    "attribute_counts_mean": 2.3684210526315788,
    "attribute_counts_sum": 45,
    "count": 19,
    "method_counts_mean": 0.7894736842105263,
    "method_counts_sum": 15
  },
  "complexity": {
    "cc_max": 41,
    "cc_ratings": {
      "A": 34,
      "B": 6,
      "C": 6,
      "D": 1,
      "E": 1,
      "F": 1
    },
    "cc_sum": 288,
    "mi_min": 8.798119010779269,
    "mi_ratings": {
      "A": 0,
      "B": 0,
      "C": 1
    },
    "mi_sum": 8.798119010779269,
    "num_complex": 9
  },
  "file_count": 1,
  "functions": {
    "cc_concentration": 0.5178571428571429,
    "cc_extreme_count": 1,
    "cc_high_count": 7,
    "cc_max": 32,
    "cc_mean": 7.724137931034483,
    "cc_normalized": 0.03888455493804664,
    "cc_std": 8.202336564854718,
    "cc_sum": 224,
    "cc_top20": 0.5803571428571429,
    "count": 29,
    "depth_max": 7,
    "extreme_cc_mean": 32.0,
    "high_cc_mean": 20.285714285714285,
    "lines_mean": 34.6551724137931,
    "lines_sum": 1005
  },
  "graph": {
    "cyclic_dependency_mass": 0.0,
    "dependency_entropy": 0.0,
    "edge_count": 0,
    "node_count": 0,
    "propagation_cost": 0.0
  },
  "lines": {
    "comments": 84,
    "loc": 842,
    "multi_comment": 16,
    "single_comment": 94,
    "total_lines": 1117
  },
  "lint": {
    "counts": {
      "ARG001": 4,
      "B904": 1,
      "C901": 6,
      "DOC201": 13,
      "DOC501": 14,
      "EM101": 1,
      "EM102": 22,
      "ERA001": 1,
      "EXE001": 1,
      "F401": 1,
      "F841": 1,
      "FBT001": 5,
      "FBT002": 1,
      "FURB101": 1,
      "FURB118": 5,
      "FURB142": 1,
      "PLC0415": 1,
      "PLR0911": 2,
      "PLR0912": 4,
      "PLR0913": 1,
      "PLR0915": 3,
      "PLR0917": 1,
      "PLR1702": 2,
      "PLR2004": 1,
      "PLR6201": 5,
      "PLW1514": 1,
      "PTH123": 1,
      "RET505": 3,
      "RET508": 1,
      "RUF005": 1,
      "RUF012": 1,
      "RUF013": 2,
      "TRY003": 23,
      "UP015": 1,
      "UP045": 6
    },
    "errors": 138,
    "fixable": 15
  },
  "redundancy": {
    "clone_lines": 236,
    "clone_ratio_sum": 0.28028503562945367,
    "cloned_sloc_lines": 236,
    "files_with_clones": 1
  },
  "source_files": null,
  "symbols": {
    "classes": 19,
    "expressions": 1424,
    "expressions_top_level": 17,
    "functions": 14,
    "globals": 1,
    "imports": 7,
    "max_imports": 7,
    "methods": 15,
    "statements": 306,
    "total": 49,
    "type_aliases": 0,
    "variables": 1
  },
  "verbosity_flagged_sloc_lines": 236,
  "waste": {
    "single_use_functions": 10,
    "trivial_wrappers": 0,
    "unused_variables": 8
  }
}