{
  "ast_grep": {
    "category_counts": {},
    "category_weighted": {},
    "counts": {},
    "rules_checked": 355,
    "violation_lines": 0,
    "violations": 0,
    "weighted": 0
  },
  "classes": {
    "attribute_counts_mean": 3.2857142857142856,
    "attribute_counts_sum": 23,
    "count": 7,
    "method_counts_mean": 1.5714285714285714,
    "method_counts_sum": 11
  },
  "complexity": {
    "cc_max": 65,
    "cc_ratings": {
      "A": 27,
      "B": 6,
      "C": 4,
      "D": 0,
      "E": 1,
      "F": 3
    },
    "cc_sum": 323,
    "mi_min": 9.675621236053173,
    "mi_ratings": {
      "A": 0,
      "B": 1,
      "C": 0
    },
    "mi_sum": 9.675621236053173,
    "num_complex": 8
  },
  "file_count": 1,
  "functions": {
    "cc_concentration": 0.6556284153005465,
    "cc_extreme_count": 4,
    "cc_high_count": 7,
    "cc_max": 65,
    "cc_mean": 10.166666666666666,
    "cc_normalized": 0.08055861883624164,
    "cc_std": 15.80502611749543,
    "cc_sum": 305,
    "cc_top20": 0.7213114754098361,
    "count": 30,
    "depth_max": 5,
    "extreme_cc_mean": 46.75,
    "high_cc_mean": 33.142857142857146,
    "lines_mean": 34.56666666666667,
    "lines_sum": 1037
  },
  "graph": {
    "cyclic_dependency_mass": 0.0,
    "dependency_entropy": 0.04166666666666666,
    "edge_count": 9,
    "node_count": 24,
    "propagation_cost": 0.021739130434782608
  },
  "lines": {
    "comments": 80,
    "loc": 773,
    "multi_comment": 8,
    "single_comment": 89,
    "total_lines": 991
  },
  "lint": {
    "counts": {
      "ANN401": 1,
      "ARG001": 5,
      "B904": 2,
      "BLE001": 1,
      "C901": 6,
      "DOC201": 15,
      "DOC501": 27,
      "E714": 1,
      "E721": 1,
      "E741": 1,
      "EM101": 41,
      "EM102": 10,
      "EXE001": 1,
      "F401": 1,
      "F841": 1,
      "FURB110": 1,
      "PERF403": 1,
      "PLR0911": 2,
      "PLR0912": 4,
      "PLR0914": 1,
      "PLR0915": 3,
      "PLR6201": 4,
      "RET504": 4,
      "RET506": 1,
      "RUF013": 2,
      "SIM102": 3,
      "TRY003": 43,
      "TRY203": 1
    },
    "errors": 184,
    "fixable": 5
  },
  "redundancy": {
    "clone_lines": 129,
    "clone_ratio_sum": 0.16688227684346701,
    "cloned_sloc_lines": 129,
    "files_with_clones": 1
  },
  "source_files": [],
  "symbols": {
    "classes": 7,
    "expressions": 1084,
    "expressions_top_level": 10,
    "functions": 19,
    "globals": 4,
    "imports": 7,
    "max_imports": 7,
    "methods": 11,
    "statements": 428,
    "total": 41,
    "type_aliases": 0,
    "variables": 4
  },
  "verbosity_flagged_sloc_lines": 129,
  "waste": {
    "single_use_functions": 17,
    "trivial_wrappers": 0,
    "unused_variables": 8
  }
}