{
  "ast_grep": {
    "category_counts": {},
    "category_weighted": {},
    "counts": {},
    "rules_checked": 355,
    "violation_lines": 0,
    "violations": 0,
    "weighted": 0
  },
  "classes": {
    "attribute_counts_mean": 1.0,
    "attribute_counts_sum": 2,
    "count": 2,
    "method_counts_mean": 13.5,
    "method_counts_sum": 27
  },
  "complexity": {
    "cc_max": 175,
    "cc_ratings": {
      "A": 33,
      "B": 13,
      "C": 1,
      "D": 1,
      "E": 0,
      "F": 2
    },
    "cc_sum": 466,
    "mi_min": 4.73192812160441,
    "mi_ratings": {
      "A": 2,
      "B": 0,
      "C": 1
    },
    "mi_sum": 86.50286217448584,
    "num_complex": 4
  },
  "file_count": 3,
  "functions": {
    "cc_concentration": 0.4893327605956472,
    "cc_extreme_count": 1,
    "cc_high_count": 3,
    "cc_max": 55,
    "cc_mean": 6.0625,
    "cc_normalized": 0.0400499295604254,
    "cc_std": 8.405687664098814,
    "cc_sum": 291,
    "cc_top20": 0.5360824742268041,
    "count": 48,
    "depth_max": 4,
    "extreme_cc_mean": 55.0,
    "high_cc_mean": 32.0,
    "lines_mean": 45.520833333333336,
    "lines_sum": 2185
  },
  "graph": {
    "cyclic_dependency_mass": 0.0,
    "dependency_entropy": 0.461197380301555,
    "edge_count": 74,
    "node_count": 28,
    "propagation_cost": 0.14814814814814814
  },
  "lines": {
    "comments": 184,
    "loc": 1723,
    "multi_comment": 0,
    "single_comment": 227,
    "total_lines": 2325
  },
  "lint": {
    "counts": {
      "ARG002": 1,
      "B011": 4,
      "B904": 13,
      "B905": 1,
      "BLE001": 13,
      "C901": 2,
      "DOC201": 13,
      "DOC501": 15,
      "EM101": 42,
      "EM102": 50,
      "EXE001": 3,
      "F401": 1,
      "F541": 1,
      "F841": 5,
      "FBT001": 1,
      "FBT003": 1,
      "FURB110": 1,
      "PERF203": 2,
      "PIE790": 1,
      "PLC0415": 1,
      "PLR0904": 1,
      "PLR0912": 2,
      "PLR0913": 1,
      "PLR0914": 2,
      "PLR0915": 2,
      "PLR0917": 1,
      "PLR2004": 3,
      "PLR6301": 1,
      "PLW1510": 2,
      "PLW1514": 3,
      "PT015": 4,
      "PTH108": 6,
      "PTH123": 1,
      "RET504": 2,
      "RET505": 1,
      "S101": 44,
      "S108": 32,
      "S110": 2,
      "S404": 2,
      "S603": 2,
      "S607": 2,
      "S608": 14,
      "SIM105": 4,
      "SLF001": 12,
      "TRY003": 92,
      "TRY301": 33,
      "UP015": 1
    },
    "errors": 443,
    "fixable": 15
  },
  "redundancy": {
    "clone_lines": 211,
    "clone_ratio_sum": 0.2503870286224681,
    "cloned_sloc_lines": 170,
    "files_with_clones": 3
  },
  "source_files": [],
  "symbols": {
    "classes": 2,
    "expressions": 2324,
    "expressions_top_level": 207,
    "functions": 21,
    "globals": 0,
    "imports": 15,
    "max_imports": 5,
    "methods": 27,
    "statements": 564,
    "total": 50,
    "type_aliases": 0,
    "variables": 0
  },
  "verbosity_flagged_sloc_lines": 170,
  "waste": {
    "single_use_functions": 17,
    "trivial_wrappers": 0,
    "unused_variables": 6
  }
}