{
  "ast_grep": {
    "category_counts": {},
    "category_weighted": {},
    "counts": {},
    "rules_checked": 355,
    "violation_lines": 0,
    "violations": 0,
    "weighted": 0
  },
  "classes": {
    "attribute_counts_mean": 0.14285714285714285,
    "attribute_counts_sum": 1,
    "count": 7,
    "method_counts_mean": 2.2857142857142856,
    "method_counts_sum": 16
  },
  "complexity": {
    "cc_max": 53,
    "cc_ratings": {
      "A": 28,
      "B": 4,
      "C": 2,
      "D": 4,
      "E": 2,
      "F": 2
    },
    "cc_sum": 351,
    "mi_min": 14.082773521141997,
    "mi_ratings": {
      "A": 1,
      "B": 1,
      "C": 0
    },
    "mi_sum": 77.16660223136783,
    "num_complex": 10
  },
  "file_count": 2,
  "functions": {
    "cc_concentration": 0.6565079365079365,
    "cc_extreme_count": 2,
    "cc_high_count": 6,
    "cc_max": 43,
    "cc_mean": 7.56,
    "cc_normalized": 0.09092923863646966,
    "cc_std": 11.398391699416779,
    "cc_sum": 189,
    "cc_top20": 0.7248677248677249,
    "count": 25,
    "depth_max": 6,
    "extreme_cc_mean": 37.5,
    "high_cc_mean": 24.666666666666668,
    "lines_mean": 28.16,
    "lines_sum": 704
  },
  "graph": {
    "cyclic_dependency_mass": 0.0,
    "dependency_entropy": 0.058823529411764705,
    "edge_count": 6,
    "node_count": 17,
    "propagation_cost": 0.029411764705882353
  },
  "lines": {
    "comments": 68,
    "loc": 571,
    "multi_comment": 6,
    "single_comment": 78,
    "total_lines": 831
  },
  "lint": {
    "counts": {
      "ARG002": 2,
      "B007": 10,
      "B904": 2,
      "BLE001": 8,
      "C901": 2,
      "DOC201": 13,
      "DOC501": 2,
      "EM102": 2,
      "EXE001": 2,
      "F401": 4,
      "F841": 2,
      "FBT001": 2,
      "FURB118": 3,
      "N803": 4,
      "PERF102": 9,
      "PERF203": 1,
      "PLC0415": 2,
      "PLR0911": 2,
      "PLR0912": 2,
      "PLR0914": 2,
      "PLR0915": 1,
      "PLR1702": 1,
      "PLR1722": 1,
      "PLR6201": 1,
      "PLR6301": 11,
      "PLW0603": 1,
      "PTH110": 2,
      "PTH112": 1,
      "PTH118": 2,
      "S113": 10,
      "TRY003": 2,
      "TRY300": 2,
      "UP006": 12,
      "UP035": 3,
      "UP045": 4
    },
    "errors": 130,
    "fixable": 23
  },
  "redundancy": {
    "clone_lines": 102,
    "clone_ratio_sum": 0.18947368421052632,
    "cloned_sloc_lines": 88,
    "files_with_clones": 2
  },
  "source_files": [],
  "symbols": {
    "classes": 7,
    "expressions": 1157,
    "expressions_top_level": 43,
    "functions": 9,
    "globals": 10,
    "imports": 17,
    "max_imports": 12,
    "methods": 16,
    "statements": 274,
    "total": 42,
    "type_aliases": 0,
    "variables": 10
  },
  "verbosity_flagged_sloc_lines": 88,
  "waste": {
    "single_use_functions": 9,
    "trivial_wrappers": 0,
    "unused_variables": 15
  }
}