{
  "model": "glm-5-kimi",
  "thinking": "none",
  "prompt": "just-solve",
  "agent_type": "claude_code",
  "agent_version": "2.0.51",
  "num_problems": 1,
  "num_checkpoints": 4,
  "expected_checkpoints": 5,
  "costs": {
    "checkpoint": {
      "mean": 7.608358049999997,
      "stddev": 5.529251395800685,
      "min": 0.022386000000000003,
      "max": 13.249711199999995,
      "median": 8.580667499999997,
      "count": 4
    },
    "problem": {
      "mean": 30.433432199999988,
      "stddev": null,
      "min": 30.433432199999988,
      "max": 30.433432199999988,
      "median": 30.433432199999988,
      "count": 1
    },
    "total": 30.433432199999988
  },
  "time": {
    "checkpoint": {
      "mean": 2032.86878575,
      "stddev": 306.76618419582564,
      "min": 1606.75307,
      "max": 2332.555744,
      "median": 2096.0831645,
      "count": 4
    },
    "problem": {
      "mean": 8131.475143,
      "stddev": null,
      "min": 8131.475143,
      "max": 8131.475143,
      "median": 8131.475143,
      "count": 1
    }
  },
  "tokens": {
    "input": 9434152,
    "output": 32092,
    "cache_read": 1645248,
    "cache_write": 0,
    "reasoning": 0,
    "problem": {
      "input": 9434152.0,
      "output": 32092.0,
      "cache_read": 1645248.0,
      "cache_write": 0.0,
      "reasoning": 0.0
    },
    "checkpoint": {
      "input": 2358538.0,
      "output": 8023.0,
      "cache_read": 411312.0,
      "cache_write": 0.0,
      "reasoning": 0.0
    }
  },
  "steps": {
    "checkpoint": {
      "mean": 74.25,
      "stddev": 7.22841614740048,
      "min": 70.0,
      "max": 85.0,
      "median": 71.0,
      "count": 4
    },
    "problem": {
      "mean": 297.0,
      "stddev": null,
      "min": 297.0,
      "max": 297.0,
      "median": 297.0,
      "count": 1
    }
  },
  "checkpoints_solved": 0,
  "checkpoints_iso_solved": 0,
  "checkpoints_core_solved": 4,
  "problem_solved": 0.0,
  "problem_partial": 0.0,
  "pct_checkpoints_solved": 0.0,
  "pct_checkpoints_iso_solved": 0.0,
  "pct_problems_solved": 0.0,
  "pct_problems_partial": 0.0,
  "pct_checkpoints_core_solved": 80.0,
  "pass_rates": {
    "problem": {
      "core": 1.0,
      "total": 0.9385548705270391,
      "error": 0.9432692307692307,
      "functionality": 0.8909874847374848,
      "regression": 0.9396759217297602
    },
    "checkpoint": {
      "core": 1.0,
      "total": 0.9385548705270391,
      "error": 0.9432692307692307,
      "functionality": 0.8909874847374848,
      "regression": 0.9396759217297602
    }
  },
  "cc": {
    "high_count": {
      "mean": 5.75,
      "stddev": 2.5,
      "min": 3.0,
      "max": 9.0,
      "median": 5.5,
      "count": 4
    },
    "high_mean": {
      "mean": 37.12777777777778,
      "stddev": 2.4527384544475863,
      "min": 34.44444444444444,
      "max": 40.333333333333336,
      "median": 36.86666666666667,
      "count": 4
    },
    "max": {
      "mean": 68.75,
      "stddev": 16.879474715365603,
      "min": 52.0,
      "max": 90.0,
      "median": 66.5,
      "count": 4
    }
  },
  "ratios": {
    "rubric": {
      "mean": null,
      "stddev": null,
      "min": null,
      "max": null,
      "median": null,
      "count": 0
    },
    "lint": {
      "mean": 0.13424831089019784,
      "stddev": 0.006217578534328256,
      "min": 0.12695434646654158,
      "max": 0.1411229135053111,
      "median": 0.13445799179446935,
      "count": 4
    },
    "violation_pct": {
      "mean": 0.0,
      "stddev": 0.0,
      "min": 0.0,
      "max": 0.0,
      "median": 0.0,
      "count": 4
    }
  },
  "verbosity": {
    "mean": null,
    "stddev": null,
    "min": null,
    "max": null,
    "median": null,
    "count": 0
  },
  "erosion": {
    "mean": null,
    "stddev": null,
    "min": null,
    "max": null,
    "median": null,
    "count": 0
  }
}