{
  "ast_grep": {
    "category_counts": {},
    "category_weighted": {},
    "counts": {},
    "rules_checked": 355,
    "violation_lines": 0,
    "violations": 0,
    "weighted": 0
  },
  "classes": {
    "attribute_counts_mean": 10.5,
    "attribute_counts_sum": 21,
    "count": 2,
    "method_counts_mean": 19.5,
    "method_counts_sum": 39
  },
  "complexity": {
    "cc_max": 259,
    "cc_ratings": {
      "A": 25,
      "B": 6,
      "C": 7,
      "D": 1,
      "E": 0,
      "F": 3
    },
    "cc_sum": 602,
    "mi_min": 0.0,
    "mi_ratings": {
      "A": 0,
      "B": 0,
      "C": 1
    },
    "mi_sum": 0.0,
    "num_complex": 11
  },
  "file_count": 1,
  "functions": {
    "cc_concentration": 0.5678571428571428,
    "cc_extreme_count": 2,
    "cc_high_count": 9,
    "cc_max": 43,
    "cc_mean": 8.225,
    "cc_normalized": 0.038953673888680033,
    "cc_std": 10.266918495079981,
    "cc_sum": 329,
    "cc_top20": 0.6231003039513677,
    "count": 40,
    "depth_max": 7,
    "extreme_cc_mean": 42.0,
    "high_cc_mean": 24.11111111111111,
    "lines_mean": 44.4,
    "lines_sum": 1776
  },
  "graph": {
    "cyclic_dependency_mass": 0.0,
    "dependency_entropy": 0.24450926701075856,
    "edge_count": 56,
    "node_count": 40,
    "propagation_cost": 0.05448717948717949
  },
  "lines": {
    "comments": 251,
    "loc": 1292,
    "multi_comment": 42,
    "single_comment": 265,
    "total_lines": 1878
  },
  "lint": {
    "counts": {
      "ARG002": 1,
      "B007": 5,
      "B904": 2,
      "C901": 8,
      "DOC201": 30,
      "DOC501": 4,
      "EM102": 27,
      "ERA001": 1,
      "EXE001": 1,
      "F541": 3,
      "F821": 1,
      "F841": 7,
      "FBT001": 2,
      "FBT002": 1,
      "FURB110": 1,
      "FURB113": 5,
      "FURB142": 1,
      "N806": 3,
      "PERF102": 1,
      "PERF401": 2,
      "PERF402": 1,
      "PIE808": 2,
      "PLR0904": 1,
      "PLR0912": 8,
      "PLR0913": 1,
      "PLR0914": 9,
      "PLR0915": 8,
      "PLR0917": 1,
      "PLR1702": 1,
      "PLR1730": 1,
      "PLR2004": 17,
      "PLR5501": 2,
      "PLR6104": 3,
      "PLR6201": 3,
      "PLR6301": 5,
      "PTH123": 4,
      "Q001": 1,
      "RET504": 1,
      "RET505": 1,
      "RET508": 2,
      "RUF012": 3,
      "RUF046": 2,
      "RUF059": 1,
      "SIM102": 2,
      "SIM108": 1,
      "SIM114": 4,
      "SIM300": 1,
      "TRY003": 27,
      "UP015": 2
    },
    "errors": 221,
    "fixable": 25
  },
  "redundancy": {
    "clone_lines": 295,
    "clone_ratio_sum": 0.19814241486068113,
    "cloned_sloc_lines": 248,
    "files_with_clones": 1
  },
  "source_files": [],
  "symbols": {
    "classes": 2,
    "expressions": 3087,
    "expressions_top_level": 32,
    "functions": 1,
    "globals": 0,
    "imports": 8,
    "max_imports": 8,
    "methods": 39,
    "statements": 657,
    "total": 42,
    "type_aliases": 0,
    "variables": 0
  },
  "verbosity_flagged_sloc_lines": 248,
  "waste": {
    "single_use_functions": 1,
    "trivial_wrappers": 0,
    "unused_variables": 27
  }
}