{
  "ast_grep": {
    "category_counts": {},
    "category_weighted": {},
    "counts": {},
    "rules_checked": 355,
    "violation_lines": 0,
    "violations": 0,
    "weighted": 0
  },
  "classes": {
    "attribute_counts_mean": 2.5,
    "attribute_counts_sum": 15,
    "count": 6,
    "method_counts_mean": 3.1666666666666665,
    "method_counts_sum": 19
  },
  "complexity": {
    "cc_max": 16,
    "cc_ratings": {
      "A": 67,
      "B": 13,
      "C": 5,
      "D": 0,
      "E": 0,
      "F": 0
    },
    "cc_sum": 314,
    "mi_min": 20.15168175172971,
    "mi_ratings": {
      "A": 3,
      "B": 0,
      "C": 0
    },
    "mi_sum": 95.08567337878887,
    "num_complex": 5
  },
  "file_count": 3,
  "functions": {
    "cc_concentration": 0.34945887445887447,
    "cc_extreme_count": 0,
    "cc_high_count": 3,
    "cc_max": 16,
    "cc_mean": 4.242424242424242,
    "cc_normalized": 0.007824175824175826,
    "cc_std": 3.0486345294528983,
    "cc_sum": 280,
    "cc_top20": 0.42857142857142855,
    "count": 66,
    "depth_max": 4,
    "extreme_cc_mean": 0.0,
    "high_cc_mean": 15.0,
    "lines_mean": 14.863636363636363,
    "lines_sum": 981
  },
  "graph": {
    "cyclic_dependency_mass": 0.0,
    "dependency_entropy": 0.0,
    "edge_count": 0,
    "node_count": 0,
    "propagation_cost": 0.0
  },
  "lines": {
    "comments": 91,
    "loc": 938,
    "multi_comment": 29,
    "single_comment": 119,
    "total_lines": 1279
  },
  "lint": {
    "counts": {
      "ANN401": 1,
      "ARG002": 1,
      "B904": 2,
      "BLE001": 3,
      "C901": 3,
      "DOC201": 24,
      "DOC501": 4,
      "E712": 5,
      "E721": 1,
      "EM101": 16,
      "EM102": 5,
      "EXE001": 3,
      "F841": 4,
      "FBT001": 2,
      "FBT002": 2,
      "PERF203": 1,
      "PERF401": 1,
      "PERF402": 1,
      "PLC0207": 1,
      "PLC0415": 2,
      "PLR0911": 3,
      "PLR0912": 3,
      "PLR0913": 1,
      "PLR0917": 1,
      "PLR2004": 59,
      "PLW0602": 2,
      "PT018": 3,
      "RET505": 1,
      "RUF010": 2,
      "S101": 85,
      "S104": 3,
      "S113": 58,
      "S404": 2,
      "S603": 2,
      "S605": 2,
      "S607": 2,
      "SIM102": 1,
      "TRY003": 18,
      "TRY004": 6,
      "TRY300": 3,
      "UP006": 39,
      "UP035": 4,
      "UP045": 8
    },
    "errors": 390,
    "fixable": 51
  },
  "redundancy": {
    "clone_lines": 28,
    "clone_ratio_sum": 0.05313092979127135,
    "cloned_sloc_lines": 28,
    "files_with_clones": 3
  },
  "source_files": null,
  "symbols": {
    "classes": 6,
    "expressions": 1110,
    "expressions_top_level": 7,
    "functions": 47,
    "globals": 13,
    "imports": 17,
    "max_imports": 6,
    "methods": 19,
    "statements": 368,
    "total": 85,
    "type_aliases": 0,
    "variables": 13
  },
  "verbosity_flagged_sloc_lines": 28,
  "waste": {
    "single_use_functions": 42,
    "trivial_wrappers": 0,
    "unused_variables": 13
  }
}