{
  "ast_grep": {
    "category_counts": {},
    "category_weighted": {},
    "counts": {},
    "rules_checked": 355,
    "violation_lines": 0,
    "violations": 0,
    "weighted": 0
  },
  "classes": {
    "attribute_counts_mean": 5.333333333333333,
    "attribute_counts_sum": 96,
    "count": 18,
    "method_counts_mean": 2.6666666666666665,
    "method_counts_sum": 48
  },
  "complexity": {
    "cc_max": 35,
    "cc_ratings": {
      "A": 111,
      "B": 22,
      "C": 12,
      "D": 3,
      "E": 1,
      "F": 0
    },
    "cc_sum": 659,
    "mi_min": 0.0,
    "mi_ratings": {
      "A": 2,
      "B": 0,
      "C": 1
    },
    "mi_sum": 74.93399162705916,
    "num_complex": 16
  },
  "file_count": 3,
  "functions": {
    "cc_concentration": 0.4724130219481806,
    "cc_extreme_count": 1,
    "cc_high_count": 12,
    "cc_max": 35,
    "cc_mean": 4.902654867256637,
    "cc_normalized": 0.010308776901264749,
    "cc_std": 5.291442892893055,
    "cc_sum": 554,
    "cc_top20": 0.5288808664259927,
    "count": 113,
    "depth_max": 6,
    "extreme_cc_mean": 35.0,
    "high_cc_mean": 17.416666666666668,
    "lines_mean": 20.15929203539823,
    "lines_sum": 2278
  },
  "graph": {
    "cyclic_dependency_mass": 0.0,
    "dependency_entropy": 0.0,
    "edge_count": 0,
    "node_count": 0,
    "propagation_cost": 0.0
  },
  "lines": {
    "comments": 198,
    "loc": 2075,
    "multi_comment": 38,
    "single_comment": 258,
    "total_lines": 2819
  },
  "lint": {
    "counts": {
      "ANN401": 1,
      "ARG002": 1,
      "B904": 2,
      "BLE001": 6,
      "C413": 2,
      "C901": 10,
      "DOC201": 55,
      "DOC501": 6,
      "E712": 5,
      "E721": 1,
      "EM101": 28,
      "EM102": 8,
      "EXE001": 3,
      "F401": 2,
      "F821": 1,
      "F841": 9,
      "FBT001": 3,
      "FBT002": 2,
      "FURB113": 1,
      "PERF203": 2,
      "PERF401": 2,
      "PERF402": 1,
      "PLC0207": 1,
      "PLC0415": 2,
      "PLC2801": 3,
      "PLR0911": 8,
      "PLR0912": 7,
      "PLR0913": 2,
      "PLR0914": 1,
      "PLR0915": 1,
      "PLR0917": 2,
      "PLR1702": 1,
      "PLR2004": 59,
      "PLR6301": 3,
      "PLW0602": 5,
      "PLW0603": 1,
      "PT018": 3,
      "RET505": 3,
      "RUF010": 4,
      "RUF059": 4,
      "S101": 85,
      "S104": 3,
      "S112": 1,
      "S113": 58,
      "S404": 2,
      "S603": 2,
      "S605": 2,
      "S607": 2,
      "SIM102": 3,
      "SIM105": 2,
      "SIM114": 2,
      "SIM118": 1,
      "SLF001": 1,
      "TRY003": 33,
      "TRY004": 10,
      "TRY300": 3,
      "UP006": 103,
      "UP035": 4,
      "UP045": 18
    },
    "errors": 596,
    "fixable": 135
  },
  "redundancy": {
    "clone_lines": 185,
    "clone_ratio_sum": 0.10877403846153846,
    "cloned_sloc_lines": 181,
    "files_with_clones": 3
  },
  "source_files": null,
  "symbols": {
    "classes": 18,
    "expressions": 2812,
    "expressions_top_level": 26,
    "functions": 65,
    "globals": 18,
    "imports": 25,
    "max_imports": 13,
    "methods": 48,
    "statements": 803,
    "total": 149,
    "type_aliases": 0,
    "variables": 18
  },
  "verbosity_flagged_sloc_lines": 181,
  "waste": {
    "single_use_functions": 51,
    "trivial_wrappers": 0,
    "unused_variables": 29
  }
}