{
  "ast_grep": {
    "category_counts": {},
    "category_weighted": {},
    "counts": {},
    "rules_checked": 355,
    "violation_lines": 0,
    "violations": 0,
    "weighted": 0
  },
  "classes": {
    "attribute_counts_mean": 4.8,
    "attribute_counts_sum": 24,
    "count": 5,
    "method_counts_mean": 3.6,
    "method_counts_sum": 18
  },
  "complexity": {
    "cc_max": 79,
    "cc_ratings": {
      "A": 20,
      "B": 5,
      "C": 4,
      "D": 1,
      "E": 0,
      "F": 1
    },
    "cc_sum": 245,
    "mi_min": 19.137955395233394,
    "mi_ratings": {
      "A": 5,
      "B": 0,
      "C": 0
    },
    "mi_sum": 419.1379553952334,
    "num_complex": 6
  },
  "file_count": 5,
  "functions": {
    "cc_concentration": 0.48254504504504503,
    "cc_extreme_count": 0,
    "cc_high_count": 4,
    "cc_max": 22,
    "cc_mean": 6.166666666666667,
    "cc_normalized": 0.03836503954012767,
    "cc_std": 5.917304517567368,
    "cc_sum": 148,
    "cc_top20": 0.527027027027027,
    "count": 24,
    "depth_max": 6,
    "extreme_cc_mean": 0.0,
    "high_cc_mean": 17.0,
    "lines_mean": 26.75,
    "lines_sum": 642
  },
  "graph": {
    "cyclic_dependency_mass": 0.0,
    "dependency_entropy": 0.17810435609338587,
    "edge_count": 17,
    "node_count": 22,
    "propagation_cost": 0.0735930735930736
  },
  "lines": {
    "comments": 80,
    "loc": 512,
    "multi_comment": 8,
    "single_comment": 81,
    "total_lines": 740
  },
  "lint": {
    "counts": {
      "ARG002": 6,
      "B007": 2,
      "B904": 2,
      "BLE001": 2,
      "C901": 3,
      "DOC201": 11,
      "EM101": 3,
      "EM102": 10,
      "ERA001": 1,
      "EXE001": 1,
      "F401": 2,
      "F821": 5,
      "F841": 2,
      "FIX002": 2,
      "FURB101": 1,
      "FURB148": 1,
      "FURB188": 1,
      "INP001": 4,
      "PERF401": 1,
      "PLR0911": 2,
      "PLR0912": 3,
      "PLR0914": 2,
      "PLR0916": 1,
      "PLR1702": 1,
      "PLR5501": 1,
      "PLR6201": 8,
      "PLR6301": 3,
      "PLW2901": 1,
      "PTH112": 1,
      "PTH113": 1,
      "PTH118": 1,
      "PTH122": 1,
      "PTH123": 2,
      "RET505": 2,
      "RUF012": 2,
      "RUF059": 1,
      "SIM103": 1,
      "SIM108": 1,
      "TD002": 2,
      "TD003": 2,
      "TRY003": 13,
      "TRY004": 3,
      "UP015": 2
    },
    "errors": 117,
    "fixable": 13
  },
  "redundancy": {
    "clone_lines": 22,
    "clone_ratio_sum": 0.043478260869565216,
    "cloned_sloc_lines": 22,
    "files_with_clones": 5
  },
  "source_files": [],
  "symbols": {
    "classes": 5,
    "expressions": 1225,
    "expressions_top_level": 8,
    "functions": 6,
    "globals": 2,
    "imports": 9,
    "max_imports": 9,
    "methods": 18,
    "statements": 304,
    "total": 31,
    "type_aliases": 0,
    "variables": 2
  },
  "verbosity_flagged_sloc_lines": 22,
  "waste": {
    "single_use_functions": 6,
    "trivial_wrappers": 0,
    "unused_variables": 8
  }
}