{
  "ast_grep": {
    "category_counts": {},
    "category_weighted": {},
    "counts": {},
    "rules_checked": 355,
    "violation_lines": 0,
    "violations": 0,
    "weighted": 0
  },
  "classes": {
    "attribute_counts_mean": 0.0,
    "attribute_counts_sum": 0,
    "count": 0,
    "method_counts_mean": 0.0,
    "method_counts_sum": 0
  },
  "complexity": {
    "cc_max": 107,
    "cc_ratings": {
      "A": 56,
      "B": 4,
      "C": 5,
      "D": 0,
      "E": 2,
      "F": 1
    },
    "cc_sum": 330,
    "mi_min": 2.125337195389331,
    "mi_ratings": {
      "A": 5,
      "B": 0,
      "C": 1
    },
    "mi_sum": 285.92647511960877,
    "num_complex": 8
  },
  "file_count": 6,
  "functions": {
    "cc_concentration": 0.6762626262626262,
    "cc_extreme_count": 3,
    "cc_high_count": 8,
    "cc_max": 107,
    "cc_mean": 9.166666666666666,
    "cc_normalized": 0.11406847697756789,
    "cc_std": 18.575713791322876,
    "cc_sum": 330,
    "cc_top20": 0.7454545454545455,
    "count": 36,
    "depth_max": 5,
    "extreme_cc_mean": 57.0,
    "high_cc_mean": 30.75,
    "lines_mean": 35.388888888888886,
    "lines_sum": 1274
  },
  "graph": {
    "cyclic_dependency_mass": 0.0,
    "dependency_entropy": 0.14141542380324987,
    "edge_count": 16,
    "node_count": 21,
    "propagation_cost": 0.05476190476190476
  },
  "lines": {
    "comments": 134,
    "loc": 1124,
    "multi_comment": 30,
    "single_comment": 117,
    "total_lines": 1505
  },
  "lint": {
    "counts": {
      "ARG001": 1,
      "B007": 13,
      "BLE001": 4,
      "C901": 6,
      "DOC201": 3,
      "DOC501": 2,
      "E712": 2,
      "ERA001": 4,
      "EXE001": 6,
      "F401": 6,
      "F541": 1,
      "F821": 1,
      "F841": 3,
      "FAST002": 1,
      "FBT001": 1,
      "FBT002": 1,
      "FBT003": 2,
      "FURB118": 2,
      "FURB154": 1,
      "N806": 7,
      "PERF102": 4,
      "PERF203": 17,
      "PLC0206": 1,
      "PLC0415": 1,
      "PLR0912": 5,
      "PLR0914": 2,
      "PLR0915": 4,
      "PLR1714": 1,
      "PLR2004": 14,
      "PLR6104": 1,
      "PLW0602": 11,
      "PLW0603": 2,
      "PLW1514": 2,
      "PLW2901": 2,
      "PTH100": 2,
      "PTH118": 4,
      "PTH120": 2,
      "PTH123": 6,
      "RET504": 1,
      "RUF013": 1,
      "RUF029": 1,
      "RUF056": 11,
      "S101": 17,
      "S110": 2,
      "S113": 6,
      "SIM102": 2,
      "SIM114": 2,
      "SIM115": 4,
      "TRY300": 1,
      "UP006": 17,
      "UP015": 3,
      "UP035": 5,
      "UP045": 5
    },
    "errors": 226,
    "fixable": 52
  },
  "redundancy": {
    "clone_lines": 0,
    "clone_ratio_sum": 0.0,
    "cloned_sloc_lines": 0,
    "files_with_clones": 6
  },
  "source_files": [],
  "symbols": {
    "classes": 0,
    "expressions": 1368,
    "expressions_top_level": 88,
    "functions": 36,
    "globals": 32,
    "imports": 34,
    "max_imports": 10,
    "methods": 0,
    "statements": 375,
    "total": 68,
    "type_aliases": 0,
    "variables": 32
  },
  "verbosity_flagged_sloc_lines": 0,
  "waste": {
    "single_use_functions": 31,
    "trivial_wrappers": 2,
    "unused_variables": 41
  }
}