{
  "ast_grep": {
    "category_counts": {},
    "category_weighted": {},
    "counts": {},
    "rules_checked": 355,
    "violation_lines": 0,
    "violations": 0,
    "weighted": 0
  },
  "classes": {
    "attribute_counts_mean": 2.533333333333333,
    "attribute_counts_sum": 228,
    "count": 90,
    "method_counts_mean": 3.588888888888889,
    "method_counts_sum": 323
  },
  "complexity": {
    "cc_max": 367,
    "cc_ratings": {
      "A": 374,
      "B": 60,
      "C": 26,
      "D": 13,
      "E": 4,
      "F": 6
    },
    "cc_sum": 2700,
    "mi_min": 0.0,
    "mi_ratings": {
      "A": 16,
      "B": 0,
      "C": 4
    },
    "mi_sum": 1048.8736390063204,
    "num_complex": 49
  },
  "file_count": 20,
  "functions": {
    "cc_concentration": 0.5501599242029225,
    "cc_extreme_count": 3,
    "cc_high_count": 36,
    "cc_max": 46,
    "cc_mean": 4.449468085106383,
    "cc_normalized": 0.0045277118497825414,
    "cc_std": 5.805523781966509,
    "cc_sum": 1673,
    "cc_top20": 0.602510460251046,
    "count": 376,
    "depth_max": 5,
    "extreme_cc_mean": 36.666666666666664,
    "high_cc_mean": 19.22222222222222,
    "lines_mean": 15.98936170212766,
    "lines_sum": 6012
  },
  "graph": {
    "cyclic_dependency_mass": 0.0,
    "dependency_entropy": 0.1464204545965618,
    "edge_count": 28,
    "node_count": 27,
    "propagation_cost": 0.07407407407407407
  },
  "lines": {
    "comments": 832,
    "loc": 5278,
    "multi_comment": 197,
    "single_comment": 829,
    "total_lines": 7359
  },
  "lint": {
    "counts": {
      "ARG001": 9,
      "ARG002": 8,
      "B007": 2,
      "B028": 1,
      "B904": 10,
      "C420": 1,
      "C901": 24,
      "DOC201": 37,
      "DOC402": 4,
      "DOC501": 13,
      "E713": 6,
      "EM101": 68,
      "EM102": 27,
      "ERA001": 58,
      "EXE001": 1,
      "F401": 2,
      "F403": 37,
      "F405": 378,
      "F524": 1,
      "F841": 4,
      "FBT002": 46,
      "FBT003": 36,
      "FIX002": 2,
      "FIX003": 1,
      "FURB118": 4,
      "FURB156": 3,
      "FURB166": 2,
      "FURB167": 6,
      "FURB171": 1,
      "ISC002": 2,
      "N803": 23,
      "PERF401": 10,
      "PERF403": 1,
      "PIE810": 1,
      "PLC1901": 4,
      "PLR0124": 1,
      "PLR0904": 3,
      "PLR0911": 2,
      "PLR0912": 19,
      "PLR0913": 17,
      "PLR0914": 2,
      "PLR0915": 5,
      "PLR0916": 3,
      "PLR0917": 17,
      "PLR1711": 1,
      "PLR1714": 3,
      "PLR1730": 3,
      "PLR2004": 7,
      "PLR5501": 6,
      "PLR6201": 7,
      "PLR6301": 14,
      "PLW1514": 1,
      "PTH123": 1,
      "Q001": 19,
      "Q003": 3,
      "Q004": 9,
      "RET501": 1,
      "RET502": 8,
      "RET503": 13,
      "RET504": 2,
      "RET505": 25,
      "RET506": 3,
      "RUF005": 2,
      "RUF012": 13,
      "RUF013": 16,
      "RUF021": 1,
      "RUF022": 6,
      "RUF039": 1,
      "RUF059": 1,
      "S101": 2,
      "SIM102": 15,
      "SIM105": 1,
      "SIM108": 10,
      "SIM118": 1,
      "TD001": 1,
      "TD002": 3,
      "TD003": 3,
      "TD004": 1,
      "TRY003": 95,
      "TRY300": 1,
      "UP004": 4,
      "UP008": 5,
      "UP015": 1,
      "UP025": 2,
      "UP031": 103
    },
    "errors": 1316,
    "fixable": 116
  },
  "redundancy": {
    "clone_lines": 952,
    "clone_ratio_sum": 4.656760136345397,
    "cloned_sloc_lines": 874,
    "files_with_clones": 20
  },
  "source_files": [],
  "symbols": {
    "classes": 90,
    "expressions": 11873,
    "expressions_top_level": 232,
    "functions": 53,
    "globals": 17,
    "imports": 59,
    "max_imports": 8,
    "methods": 323,
    "statements": 2550,
    "total": 483,
    "type_aliases": 0,
    "variables": 17
  },
  "verbosity_flagged_sloc_lines": 874,
  "waste": {
    "single_use_functions": 42,
    "trivial_wrappers": 0,
    "unused_variables": 200
  }
}