{
  "ast_grep": {
    "category_counts": {},
    "category_weighted": {},
    "counts": {},
    "rules_checked": 355,
    "violation_lines": 0,
    "violations": 0,
    "weighted": 0
  },
  "classes": {
    "attribute_counts_mean": 1.1904761904761905,
    "attribute_counts_sum": 50,
    "count": 42,
    "method_counts_mean": 0.2857142857142857,
    "method_counts_sum": 12
  },
  "complexity": {
    "cc_max": 48,
    "cc_ratings": {
      "A": 76,
      "B": 0,
      "C": 6,
      "D": 4,
      "E": 2,
      "F": 2
    },
    "cc_sum": 430,
    "mi_min": 12.314017908383576,
    "mi_ratings": {
      "A": 0,
      "B": 2,
      "C": 0
    },
    "mi_sum": 24.716064136856986,
    "num_complex": 14
  },
  "file_count": 2,
  "functions": {
    "cc_concentration": 0.6518010291595198,
    "cc_extreme_count": 4,
    "cc_high_count": 14,
    "cc_max": 48,
    "cc_mean": 9.636363636363637,
    "cc_normalized": 0.04470472815783155,
    "cc_std": 13.51500614578134,
    "cc_sum": 424,
    "cc_top20": 0.6957547169811321,
    "count": 44,
    "depth_max": 5,
    "extreme_cc_mean": 43.5,
    "high_cc_mean": 26.428571428571427,
    "lines_mean": 41.52272727272727,
    "lines_sum": 1827
  },
  "graph": {
    "cyclic_dependency_mass": 0.0,
    "dependency_entropy": 0.25481412021340233,
    "edge_count": 22,
    "node_count": 19,
    "propagation_cost": 0.11988304093567251
  },
  "lines": {
    "comments": 179,
    "loc": 1518,
    "multi_comment": 28,
    "single_comment": 201,
    "total_lines": 2075
  },
  "lint": {
    "counts": {
      "ARG001": 2,
      "B904": 2,
      "BLE001": 4,
      "C901": 12,
      "DOC201": 22,
      "DOC501": 24,
      "EM101": 8,
      "EM102": 46,
      "EXE001": 2,
      "F401": 4,
      "FBT001": 8,
      "FBT002": 2,
      "FURB101": 4,
      "FURB105": 18,
      "FURB110": 2,
      "FURB118": 4,
      "PERF403": 2,
      "PLR0911": 4,
      "PLR0912": 10,
      "PLR0914": 2,
      "PLR0915": 4,
      "PLR1714": 2,
      "PLR2004": 4,
      "PLR5501": 4,
      "PLR6201": 4,
      "PLW1514": 4,
      "PTH110": 4,
      "PTH123": 4,
      "RET505": 2,
      "RUF005": 2,
      "SIM114": 6,
      "TRY003": 54,
      "TRY300": 4,
      "TRY301": 6,
      "UP015": 4,
      "UP045": 14
    },
    "errors": 304,
    "fixable": 66
  },
  "redundancy": {
    "clone_lines": 152,
    "clone_ratio_sum": 0.2002635046113307,
    "cloned_sloc_lines": 152,
    "files_with_clones": 2
  },
  "source_files": [],
  "symbols": {
    "classes": 42,
    "expressions": 1524,
    "expressions_top_level": 40,
    "functions": 32,
    "globals": 4,
    "imports": 14,
    "max_imports": 7,
    "methods": 12,
    "statements": 484,
    "total": 90,
    "type_aliases": 0,
    "variables": 4
  },
  "verbosity_flagged_sloc_lines": 152,
  "waste": {
    "single_use_functions": 22,
    "trivial_wrappers": 0,
    "unused_variables": 24
  }
}