{
  "ast_grep": {
    "category_counts": {},
    "category_weighted": {},
    "counts": {},
    "rules_checked": 355,
    "violation_lines": 0,
    "violations": 0,
    "weighted": 0
  },
  "classes": {
    "attribute_counts_mean": 4.028487229862476,
    "attribute_counts_sum": 4101,
    "count": 1018,
    "method_counts_mean": 3.8536345776031435,
    "method_counts_sum": 3923
  },
  "complexity": {
    "cc_max": 251,
    "cc_ratings": {
      "A": 6106,
      "B": 619,
      "C": 308,
      "D": 65,
      "E": 35,
      "F": 63
    },
    "cc_sum": 25772,
    "mi_min": 0.0,
    "mi_ratings": {
      "A": 272,
      "B": 14,
      "C": 14
    },
    "mi_sum": 16021.874595092628,
    "num_complex": 471
  },
  "file_count": 300,
  "functions": {
    "cc_concentration": 0.5096421272889377,
    "cc_extreme_count": 18,
    "cc_high_count": 289,
    "cc_max": 150,
    "cc_mean": 3.397968959570799,
    "cc_normalized": 0.00039423924500317476,
    "cc_std": 4.8740837011905604,
    "cc_sum": 17734,
    "cc_top20": 0.5750535694146837,
    "count": 5219,
    "depth_max": 8,
    "extreme_cc_mean": 48.611111111111114,
    "high_cc_mean": 17.868512110726645,
    "lines_mean": 16.642077026250238,
    "lines_sum": 86855
  },
  "graph": {
    "cyclic_dependency_mass": 0.0,
    "dependency_entropy": 0.29624426883388244,
    "edge_count": 112,
    "node_count": 57,
    "propagation_cost": 0.041040100250626564
  },
  "lines": {
    "comments": 8118,
    "loc": 90345,
    "multi_comment": 19569,
    "single_comment": 7853,
    "total_lines": 139826
  },
  "lint": {
    "counts": {
      "A001": 41,
      "A002": 95,
      "A003": 3,
      "A004": 11,
      "ANN401": 888,
      "ARG001": 38,
      "ARG002": 198,
      "ARG003": 2,
      "ARG004": 1,
      "ARG005": 5,
      "ASYNC240": 6,
      "B007": 1,
      "B010": 6,
      "B018": 4,
      "B028": 16,
      "B901": 1,
      "B904": 123,
      "B905": 5,
      "BLE001": 148,
      "C400": 1,
      "C401": 1,
      "C402": 1,
      "C408": 4,
      "C414": 1,
      "C416": 3,
      "C901": 199,
      "COM819": 2,
      "DOC201": 1385,
      "DOC402": 69,
      "DOC403": 2,
      "DOC501": 453,
      "DOC502": 16,
      "DTZ003": 1,
      "DTZ005": 12,
      "DTZ006": 2,
      "DTZ007": 1,
      "DTZ011": 1,
      "E712": 22,
      "E713": 1,
      "E721": 1,
      "E722": 2,
      "E741": 1,
      "EM101": 448,
      "EM102": 335,
      "EM103": 3,
      "ERA001": 34,
      "EXE001": 4,
      "F401": 40,
      "F541": 1,
      "F811": 2,
      "F821": 1,
      "F841": 10,
      "FBT001": 611,
      "FBT002": 466,
      "FBT003": 81,
      "FIX001": 5,
      "FIX002": 32,
      "FIX003": 6,
      "FLY002": 4,
      "FURB101": 8,
      "FURB103": 5,
      "FURB110": 6,
      "FURB113": 21,
      "FURB116": 2,
      "FURB118": 15,
      "FURB131": 3,
      "FURB142": 3,
      "FURB145": 1,
      "FURB154": 5,
      "FURB167": 10,
      "FURB171": 1,
      "FURB180": 1,
      "FURB188": 2,
      "FURB189": 7,
      "G001": 7,
      "G003": 1,
      "G004": 5,
      "G201": 1,
      "INP001": 3,
      "ISC001": 1,
      "ISC002": 1,
      "ISC003": 1,
      "LOG004": 3,
      "N801": 10,
      "N802": 79,
      "N803": 2,
      "N805": 22,
      "N806": 16,
      "N812": 4,
      "N813": 2,
      "N815": 19,
      "N816": 3,
      "N818": 78,
      "PERF102": 3,
      "PERF203": 30,
      "PERF401": 13,
      "PERF402": 2,
      "PERF403": 1,
      "PGH003": 246,
      "PGH004": 7,
      "PIE790": 4,
      "PIE796": 1,
      "PIE808": 2,
      "PIE810": 5,
      "PLC0206": 1,
      "PLC0414": 6,
      "PLC0415": 240,
      "PLC1802": 2,
      "PLC1901": 14,
      "PLC2701": 3,
      "PLC2801": 16,
      "PLE0704": 4,
      "PLR0904": 22,
      "PLR0911": 37,
      "PLR0912": 127,
      "PLR0913": 131,
      "PLR0914": 18,
      "PLR0915": 52,
      "PLR0916": 9,
      "PLR0917": 110,
      "PLR1702": 20,
      "PLR1704": 4,
      "PLR1714": 9,
      "PLR1730": 2,
      "PLR2004": 292,
      "PLR5501": 15,
      "PLR6104": 2,
      "PLR6201": 120,
      "PLR6301": 182,
      "PLW0108": 3,
      "PLW0120": 1,
      "PLW0127": 5,
      "PLW0602": 2,
      "PLW0603": 39,
      "PLW1508": 3,
      "PLW1510": 1,
      "PLW1514": 12,
      "PLW1641": 7,
      "PLW2901": 101,
      "PLW3201": 4,
      "PT017": 1,
      "PT018": 2,
      "PTH100": 20,
      "PTH101": 6,
      "PTH102": 1,
      "PTH103": 2,
      "PTH104": 1,
      "PTH105": 3,
      "PTH106": 1,
      "PTH107": 4,
      "PTH108": 16,
      "PTH109": 10,
      "PTH110": 36,
      "PTH111": 15,
      "PTH112": 11,
      "PTH113": 15,
      "PTH116": 8,
      "PTH117": 4,
      "PTH118": 43,
      "PTH119": 17,
      "PTH120": 25,
      "PTH122": 8,
      "PTH123": 43,
      "PTH202": 2,
      "PTH203": 1,
      "PTH204": 9,
      "PTH207": 1,
      "PTH208": 3,
      "PYI032": 5,
      "PYI034": 16,
      "PYI036": 6,
      "PYI041": 9,
      "PYI055": 2,
      "PYI059": 2,
      "PYI063": 9,
      "PYI066": 2,
      "Q001": 1,
      "RET501": 7,
      "RET502": 11,
      "RET503": 10,
      "RET504": 20,
      "RET505": 122,
      "RET506": 23,
      "RET507": 6,
      "RET508": 4,
      "RSE102": 104,
      "RUF001": 410,
      "RUF002": 18,
      "RUF005": 17,
      "RUF010": 3,
      "RUF012": 127,
      "RUF013": 18,
      "RUF021": 9,
      "RUF022": 17,
      "RUF023": 28,
      "RUF029": 5,
      "RUF031": 1,
      "RUF034": 3,
      "RUF036": 48,
      "RUF039": 10,
      "RUF047": 1,
      "RUF052": 18,
      "RUF059": 7,
      "RUF064": 1,
      "RUF065": 7,
      "RUF100": 39,
      "RUF102": 4,
      "S101": 228,
      "S102": 5,
      "S104": 4,
      "S105": 15,
      "S110": 47,
      "S113": 59,
      "S301": 1,
      "S302": 1,
      "S307": 1,
      "S311": 10,
      "S324": 9,
      "S403": 1,
      "S404": 12,
      "S506": 2,
      "S603": 12,
      "S606": 2,
      "S607": 2,
      "S704": 21,
      "SIM101": 3,
      "SIM102": 41,
      "SIM103": 10,
      "SIM105": 75,
      "SIM108": 49,
      "SIM110": 7,
      "SIM114": 7,
      "SIM115": 14,
      "SIM117": 1,
      "SIM118": 4,
      "SIM905": 5,
      "SIM910": 2,
      "SLF001": 222,
      "SLOT002": 1,
      "T100": 1,
      "TC001": 32,
      "TC002": 3,
      "TC003": 65,
      "TC006": 90,
      "TD001": 11,
      "TD002": 42,
      "TD003": 40,
      "TD004": 15,
      "TD006": 1,
      "TRY003": 744,
      "TRY004": 17,
      "TRY201": 3,
      "TRY300": 26,
      "TRY301": 24,
      "TRY400": 21,
      "TRY401": 6,
      "UP006": 291,
      "UP007": 143,
      "UP009": 6,
      "UP011": 2,
      "UP024": 10,
      "UP030": 10,
      "UP031": 175,
      "UP032": 21,
      "UP035": 24,
      "UP036": 5,
      "UP041": 10,
      "UP045": 335
    },
    "errors": 12638,
    "fixable": 1536
  },
  "redundancy": {
    "clone_lines": 4698,
    "clone_ratio_sum": 13.250027682689659,
    "cloned_sloc_lines": 3805,
    "files_with_clones": 300
  },
  "source_files": [],
  "symbols": {
    "classes": 1018,
    "expressions": 122763,
    "expressions_top_level": 1674,
    "functions": 1296,
    "globals": 959,
    "imports": 3159,
    "max_imports": 71,
    "methods": 3923,
    "statements": 28909,
    "total": 7196,
    "type_aliases": 0,
    "variables": 959
  },
  "verbosity_flagged_sloc_lines": 3805,
  "waste": {
    "single_use_functions": 1023,
    "trivial_wrappers": 13,
    "unused_variables": 2601
  }
}