{
  "ast_grep": {
    "category_counts": {},
    "category_weighted": {},
    "counts": {},
    "rules_checked": 355,
    "violation_lines": 0,
    "violations": 0,
    "weighted": 0
  },
  "classes": {
    "attribute_counts_mean": 5.111111111111111,
    "attribute_counts_sum": 46,
    "count": 9,
    "method_counts_mean": 0.4444444444444444,
    "method_counts_sum": 4
  },
  "complexity": {
    "cc_max": 59,
    "cc_ratings": {
      "A": 20,
      "B": 8,
      "C": 5,
      "D": 2,
      "E": 0,
      "F": 1
    },
    "cc_sum": 276,
    "mi_min": 3.189109163187119,
    "mi_ratings": {
      "A": 0,
      "B": 0,
      "C": 1
    },
    "mi_sum": 3.189109163187119,
    "num_complex": 8
  },
  "file_count": 1,
  "functions": {
    "cc_concentration": 0.5044776119402985,
    "cc_extreme_count": 1,
    "cc_high_count": 8,
    "cc_max": 59,
    "cc_mean": 10.72,
    "cc_normalized": 0.05353131729412638,
    "cc_std": 12.401344013183948,
    "cc_sum": 268,
    "cc_top20": 0.5410447761194029,
    "count": 25,
    "depth_max": 7,
    "extreme_cc_mean": 59.0,
    "high_cc_mean": 23.375,
    "lines_mean": 41.24,
    "lines_sum": 1031
  },
  "graph": {
    "cyclic_dependency_mass": 0.0,
    "dependency_entropy": 0.25699983096027423,
    "edge_count": 23,
    "node_count": 22,
    "propagation_cost": 0.12337662337662338
  },
  "lines": {
    "comments": 96,
    "loc": 799,
    "multi_comment": 27,
    "single_comment": 107,
    "total_lines": 1127
  },
  "lint": {
    "counts": {
      "ARG001": 2,
      "B007": 1,
      "BLE001": 1,
      "C901": 7,
      "DOC201": 16,
      "EM101": 4,
      "EXE001": 1,
      "F402": 2,
      "F541": 1,
      "F821": 6,
      "FURB110": 3,
      "FURB118": 1,
      "FURB142": 1,
      "PERF102": 1,
      "PERF401": 5,
      "PLC1901": 2,
      "PLR0911": 2,
      "PLR0912": 4,
      "PLR0913": 1,
      "PLR0914": 1,
      "PLR0915": 1,
      "PLR0917": 1,
      "PLR1702": 1,
      "PLR6201": 8,
      "PLW1514": 1,
      "PTH120": 1,
      "PTH123": 1,
      "PTH201": 2,
      "RET504": 1,
      "RET508": 1,
      "RUF005": 1,
      "RUF013": 1,
      "RUF059": 3,
      "SIM102": 1,
      "UP015": 1,
      "UP045": 24
    },
    "errors": 111,
    "fixable": 34
  },
  "redundancy": {
    "clone_lines": 86,
    "clone_ratio_sum": 0.10763454317897372,
    "cloned_sloc_lines": 86,
    "files_with_clones": 1
  },
  "source_files": [],
  "symbols": {
    "classes": 9,
    "expressions": 985,
    "expressions_top_level": 13,
    "functions": 21,
    "globals": 2,
    "imports": 9,
    "max_imports": 9,
    "methods": 4,
    "statements": 267,
    "total": 36,
    "type_aliases": 0,
    "variables": 2
  },
  "verbosity_flagged_sloc_lines": 86,
  "waste": {
    "single_use_functions": 14,
    "trivial_wrappers": 0,
    "unused_variables": 9
  }
}