{
  "ast_grep": {
    "category_counts": {},
    "category_weighted": {},
    "counts": {},
    "rules_checked": 355,
    "violation_lines": 0,
    "violations": 0,
    "weighted": 0
  },
  "classes": {
    "attribute_counts_mean": 3.5,
    "attribute_counts_sum": 112,
    "count": 32,
    "method_counts_mean": 1.5625,
    "method_counts_sum": 50
  },
  "complexity": {
    "cc_max": 169,
    "cc_ratings": {
      "A": 66,
      "B": 12,
      "C": 10,
      "D": 1,
      "E": 3,
      "F": 2
    },
    "cc_sum": 672,
    "mi_min": 0.0,
    "mi_ratings": {
      "A": 0,
      "B": 0,
      "C": 1
    },
    "mi_sum": 0.0,
    "num_complex": 16
  },
  "file_count": 1,
  "functions": {
    "cc_concentration": 0.5518012714857546,
    "cc_extreme_count": 2,
    "cc_high_count": 13,
    "cc_max": 37,
    "cc_mean": 6.629032258064516,
    "cc_normalized": 0.02191663752800926,
    "cc_std": 7.727391923111483,
    "cc_sum": 411,
    "cc_top20": 0.6058394160583942,
    "count": 62,
    "depth_max": 7,
    "extreme_cc_mean": 35.0,
    "high_cc_mean": 19.153846153846153,
    "lines_mean": 24.306451612903224,
    "lines_sum": 1507
  },
  "graph": {
    "cyclic_dependency_mass": 0.08450704225352113,
    "dependency_entropy": 0.3586282904179403,
    "edge_count": 109,
    "node_count": 61,
    "propagation_cost": 0.1
  },
  "lines": {
    "comments": 98,
    "loc": 1470,
    "multi_comment": 3,
    "single_comment": 118,
    "total_lines": 1862
  },
  "lint": {
    "counts": {
      "A001": 1,
      "ANN401": 2,
      "ARG001": 2,
      "ARG002": 3,
      "BLE001": 5,
      "C901": 12,
      "DOC201": 19,
      "DOC501": 3,
      "EM101": 8,
      "EM102": 15,
      "EXE001": 1,
      "F841": 1,
      "FURB101": 2,
      "FURB110": 2,
      "PERF401": 2,
      "PIE790": 2,
      "PIE810": 1,
      "PLC0415": 4,
      "PLR0904": 1,
      "PLR0911": 4,
      "PLR0912": 8,
      "PLR0913": 4,
      "PLR0914": 1,
      "PLR0915": 3,
      "PLR0917": 4,
      "PLR1702": 8,
      "PLR1714": 2,
      "PLR1730": 1,
      "PLR2004": 2,
      "PLR6201": 2,
      "PLR6301": 5,
      "PLW1514": 4,
      "PLW2901": 4,
      "PTH100": 1,
      "PTH103": 5,
      "PTH107": 2,
      "PTH110": 4,
      "PTH113": 2,
      "PTH117": 1,
      "PTH118": 7,
      "PTH123": 6,
      "PTH207": 1,
      "PTH208": 1,
      "RET504": 3,
      "RET505": 9,
      "RUF010": 1,
      "RUF012": 1,
      "RUF027": 3,
      "S105": 3,
      "S110": 1,
      "S404": 1,
      "S602": 1,
      "SIM102": 3,
      "TRY003": 23,
      "UP015": 2,
      "UP024": 3,
      "UP045": 45
    },
    "errors": 267,
    "fixable": 85
  },
  "redundancy": {
    "clone_lines": 65,
    "clone_ratio_sum": 0.04421768707482993,
    "cloned_sloc_lines": 65,
    "files_with_clones": 1
  },
  "source_files": [],
  "symbols": {
    "classes": 32,
    "expressions": 3155,
    "expressions_top_level": 35,
    "functions": 12,
    "globals": 0,
    "imports": 16,
    "max_imports": 16,
    "methods": 50,
    "statements": 696,
    "total": 94,
    "type_aliases": 0,
    "variables": 0
  },
  "verbosity_flagged_sloc_lines": 65,
  "waste": {
    "single_use_functions": 8,
    "trivial_wrappers": 0,
    "unused_variables": 35
  }
}