{
  "ast_grep": {
    "category_counts": {},
    "category_weighted": {},
    "counts": {},
    "rules_checked": 355,
    "violation_lines": 0,
    "violations": 0,
    "weighted": 0
  },
  "classes": {
    "attribute_counts_mean": 2.8125,
    "attribute_counts_sum": 45,
    "count": 16,
    "method_counts_mean": 4.25,
    "method_counts_sum": 68
  },
  "complexity": {
    "cc_max": 40,
    "cc_ratings": {
      "A": 72,
      "B": 19,
      "C": 12,
      "D": 2,
      "E": 4,
      "F": 0
    },
    "cc_sum": 671,
    "mi_min": 0.0,
    "mi_ratings": {
      "A": 3,
      "B": 0,
      "C": 1
    },
    "mi_sum": 187.41631480699635,
    "num_complex": 18
  },
  "file_count": 4,
  "functions": {
    "cc_concentration": 0.4522191459015018,
    "cc_extreme_count": 0,
    "cc_high_count": 8,
    "cc_max": 28,
    "cc_mean": 4.724137931034483,
    "cc_normalized": 0.011051540124095436,
    "cc_std": 4.632267150920594,
    "cc_sum": 411,
    "cc_top20": 0.5182481751824818,
    "count": 87,
    "depth_max": 3,
    "extreme_cc_mean": 0.0,
    "high_cc_mean": 16.75,
    "lines_mean": 25.528735632183906,
    "lines_sum": 2221
  },
  "graph": {
    "cyclic_dependency_mass": 0.0,
    "dependency_entropy": 0.0,
    "edge_count": 0,
    "node_count": 0,
    "propagation_cost": 0.0
  },
  "lines": {
    "comments": 208,
    "loc": 1797,
    "multi_comment": 4,
    "single_comment": 297,
    "total_lines": 2573
  },
  "lint": {
    "counts": {
      "ARG002": 2,
      "B007": 1,
      "B904": 5,
      "B905": 4,
      "BLE001": 1,
      "C901": 8,
      "DOC201": 56,
      "DOC501": 26,
      "EM101": 17,
      "EM102": 13,
      "ERA001": 1,
      "EXE001": 4,
      "F541": 1,
      "F601": 1,
      "F811": 2,
      "F841": 10,
      "FURB113": 2,
      "FURB148": 1,
      "PERF401": 7,
      "PLR0904": 1,
      "PLR0911": 1,
      "PLR0912": 4,
      "PLR0914": 2,
      "PLR0915": 1,
      "PLR1722": 3,
      "PLR2004": 12,
      "PLR6301": 2,
      "PLW1510": 2,
      "PLW1514": 8,
      "PTH107": 11,
      "PTH110": 4,
      "PTH123": 8,
      "RET504": 1,
      "RET505": 3,
      "RUF005": 1,
      "RUF012": 1,
      "RUF013": 3,
      "RUF059": 6,
      "S404": 2,
      "S603": 2,
      "S605": 2,
      "S607": 4,
      "S608": 12,
      "SIM102": 1,
      "SIM103": 2,
      "SIM118": 6,
      "SLF001": 1,
      "TRY003": 30,
      "TRY300": 1,
      "UP015": 1,
      "UP032": 1
    },
    "errors": 301,
    "fixable": 31
  },
  "redundancy": {
    "clone_lines": 347,
    "clone_ratio_sum": 0.7214451314050185,
    "cloned_sloc_lines": 308,
    "files_with_clones": 4
  },
  "source_files": null,
  "symbols": {
    "classes": 16,
    "expressions": 4514,
    "expressions_top_level": 139,
    "functions": 19,
    "globals": 6,
    "imports": 15,
    "max_imports": 6,
    "methods": 68,
    "statements": 837,
    "total": 109,
    "type_aliases": 0,
    "variables": 6
  },
  "verbosity_flagged_sloc_lines": 308,
  "waste": {
    "single_use_functions": 14,
    "trivial_wrappers": 0,
    "unused_variables": 35
  }
}