{
  "ast_grep": {
    "category_counts": {},
    "category_weighted": {},
    "counts": {},
    "rules_checked": 355,
    "violation_lines": 0,
    "violations": 0,
    "weighted": 0
  },
  "classes": {
    "attribute_counts_mean": 2.0,
    "attribute_counts_sum": 6,
    "count": 3,
    "method_counts_mean": 7.333333333333333,
    "method_counts_sum": 22
  },
  "complexity": {
    "cc_max": 148,
    "cc_ratings": {
      "A": 13,
      "B": 11,
      "C": 4,
      "D": 0,
      "E": 0,
      "F": 2
    },
    "cc_sum": 373,
    "mi_min": 12.935863876197555,
    "mi_ratings": {
      "A": 0,
      "B": 1,
      "C": 0
    },
    "mi_sum": 12.935863876197555,
    "num_complex": 6
  },
  "file_count": 1,
  "functions": {
    "cc_concentration": 0.5518341307814992,
    "cc_extreme_count": 1,
    "cc_high_count": 4,
    "cc_max": 63,
    "cc_mean": 7.7407407407407405,
    "cc_normalized": 0.0884665573660789,
    "cc_std": 11.963381926633753,
    "cc_sum": 209,
    "cc_top20": 0.6028708133971292,
    "count": 27,
    "depth_max": 6,
    "extreme_cc_mean": 63.0,
    "high_cc_mean": 27.25,
    "lines_mean": 24.814814814814813,
    "lines_sum": 670
  },
  "graph": {
    "cyclic_dependency_mass": 0.0,
    "dependency_entropy": 0.1437593925356651,
    "edge_count": 19,
    "node_count": 26,
    "propagation_cost": 0.055384615384615386
  },
  "lines": {
    "comments": 95,
    "loc": 477,
    "multi_comment": 4,
    "single_comment": 115,
    "total_lines": 717
  },
  "lint": {
    "counts": {
      "ARG002": 1,
      "B007": 8,
      "BLE001": 5,
      "C901": 3,
      "DOC201": 19,
      "DOC501": 2,
      "E713": 2,
      "E722": 2,
      "EM101": 3,
      "EM102": 2,
      "EXE001": 1,
      "F401": 14,
      "FURB171": 2,
      "PD015": 2,
      "PLC0207": 1,
      "PLC0415": 1,
      "PLR0912": 2,
      "PLR0913": 1,
      "PLR0914": 1,
      "PLR0915": 1,
      "PLR0917": 1,
      "PLR1702": 1,
      "PLR2004": 1,
      "PLR6201": 11,
      "PLR6301": 11,
      "PLW1514": 1,
      "PLW2901": 1,
      "PTH112": 1,
      "RET505": 1,
      "RET507": 7,
      "RUF005": 2,
      "RUF013": 1,
      "S307": 1,
      "SIM102": 1,
      "TRY003": 5,
      "TRY300": 1,
      "UP006": 10,
      "UP035": 4,
      "UP045": 5
    },
    "errors": 139,
    "fixable": 41
  },
  "redundancy": {
    "clone_lines": 30,
    "clone_ratio_sum": 0.050314465408805034,
    "cloned_sloc_lines": 22,
    "files_with_clones": 1
  },
  "source_files": [],
  "symbols": {
    "classes": 3,
    "expressions": 1482,
    "expressions_top_level": 7,
    "functions": 5,
    "globals": 0,
    "imports": 11,
    "max_imports": 11,
    "methods": 22,
    "statements": 299,
    "total": 30,
    "type_aliases": 0,
    "variables": 0
  },
  "verbosity_flagged_sloc_lines": 22,
  "waste": {
    "single_use_functions": 5,
    "trivial_wrappers": 0,
    "unused_variables": 6
  }
}