{
  "model": "pangu",
  "thinking": "none",
  "prompt": "just-solve",
  "agent_type": "claude_code",
  "agent_version": "2.0.51",
  "num_problems": 20,
  "num_checkpoints": 86,
  "expected_checkpoints": 103,
  "costs": {
    "checkpoint": {
      "mean": 4.169231406976744,
      "stddev": 3.159601225650691,
      "min": 0.0,
      "max": 15.307901999999999,
      "median": 4.1407455,
      "count": 86
    },
    "problem": {
      "mean": 17.92769505,
      "stddev": 11.691916076908079,
      "min": 0.0,
      "max": 44.623833,
      "median": 15.067703999999999,
      "count": 20
    },
    "total": 358.553901
  },
  "time": {
    "checkpoint": {
      "mean": 2595.149523604651,
      "stddev": 1413.9353394607647,
      "min": 62.540249,
      "max": 6046.892328,
      "median": 2454.9068625,
      "count": 86
    },
    "problem": {
      "mean": 11159.1429515,
      "stddev": 5511.763571486709,
      "min": 601.541368,
      "max": 23370.492137,
      "median": 10441.861043500001,
      "count": 20
    }
  },
  "tokens": {
    "input": 113431272,
    "output": 1217339,
    "cache_read": 0,
    "cache_write": 0,
    "reasoning": 0,
    "problem": {
      "input": 5671563.6,
      "output": 60866.95,
      "cache_read": 0.0,
      "cache_write": 0.0,
      "reasoning": 0.0
    },
    "checkpoint": {
      "input": 1318968.2790697673,
      "output": 14155.10465116279,
      "cache_read": 0.0,
      "cache_write": 0.0,
      "reasoning": 0.0
    }
  },
  "steps": {
    "checkpoint": {
      "mean": 0.813953488372093,
      "stddev": 1.7321297866531877,
      "min": 0.0,
      "max": 10.0,
      "median": 0.0,
      "count": 86
    },
    "problem": {
      "mean": 3.5,
      "stddev": 3.6778139960408116,
      "min": 0.0,
      "max": 12.0,
      "median": 3.0,
      "count": 20
    }
  },
  "checkpoints_solved": 2,
  "checkpoints_iso_solved": 4,
  "checkpoints_core_solved": 13,
  "problem_solved": 0.0,
  "problem_partial": 2.0,
  "pct_checkpoints_solved": 1.9417475728155338,
  "pct_checkpoints_iso_solved": 3.8834951456310676,
  "pct_problems_solved": 0.0,
  "pct_problems_partial": 10.0,
  "pct_checkpoints_core_solved": 12.62135922330097,
  "pass_rates": {
    "problem": {
      "core": 0.1970386904761905,
      "total": 0.2690658283131201,
      "error": 0.343393630878925,
      "functionality": 0.2201937285271954,
      "regression": 0.2521527564534021
    },
    "checkpoint": {
      "core": 0.24854420450350684,
      "total": 0.31261109693771394,
      "error": 0.48321380672024056,
      "functionality": 0.26242992915602714,
      "regression": 0.3350091610393613
    }
  },
  "cc": {
    "high_count": {
      "mean": 6.988372093023256,
      "stddev": 7.610355462126452,
      "min": 0.0,
      "max": 35.0,
      "median": 4.0,
      "count": 86
    },
    "high_mean": {
      "mean": 19.58170378394954,
      "stddev": 8.276367737772603,
      "min": 0.0,
      "max": 39.5,
      "median": 19.0,
      "count": 86
    },
    "max": {
      "mean": 34.895348837209305,
      "stddev": 22.93521775362712,
      "min": 0.0,
      "max": 107.0,
      "median": 27.5,
      "count": 86
    }
  },
  "ratios": {
    "rubric": {
      "mean": null,
      "stddev": null,
      "min": null,
      "max": null,
      "median": null,
      "count": 0
    },
    "lint": {
      "mean": 0.14988174478468996,
      "stddev": 0.05684790527383528,
      "min": 0.05367231638418079,
      "max": 0.3143365983971505,
      "median": 0.14217032967032966,
      "count": 83
    },
    "violation_pct": {
      "mean": 0.0,
      "stddev": 0.0,
      "min": 0.0,
      "max": 0.0,
      "median": 0.0,
      "count": 83
    }
  },
  "verbosity": {
    "mean": null,
    "stddev": null,
    "min": null,
    "max": null,
    "median": null,
    "count": 0
  },
  "erosion": {
    "mean": null,
    "stddev": null,
    "min": null,
    "max": null,
    "median": null,
    "count": 0
  }
}