{
  "ast_grep": {
    "category_counts": {},
    "category_weighted": {},
    "counts": {},
    "rules_checked": 355,
    "violation_lines": 0,
    "violations": 0,
    "weighted": 0
  },
  "classes": {
    "attribute_counts_mean": 0.0,
    "attribute_counts_sum": 0,
    "count": 0,
    "method_counts_mean": 0.0,
    "method_counts_sum": 0
  },
  "complexity": {
    "cc_max": 33,
    "cc_ratings": {
      "A": 51,
      "B": 4,
      "C": 5,
      "D": 0,
      "E": 1,
      "F": 0
    },
    "cc_sum": 188,
    "mi_min": 13.448473362985093,
    "mi_ratings": {
      "A": 5,
      "B": 1,
      "C": 0
    },
    "mi_sum": 297.2496112872045,
    "num_complex": 6
  },
  "file_count": 6,
  "functions": {
    "cc_concentration": 0.5635074145712443,
    "cc_extreme_count": 1,
    "cc_high_count": 6,
    "cc_max": 33,
    "cc_mean": 5.696969696969697,
    "cc_normalized": 0.04682902331371661,
    "cc_std": 7.0820408803044215,
    "cc_sum": 188,
    "cc_top20": 0.6276595744680851,
    "count": 33,
    "depth_max": 5,
    "extreme_cc_mean": 33.0,
    "high_cc_mean": 18.0,
    "lines_mean": 21.454545454545453,
    "lines_sum": 708
  },
  "graph": {
    "cyclic_dependency_mass": 0.0,
    "dependency_entropy": 0.1649846611037915,
    "edge_count": 14,
    "node_count": 18,
    "propagation_cost": 0.06535947712418301
  },
  "lines": {
    "comments": 20,
    "loc": 703,
    "multi_comment": 6,
    "single_comment": 27,
    "total_lines": 887
  },
  "lint": {
    "counts": {
      "ARG001": 1,
      "BLE001": 4,
      "C901": 4,
      "E712": 2,
      "EXE001": 6,
      "F401": 6,
      "F541": 1,
      "F821": 1,
      "F841": 1,
      "FAST002": 1,
      "FBT001": 1,
      "FBT002": 1,
      "FBT003": 2,
      "FURB154": 1,
      "N806": 7,
      "PERF203": 17,
      "PLC0206": 1,
      "PLC0415": 1,
      "PLR0912": 3,
      "PLR0914": 1,
      "PLR0915": 3,
      "PLR2004": 14,
      "PLW0602": 7,
      "PLW0603": 2,
      "PLW1514": 2,
      "PLW2901": 2,
      "PTH100": 2,
      "PTH118": 4,
      "PTH120": 2,
      "PTH123": 6,
      "RET504": 1,
      "RUF013": 1,
      "RUF029": 1,
      "S101": 17,
      "S110": 2,
      "S113": 6,
      "SIM102": 1,
      "SIM115": 4,
      "TRY300": 1,
      "UP006": 17,
      "UP015": 3,
      "UP035": 5,
      "UP045": 5
    },
    "errors": 170,
    "fixable": 39
  },
  "redundancy": {
    "clone_lines": 0,
    "clone_ratio_sum": 0.0,
    "cloned_sloc_lines": 0,
    "files_with_clones": 6
  },
  "source_files": [],
  "symbols": {
    "classes": 0,
    "expressions": 913,
    "expressions_top_level": 88,
    "functions": 33,
    "globals": 28,
    "imports": 34,
    "max_imports": 10,
    "methods": 0,
    "statements": 229,
    "total": 61,
    "type_aliases": 0,
    "variables": 28
  },
  "verbosity_flagged_sloc_lines": 0,
  "waste": {
    "single_use_functions": 28,
    "trivial_wrappers": 2,
    "unused_variables": 34
  }
}