{
  "ast_grep": {
    "category_counts": {},
    "category_weighted": {},
    "counts": {},
    "rules_checked": 355,
    "violation_lines": 0,
    "violations": 0,
    "weighted": 0
  },
  "classes": {
    "attribute_counts_mean": 13.0,
    "attribute_counts_sum": 13,
    "count": 1,
    "method_counts_mean": 17.0,
    "method_counts_sum": 17
  },
  "complexity": {
    "cc_max": 47,
    "cc_ratings": {
      "A": 30,
      "B": 4,
      "C": 3,
      "D": 3,
      "E": 0,
      "F": 2
    },
    "cc_sum": 275,
    "mi_min": 15.66190711057826,
    "mi_ratings": {
      "A": 2,
      "B": 1,
      "C": 0
    },
    "mi_sum": 113.40886284999364,
    "num_complex": 8
  },
  "file_count": 3,
  "functions": {
    "cc_concentration": 0.6519177320733741,
    "cc_extreme_count": 2,
    "cc_high_count": 7,
    "cc_max": 47,
    "cc_mean": 7.3428571428571425,
    "cc_normalized": 0.06916700880718682,
    "cc_std": 11.42479979781563,
    "cc_sum": 257,
    "cc_top20": 0.7276264591439688,
    "count": 35,
    "depth_max": 5,
    "extreme_cc_mean": 44.0,
    "high_cc_mean": 26.714285714285715,
    "lines_mean": 32.82857142857143,
    "lines_sum": 1149
  },
  "graph": {
    "cyclic_dependency_mass": 0.0,
    "dependency_entropy": 0.19703962232270197,
    "edge_count": 25,
    "node_count": 30,
    "propagation_cost": 0.035632183908045977
  },
  "lines": {
    "comments": 119,
    "loc": 893,
    "multi_comment": 46,
    "single_comment": 133,
    "total_lines": 1289
  },
  "lint": {
    "counts": {
      "BLE001": 6,
      "C901": 6,
      "DOC201": 25,
      "DOC501": 1,
      "E722": 1,
      "EM102": 1,
      "EXE001": 2,
      "F401": 1,
      "F541": 2,
      "F841": 4,
      "FBT001": 2,
      "FBT003": 4,
      "FURB118": 6,
      "INP001": 1,
      "PERF203": 4,
      "PLR0911": 2,
      "PLR0912": 4,
      "PLR0914": 3,
      "PLR0915": 5,
      "PLR1722": 1,
      "PLR6201": 3,
      "PLW0603": 1,
      "PT028": 2,
      "RET505": 1,
      "RUF010": 8,
      "RUF012": 2,
      "RUF015": 2,
      "RUF059": 1,
      "SIM102": 1,
      "TRY003": 1,
      "TRY300": 2,
      "UP006": 23,
      "UP035": 2,
      "UP045": 11
    },
    "errors": 141,
    "fixable": 50
  },
  "redundancy": {
    "clone_lines": 211,
    "clone_ratio_sum": 0.4904731320916292,
    "cloned_sloc_lines": 194,
    "files_with_clones": 3
  },
  "source_files": [
    "sde_loader.py"
  ],
  "symbols": {
    "classes": 1,
    "expressions": 1192,
    "expressions_top_level": 64,
    "functions": 18,
    "globals": 6,
    "imports": 20,
    "max_imports": 10,
    "methods": 17,
    "statements": 271,
    "total": 42,
    "type_aliases": 0,
    "variables": 6
  },
  "verbosity_flagged_sloc_lines": 194,
  "waste": {
    "single_use_functions": 10,
    "trivial_wrappers": 0,
    "unused_variables": 29
  }
}