{
  "ast_grep": {
    "category_counts": {},
    "category_weighted": {},
    "counts": {},
    "rules_checked": 355,
    "violation_lines": 0,
    "violations": 0,
    "weighted": 0
  },
  "classes": {
    "attribute_counts_mean": 2.5,
    "attribute_counts_sum": 65,
    "count": 26,
    "method_counts_mean": 9.961538461538462,
    "method_counts_sum": 259
  },
  "complexity": {
    "cc_max": 216,
    "cc_ratings": {
      "A": 199,
      "B": 73,
      "C": 21,
      "D": 20,
      "E": 2,
      "F": 4
    },
    "cc_sum": 2189,
    "mi_min": 0.0,
    "mi_ratings": {
      "A": 46,
      "B": 0,
      "C": 1
    },
    "mi_sum": 3196.6841040621657,
    "num_complex": 47
  },
  "file_count": 47,
  "functions": {
    "cc_concentration": 0.4475407883768012,
    "cc_extreme_count": 0,
    "cc_high_count": 21,
    "cc_max": 26,
    "cc_mean": 4.607407407407408,
    "cc_normalized": 0.00321725974633896,
    "cc_std": 4.294193012106435,
    "cc_sum": 1244,
    "cc_top20": 0.4887459807073955,
    "count": 270,
    "depth_max": 6,
    "extreme_cc_mean": 0.0,
    "high_cc_mean": 15.571428571428571,
    "lines_mean": 15.896296296296295,
    "lines_sum": 4292
  },
  "graph": {
    "cyclic_dependency_mass": 0.0,
    "dependency_entropy": 0.20484925687670694,
    "edge_count": 59,
    "node_count": 58,
    "propagation_cost": 0.043557168784029036
  },
  "lines": {
    "comments": 121,
    "loc": 4111,
    "multi_comment": 78,
    "single_comment": 168,
    "total_lines": 5018
  },
  "lint": {
    "counts": {
      "ANN401": 23,
      "ARG002": 13,
      "B007": 5,
      "B023": 3,
      "B905": 1,
      "C401": 2,
      "C901": 10,
      "DOC201": 25,
      "DOC501": 2,
      "EM102": 1,
      "EXE001": 1,
      "F401": 33,
      "F841": 8,
      "FBT001": 2,
      "FLY002": 1,
      "FURB101": 1,
      "FURB103": 2,
      "FURB113": 12,
      "FURB148": 2,
      "PERF401": 1,
      "PLC1901": 18,
      "PLR0911": 2,
      "PLR0912": 7,
      "PLR0913": 1,
      "PLR0914": 2,
      "PLR0915": 4,
      "PLR0917": 1,
      "PLR1702": 5,
      "PLR2004": 42,
      "PLR5501": 1,
      "PLR6201": 9,
      "PLR6301": 91,
      "PLW2901": 20,
      "PTH100": 23,
      "PTH123": 74,
      "RUF010": 3,
      "RUF015": 1,
      "S324": 23,
      "SIM102": 3,
      "SIM103": 18,
      "TRY003": 1,
      "UP006": 270,
      "UP015": 49,
      "UP028": 3,
      "UP035": 67,
      "UP045": 105
    },
    "errors": 991,
    "fixable": 538
  },
  "redundancy": {
    "clone_lines": 300,
    "clone_ratio_sum": 1.832967555364375,
    "cloned_sloc_lines": 300,
    "files_with_clones": 47
  },
  "source_files": [],
  "symbols": {
    "classes": 26,
    "expressions": 9067,
    "expressions_top_level": 63,
    "functions": 11,
    "globals": 23,
    "imports": 159,
    "max_imports": 6,
    "methods": 259,
    "statements": 2623,
    "total": 319,
    "type_aliases": 0,
    "variables": 23
  },
  "verbosity_flagged_sloc_lines": 300,
  "waste": {
    "single_use_functions": 6,
    "trivial_wrappers": 1,
    "unused_variables": 49
  }
}