{
  "ast_grep": {
    "category_counts": {},
    "category_weighted": {},
    "counts": {},
    "rules_checked": 355,
    "violation_lines": 0,
    "violations": 0,
    "weighted": 0
  },
  "classes": {
    "attribute_counts_mean": 1.8571428571428572,
    "attribute_counts_sum": 78,
    "count": 42,
    "method_counts_mean": 1.0,
    "method_counts_sum": 42
  },
  "complexity": {
    "cc_max": 64,
    "cc_ratings": {
      "A": 88,
      "B": 8,
      "C": 10,
      "D": 0,
      "E": 2,
      "F": 2
    },
    "cc_sum": 510,
    "mi_min": 16.810384802267503,
    "mi_ratings": {
      "A": 0,
      "B": 2,
      "C": 0
    },
    "mi_sum": 34.377008176730556,
    "num_complex": 14
  },
  "file_count": 2,
  "functions": {
    "cc_concentration": 0.43178867472286026,
    "cc_extreme_count": 0,
    "cc_high_count": 10,
    "cc_max": 17,
    "cc_mean": 5.209677419354839,
    "cc_normalized": 0.010816507489155127,
    "cc_std": 4.266288350273394,
    "cc_sum": 323,
    "cc_top20": 0.4984520123839009,
    "count": 62,
    "depth_max": 4,
    "extreme_cc_mean": 0.0,
    "high_cc_mean": 13.3,
    "lines_mean": 19.483870967741936,
    "lines_sum": 1208
  },
  "graph": {
    "cyclic_dependency_mass": 0.023255813953488372,
    "dependency_entropy": 0.3071632501811681,
    "edge_count": 47,
    "node_count": 30,
    "propagation_cost": 0.10574712643678161
  },
  "lines": {
    "comments": 133,
    "loc": 1057,
    "multi_comment": 0,
    "single_comment": 190,
    "total_lines": 1562
  },
  "lint": {
    "counts": {
      "A001": 2,
      "BLE001": 2,
      "C901": 8,
      "DOC201": 30,
      "DOC501": 18,
      "EM101": 8,
      "EM102": 28,
      "EXE001": 2,
      "F401": 1,
      "F541": 2,
      "F841": 3,
      "FBT001": 4,
      "FBT003": 4,
      "FURB101": 2,
      "FURB118": 4,
      "FURB145": 2,
      "PIE790": 20,
      "PLR0911": 2,
      "PLR0912": 5,
      "PLR0913": 2,
      "PLR0917": 2,
      "PLR6201": 4,
      "PLW1514": 2,
      "PTH123": 2,
      "RET505": 8,
      "RUF005": 2,
      "SIM108": 2,
      "TRY003": 36,
      "TRY300": 2,
      "UP006": 48,
      "UP015": 2,
      "UP035": 8,
      "UP045": 13
    },
    "errors": 280,
    "fixable": 100
  },
  "redundancy": {
    "clone_lines": 86,
    "clone_ratio_sum": 0.1627045218574344,
    "cloned_sloc_lines": 86,
    "files_with_clones": 2
  },
  "source_files": [],
  "symbols": {
    "classes": 42,
    "expressions": 1996,
    "expressions_top_level": 32,
    "functions": 20,
    "globals": 6,
    "imports": 10,
    "max_imports": 5,
    "methods": 42,
    "statements": 622,
    "total": 110,
    "type_aliases": 0,
    "variables": 6
  },
  "verbosity_flagged_sloc_lines": 86,
  "waste": {
    "single_use_functions": 12,
    "trivial_wrappers": 0,
    "unused_variables": 41
  }
}