{
  "ast_grep": {
    "category_counts": {},
    "category_weighted": {},
    "counts": {},
    "rules_checked": 355,
    "violation_lines": 0,
    "violations": 0,
    "weighted": 0
  },
  "classes": {
    "attribute_counts_mean": 1.3571428571428572,
    "attribute_counts_sum": 19,
    "count": 14,
    "method_counts_mean": 2.2142857142857144,
    "method_counts_sum": 31
  },
  "complexity": {
    "cc_max": 65,
    "cc_ratings": {
      "A": 57,
      "B": 21,
      "C": 10,
      "D": 1,
      "E": 0,
      "F": 1
    },
    "cc_sum": 500,
    "mi_min": 11.778473558691562,
    "mi_ratings": {
      "A": 7,
      "B": 1,
      "C": 0
    },
    "mi_sum": 388.52705535202296,
    "num_complex": 12
  },
  "file_count": 8,
  "functions": {
    "cc_concentration": 0.40424673610092415,
    "cc_extreme_count": 0,
    "cc_high_count": 9,
    "cc_max": 22,
    "cc_mean": 5.897058823529412,
    "cc_normalized": 0.008434175661824335,
    "cc_std": 4.4659230660983225,
    "cc_sum": 401,
    "cc_top20": 0.4488778054862843,
    "count": 68,
    "depth_max": 5,
    "extreme_cc_mean": 0.0,
    "high_cc_mean": 14.444444444444445,
    "lines_mean": 15.352941176470589,
    "lines_sum": 1044
  },
  "graph": {
    "cyclic_dependency_mass": 0.0,
    "dependency_entropy": 0.0,
    "edge_count": 0,
    "node_count": 0,
    "propagation_cost": 0.0
  },
  "lines": {
    "comments": 40,
    "loc": 973,
    "multi_comment": 8,
    "single_comment": 79,
    "total_lines": 1310
  },
  "lint": {
    "counts": {
      "ARG002": 2,
      "B007": 1,
      "B905": 1,
      "BLE001": 5,
      "C901": 4,
      "DOC201": 16,
      "DOC501": 6,
      "E722": 1,
      "EM101": 3,
      "EM102": 12,
      "EXE001": 2,
      "F401": 4,
      "F841": 1,
      "FBT001": 1,
      "INP001": 6,
      "PD011": 2,
      "PD015": 1,
      "PERF203": 3,
      "PERF401": 1,
      "PIE790": 4,
      "PLR0912": 4,
      "PLR2004": 2,
      "PLR6201": 6,
      "PLR6301": 10,
      "PLW1514": 2,
      "PLW2901": 1,
      "PTH108": 1,
      "PTH118": 1,
      "PTH207": 1,
      "RET505": 4,
      "RET507": 6,
      "RUF005": 1,
      "RUF015": 1,
      "S307": 1,
      "SIM102": 2,
      "SIM114": 1,
      "TRY003": 15,
      "TRY300": 1,
      "UP006": 14,
      "UP035": 5,
      "UP045": 4
    },
    "errors": 159,
    "fixable": 38
  },
  "redundancy": {
    "clone_lines": 42,
    "clone_ratio_sum": 0.21111570134126525,
    "cloned_sloc_lines": 42,
    "files_with_clones": 8
  },
  "source_files": null,
  "symbols": {
    "classes": 14,
    "expressions": 1937,
    "expressions_top_level": 10,
    "functions": 37,
    "globals": 8,
    "imports": 34,
    "max_imports": 7,
    "methods": 31,
    "statements": 470,
    "total": 90,
    "type_aliases": 0,
    "variables": 8
  },
  "verbosity_flagged_sloc_lines": 42,
  "waste": {
    "single_use_functions": 29,
    "trivial_wrappers": 0,
    "unused_variables": 16
  }
}