{
  "ast_grep": {
    "category_counts": {},
    "category_weighted": {},
    "counts": {},
    "rules_checked": 355,
    "violation_lines": 0,
    "violations": 0,
    "weighted": 0
  },
  "classes": {
    "attribute_counts_mean": 3.269230769230769,
    "attribute_counts_sum": 85,
    "count": 26,
    "method_counts_mean": 0.15384615384615385,
    "method_counts_sum": 4
  },
  "complexity": {
    "cc_max": 59,
    "cc_ratings": {
      "A": 75,
      "B": 11,
      "C": 9,
      "D": 10,
      "E": 1,
      "F": 6
    },
    "cc_sum": 958,
    "mi_min": 0.0,
    "mi_ratings": {
      "A": 0,
      "B": 0,
      "C": 1
    },
    "mi_sum": 0.0,
    "num_complex": 26
  },
  "file_count": 1,
  "functions": {
    "cc_concentration": 0.5880381890976286,
    "cc_extreme_count": 7,
    "cc_high_count": 26,
    "cc_max": 59,
    "cc_mean": 11.235294117647058,
    "cc_normalized": 0.01942459284089174,
    "cc_std": 14.436764459782077,
    "cc_sum": 955,
    "cc_top20": 0.6450261780104712,
    "count": 85,
    "depth_max": 6,
    "extreme_cc_mean": 51.57142857142857,
    "high_cc_mean": 28.153846153846153,
    "lines_mean": 33.188235294117646,
    "lines_sum": 2821
  },
  "graph": {
    "cyclic_dependency_mass": 0.0,
    "dependency_entropy": 0.0,
    "edge_count": 0,
    "node_count": 0,
    "propagation_cost": 0.0
  },
  "lines": {
    "comments": 170,
    "loc": 1561,
    "multi_comment": 21,
    "single_comment": 183,
    "total_lines": 2093
  },
  "lint": {
    "counts": {
      "ARG001": 5,
      "B007": 4,
      "B023": 2,
      "B903": 1,
      "B904": 2,
      "BLE001": 2,
      "C416": 4,
      "C420": 1,
      "C901": 22,
      "DOC201": 19,
      "DOC501": 31,
      "EM101": 7,
      "EM102": 70,
      "EXE001": 1,
      "F402": 1,
      "F821": 2,
      "F841": 3,
      "FURB101": 1,
      "FURB103": 1,
      "FURB116": 6,
      "FURB118": 4,
      "FURB142": 3,
      "FURB145": 3,
      "N806": 4,
      "PERF401": 2,
      "PIE810": 3,
      "PLC0415": 1,
      "PLR0911": 11,
      "PLR0912": 10,
      "PLR0914": 2,
      "PLR0915": 14,
      "PLR1702": 4,
      "PLR1730": 1,
      "PLR2004": 4,
      "PLR5501": 1,
      "PLR6104": 2,
      "PLR6201": 22,
      "PLW1514": 2,
      "PLW2901": 3,
      "PTH123": 2,
      "Q003": 1,
      "RET502": 1,
      "RET505": 7,
      "RUF005": 1,
      "RUF023": 1,
      "RUF047": 2,
      "S112": 1,
      "SIM102": 1,
      "SIM108": 5,
      "SIM114": 4,
      "SIM118": 1,
      "TRY003": 77,
      "UP045": 13
    },
    "errors": 398,
    "fixable": 45
  },
  "redundancy": {
    "clone_lines": 334,
    "clone_ratio_sum": 0.20307495195387573,
    "cloned_sloc_lines": 315,
    "files_with_clones": 1
  },
  "source_files": null,
  "symbols": {
    "classes": 26,
    "expressions": 4155,
    "expressions_top_level": 39,
    "functions": 81,
    "globals": 1,
    "imports": 9,
    "max_imports": 9,
    "methods": 4,
    "statements": 1124,
    "total": 112,
    "type_aliases": 0,
    "variables": 1
  },
  "verbosity_flagged_sloc_lines": 315,
  "waste": {
    "single_use_functions": 44,
    "trivial_wrappers": 6,
    "unused_variables": 6
  }
}