{
  "ast_grep": {
    "category_counts": {},
    "category_weighted": {},
    "counts": {},
    "rules_checked": 355,
    "violation_lines": 0,
    "violations": 0,
    "weighted": 0
  },
  "classes": {
    "attribute_counts_mean": 4.75,
    "attribute_counts_sum": 19,
    "count": 4,
    "method_counts_mean": 0.5,
    "method_counts_sum": 2
  },
  "complexity": {
    "cc_max": 79,
    "cc_ratings": {
      "A": 22,
      "B": 5,
      "C": 3,
      "D": 2,
      "E": 1,
      "F": 8
    },
    "cc_sum": 682,
    "mi_min": 0.0,
    "mi_ratings": {
      "A": 7,
      "B": 0,
      "C": 1
    },
    "mi_sum": 700.0,
    "num_complex": 14
  },
  "file_count": 8,
  "functions": {
    "cc_concentration": 0.631454248366013,
    "cc_extreme_count": 9,
    "cc_high_count": 14,
    "cc_max": 79,
    "cc_mean": 18.88888888888889,
    "cc_normalized": 0.04540385565991102,
    "cc_std": 24.149271243399905,
    "cc_sum": 680,
    "cc_top20": 0.7058823529411765,
    "count": 36,
    "depth_max": 10,
    "extreme_cc_mean": 57.22222222222222,
    "high_cc_mean": 43.5,
    "lines_mean": 59.416666666666664,
    "lines_sum": 2139
  },
  "graph": {
    "cyclic_dependency_mass": 0.0,
    "dependency_entropy": 0.17003367906450556,
    "edge_count": 26,
    "node_count": 28,
    "propagation_cost": 0.12433862433862433
  },
  "lines": {
    "comments": 216,
    "loc": 1754,
    "multi_comment": 18,
    "single_comment": 221,
    "total_lines": 2257
  },
  "lint": {
    "counts": {
      "B033": 6,
      "B904": 1,
      "C901": 12,
      "DOC201": 26,
      "DOC501": 2,
      "EM101": 1,
      "EM102": 14,
      "ERA001": 3,
      "EXE001": 1,
      "F401": 2,
      "F821": 16,
      "F841": 2,
      "FIX003": 1,
      "FURB101": 2,
      "FURB103": 1,
      "FURB188": 1,
      "INP001": 7,
      "PIE790": 1,
      "PLR0911": 1,
      "PLR0912": 12,
      "PLR0914": 2,
      "PLR0915": 10,
      "PLR1702": 9,
      "PLR1711": 1,
      "PLR1714": 2,
      "PLR2004": 2,
      "PLR5501": 3,
      "PLR6201": 34,
      "PTH123": 4,
      "RET505": 1,
      "RET507": 1,
      "SIM102": 1,
      "SIM108": 1,
      "SIM114": 1,
      "TD001": 1,
      "TD002": 1,
      "TD003": 1,
      "TD004": 1,
      "TRY003": 15,
      "TRY004": 1,
      "UP006": 49,
      "UP015": 3,
      "UP035": 4,
      "UP045": 2
    },
    "errors": 262,
    "fixable": 78
  },
  "redundancy": {
    "clone_lines": 353,
    "clone_ratio_sum": 0.20046082949308755,
    "cloned_sloc_lines": 348,
    "files_with_clones": 8
  },
  "source_files": [],
  "symbols": {
    "classes": 4,
    "expressions": 2231,
    "expressions_top_level": 17,
    "functions": 34,
    "globals": 1,
    "imports": 8,
    "max_imports": 8,
    "methods": 2,
    "statements": 512,
    "total": 41,
    "type_aliases": 0,
    "variables": 1
  },
  "verbosity_flagged_sloc_lines": 348,
  "waste": {
    "single_use_functions": 32,
    "trivial_wrappers": 0,
    "unused_variables": 3
  }
}