{
  "ast_grep": {
    "category_counts": {},
    "category_weighted": {},
    "counts": {},
    "rules_checked": 355,
    "violation_lines": 0,
    "violations": 0,
    "weighted": 0
  },
  "classes": {
    "attribute_counts_mean": 0.0,
    "attribute_counts_sum": 0,
    "count": 1,
    "method_counts_mean": 18.0,
    "method_counts_sum": 18
  },
  "complexity": {
    "cc_max": 139,
    "cc_ratings": {
      "A": 39,
      "B": 3,
      "C": 8,
      "D": 3,
      "E": 0,
      "F": 3
    },
    "cc_sum": 601,
    "mi_min": 6.332334570974257,
    "mi_ratings": {
      "A": 5,
      "B": 0,
      "C": 1
    },
    "mi_sum": 228.806648895742,
    "num_complex": 14
  },
  "file_count": 6,
  "functions": {
    "cc_concentration": 0.6350741457124436,
    "cc_extreme_count": 2,
    "cc_high_count": 13,
    "cc_max": 90,
    "cc_mean": 9.829787234042554,
    "cc_normalized": 0.06425308175731666,
    "cc_std": 17.082051537691697,
    "cc_sum": 462,
    "cc_top20": 0.6948051948051948,
    "count": 47,
    "depth_max": 5,
    "extreme_cc_mean": 82.5,
    "high_cc_mean": 27.46153846153846,
    "lines_mean": 43.234042553191486,
    "lines_sum": 2032
  },
  "graph": {
    "cyclic_dependency_mass": 0.0,
    "dependency_entropy": 0.0,
    "edge_count": 0,
    "node_count": 0,
    "propagation_cost": 0.0
  },
  "lines": {
    "comments": 203,
    "loc": 1664,
    "multi_comment": 5,
    "single_comment": 239,
    "total_lines": 2246
  },
  "lint": {
    "counts": {
      "A002": 1,
      "B904": 6,
      "BLE001": 11,
      "C901": 9,
      "DOC201": 29,
      "DOC501": 4,
      "E712": 7,
      "EM101": 10,
      "EM102": 6,
      "ERA001": 1,
      "EXE001": 6,
      "F401": 1,
      "F541": 26,
      "F821": 2,
      "F841": 3,
      "FURB145": 1,
      "PERF401": 2,
      "PIE790": 1,
      "PLC0206": 1,
      "PLC0415": 5,
      "PLC1901": 7,
      "PLR0911": 4,
      "PLR0912": 6,
      "PLR0914": 4,
      "PLR0915": 5,
      "PLR1730": 1,
      "PLR2004": 68,
      "PLR6201": 3,
      "PLR6301": 6,
      "PLW2901": 2,
      "PT028": 1,
      "RET505": 4,
      "RUF010": 6,
      "RUF052": 9,
      "S310": 14,
      "S404": 5,
      "S603": 1,
      "S607": 5,
      "SIM102": 3,
      "TRY003": 16,
      "TRY301": 2,
      "UP012": 2,
      "UP024": 1,
      "UP045": 2
    },
    "errors": 309,
    "fixable": 45
  },
  "redundancy": {
    "clone_lines": 313,
    "clone_ratio_sum": 0.7518416492868103,
    "cloned_sloc_lines": 311,
    "files_with_clones": 6
  },
  "source_files": null,
  "symbols": {
    "classes": 1,
    "expressions": 2421,
    "expressions_top_level": 48,
    "functions": 29,
    "globals": 8,
    "imports": 50,
    "max_imports": 17,
    "methods": 18,
    "statements": 599,
    "total": 56,
    "type_aliases": 0,
    "variables": 8
  },
  "verbosity_flagged_sloc_lines": 311,
  "waste": {
    "single_use_functions": 21,
    "trivial_wrappers": 0,
    "unused_variables": 14
  }
}