{
  "ast_grep": {
    "category_counts": {},
    "category_weighted": {},
    "counts": {},
    "rules_checked": 355,
    "violation_lines": 0,
    "violations": 0,
    "weighted": 0
  },
  "classes": {
    "attribute_counts_mean": 2.5625,
    "attribute_counts_sum": 41,
    "count": 16,
    "method_counts_mean": 3.5,
    "method_counts_sum": 56
  },
  "complexity": {
    "cc_max": 43,
    "cc_ratings": {
      "A": 63,
      "B": 19,
      "C": 11,
      "D": 3,
      "E": 1,
      "F": 1
    },
    "cc_sum": 593,
    "mi_min": 0.0,
    "mi_ratings": {
      "A": 3,
      "B": 0,
      "C": 1
    },
    "mi_sum": 187.41631480699635,
    "num_complex": 16
  },
  "file_count": 4,
  "functions": {
    "cc_concentration": 0.4680451127819549,
    "cc_extreme_count": 0,
    "cc_high_count": 7,
    "cc_max": 28,
    "cc_mean": 4.881578947368421,
    "cc_normalized": 0.014311530236872249,
    "cc_std": 5.091082675327277,
    "cc_sum": 371,
    "cc_top20": 0.5336927223719676,
    "count": 76,
    "depth_max": 3,
    "extreme_cc_mean": 0.0,
    "high_cc_mean": 17.714285714285715,
    "lines_mean": 25.605263157894736,
    "lines_sum": 1946
  },
  "graph": {
    "cyclic_dependency_mass": 0.0,
    "dependency_entropy": 0.0,
    "edge_count": 0,
    "node_count": 0,
    "propagation_cost": 0.0
  },
  "lines": {
    "comments": 183,
    "loc": 1559,
    "multi_comment": 13,
    "single_comment": 260,
    "total_lines": 2250
  },
  "lint": {
    "counts": {
      "ARG001": 1,
      "ARG002": 1,
      "B007": 1,
      "B904": 5,
      "B905": 4,
      "BLE001": 1,
      "C901": 6,
      "DOC201": 46,
      "DOC501": 17,
      "EM101": 17,
      "EM102": 5,
      "ERA001": 2,
      "EXE001": 4,
      "F541": 1,
      "F601": 1,
      "F841": 11,
      "FURB113": 2,
      "FURB148": 1,
      "PERF401": 4,
      "PLR0904": 1,
      "PLR0911": 1,
      "PLR0912": 4,
      "PLR0914": 2,
      "PLR0915": 2,
      "PLR1722": 3,
      "PLR2004": 12,
      "PLR6301": 3,
      "PLW1510": 2,
      "PLW1514": 8,
      "PTH107": 11,
      "PTH110": 4,
      "PTH123": 8,
      "RET504": 2,
      "RET505": 2,
      "RUF005": 1,
      "RUF012": 1,
      "RUF059": 6,
      "S404": 2,
      "S603": 2,
      "S605": 2,
      "S607": 4,
      "S608": 11,
      "SIM102": 1,
      "SIM103": 2,
      "SIM105": 1,
      "SIM118": 4,
      "TRY003": 22,
      "TRY300": 1,
      "UP015": 1,
      "UP032": 1
    },
    "errors": 257,
    "fixable": 30
  },
  "redundancy": {
    "clone_lines": 313,
    "clone_ratio_sum": 0.7218936568602268,
    "cloned_sloc_lines": 274,
    "files_with_clones": 4
  },
  "source_files": null,
  "symbols": {
    "classes": 16,
    "expressions": 3719,
    "expressions_top_level": 126,
    "functions": 20,
    "globals": 6,
    "imports": 15,
    "max_imports": 6,
    "methods": 56,
    "statements": 723,
    "total": 98,
    "type_aliases": 0,
    "variables": 6
  },
  "verbosity_flagged_sloc_lines": 274,
  "waste": {
    "single_use_functions": 15,
    "trivial_wrappers": 0,
    "unused_variables": 33
  }
}