{
  "ast_grep": {
    "category_counts": {},
    "category_weighted": {},
    "counts": {},
    "rules_checked": 355,
    "violation_lines": 0,
    "violations": 0,
    "weighted": 0
  },
  "classes": {
    "attribute_counts_mean": 2.125,
    "attribute_counts_sum": 17,
    "count": 8,
    "method_counts_mean": 8.875,
    "method_counts_sum": 71
  },
  "complexity": {
    "cc_max": 203,
    "cc_ratings": {
      "A": 73,
      "B": 16,
      "C": 13,
      "D": 1,
      "E": 1,
      "F": 1
    },
    "cc_sum": 703,
    "mi_min": 0.0,
    "mi_ratings": {
      "A": 0,
      "B": 0,
      "C": 1
    },
    "mi_sum": 0.0,
    "num_complex": 16
  },
  "file_count": 1,
  "functions": {
    "cc_concentration": 0.5327671556383123,
    "cc_extreme_count": 1,
    "cc_high_count": 13,
    "cc_max": 35,
    "cc_mean": 4.680412371134021,
    "cc_normalized": 0.01425107706340119,
    "cc_std": 5.502927992882094,
    "cc_sum": 454,
    "cc_top20": 0.5837004405286343,
    "count": 97,
    "depth_max": 4,
    "extreme_cc_mean": 35.0,
    "high_cc_mean": 16.0,
    "lines_mean": 17.61855670103093,
    "lines_sum": 1709
  },
  "graph": {
    "cyclic_dependency_mass": 0.0,
    "dependency_entropy": 0.27789276625463694,
    "edge_count": 143,
    "node_count": 94,
    "propagation_cost": 0.03385952871196522
  },
  "lines": {
    "comments": 59,
    "loc": 1420,
    "multi_comment": 4,
    "single_comment": 109,
    "total_lines": 1886
  },
  "lint": {
    "counts": {
      "A002": 1,
      "ANN401": 14,
      "ARG001": 4,
      "ARG002": 5,
      "ARG005": 2,
      "B007": 1,
      "B904": 7,
      "BLE001": 3,
      "C901": 7,
      "DOC201": 25,
      "DOC501": 6,
      "E741": 12,
      "EM101": 10,
      "EM102": 10,
      "EXE001": 1,
      "F841": 2,
      "FBT001": 1,
      "FURB110": 1,
      "FURB118": 1,
      "N806": 1,
      "PERF401": 2,
      "PIE790": 1,
      "PLC1901": 1,
      "PLR0904": 1,
      "PLR0911": 8,
      "PLR0912": 2,
      "PLR0913": 2,
      "PLR0914": 1,
      "PLR0915": 1,
      "PLR0917": 2,
      "PLR2004": 28,
      "PLR6201": 12,
      "PLR6301": 2,
      "PLW2901": 1,
      "RET504": 1,
      "RET505": 1,
      "RSE102": 2,
      "RUF013": 18,
      "RUF031": 2,
      "RUF052": 1,
      "RUF059": 4,
      "S104": 2,
      "S506": 1,
      "SIM102": 3,
      "SIM118": 1,
      "TRY003": 18,
      "TRY300": 2,
      "UP006": 143,
      "UP035": 3,
      "UP045": 9
    },
    "errors": 389,
    "fixable": 161
  },
  "redundancy": {
    "clone_lines": 229,
    "clone_ratio_sum": 0.15985915492957747,
    "cloned_sloc_lines": 227,
    "files_with_clones": 1
  },
  "source_files": [],
  "symbols": {
    "classes": 8,
    "expressions": 3192,
    "expressions_top_level": 37,
    "functions": 26,
    "globals": 0,
    "imports": 12,
    "max_imports": 12,
    "methods": 71,
    "statements": 802,
    "total": 105,
    "type_aliases": 0,
    "variables": 0
  },
  "verbosity_flagged_sloc_lines": 227,
  "waste": {
    "single_use_functions": 15,
    "trivial_wrappers": 0,
    "unused_variables": 25
  }
}