{
  "ast_grep": {
    "category_counts": {},
    "category_weighted": {},
    "counts": {},
    "rules_checked": 355,
    "violation_lines": 0,
    "violations": 0,
    "weighted": 0
  },
  "classes": {
    "attribute_counts_mean": 1.2184466019417475,
    "attribute_counts_sum": 251,
    "count": 206,
    "method_counts_mean": 4.305825242718447,
    "method_counts_sum": 887
  },
  "complexity": {
    "cc_max": 116,
    "cc_ratings": {
      "A": 3420,
      "B": 501,
      "C": 166,
      "D": 35,
      "E": 14,
      "F": 7
    },
    "cc_sum": 14734,
    "mi_min": 0.0,
    "mi_ratings": {
      "A": 84,
      "B": 3,
      "C": 19
    },
    "mi_sum": 5441.302545314629,
    "num_complex": 222
  },
  "file_count": 106,
  "functions": {
    "cc_concentration": 0.4764260908258617,
    "cc_extreme_count": 12,
    "cc_high_count": 197,
    "cc_max": 51,
    "cc_mean": 3.6932614555256063,
    "cc_normalized": 0.00033492208014014395,
    "cc_std": 4.116886541485845,
    "cc_sum": 13702,
    "cc_top20": 0.53138227995913,
    "count": 3710,
    "depth_max": 6,
    "extreme_cc_mean": 36.75,
    "high_cc_mean": 16.83248730964467,
    "lines_mean": 16.99191374663073,
    "lines_sum": 63040
  },
  "graph": {
    "cyclic_dependency_mass": 0.0,
    "dependency_entropy": 0.20550213181648785,
    "edge_count": 41,
    "node_count": 43,
    "propagation_cost": 0.04928017718715393
  },
  "lines": {
    "comments": 5905,
    "loc": 55125,
    "multi_comment": 3184,
    "single_comment": 5728,
    "total_lines": 78501
  },
  "lint": {
    "counts": {
      "A001": 49,
      "A002": 38,
      "ANN401": 2,
      "ARG001": 88,
      "ARG002": 122,
      "ARG005": 5,
      "B004": 1,
      "B007": 29,
      "B011": 2,
      "B015": 15,
      "B018": 16,
      "B028": 5,
      "B901": 1,
      "B904": 9,
      "B905": 62,
      "BLE001": 10,
      "C401": 2,
      "C403": 1,
      "C405": 4,
      "C408": 31,
      "C410": 1,
      "C413": 1,
      "C416": 7,
      "C417": 4,
      "C419": 2,
      "C901": 22,
      "COM819": 28,
      "DOC102": 1,
      "DOC201": 111,
      "DOC402": 12,
      "DOC403": 1,
      "DOC501": 56,
      "DOC502": 2,
      "DTZ001": 113,
      "DTZ002": 1,
      "DTZ004": 3,
      "DTZ005": 8,
      "DTZ006": 2,
      "DTZ007": 3,
      "DTZ011": 9,
      "E721": 3,
      "E741": 2,
      "EM101": 126,
      "EM102": 73,
      "EM103": 1,
      "ERA001": 81,
      "EXE001": 1,
      "F401": 2,
      "F841": 2,
      "FBT001": 20,
      "FBT002": 91,
      "FBT003": 73,
      "FIX001": 2,
      "FIX002": 51,
      "FIX003": 14,
      "FIX004": 1,
      "FLY002": 2,
      "FURB101": 7,
      "FURB103": 32,
      "FURB110": 6,
      "FURB113": 3,
      "FURB118": 1,
      "FURB140": 2,
      "FURB148": 4,
      "FURB152": 7,
      "FURB156": 1,
      "FURB157": 23,
      "FURB171": 1,
      "FURB188": 1,
      "ICN001": 3,
      "ISC001": 1,
      "ISC002": 4,
      "ISC003": 6,
      "N801": 1,
      "N802": 22,
      "N803": 2,
      "N804": 1,
      "N806": 54,
      "N816": 1,
      "N818": 2,
      "NPY002": 16,
      "NPY201": 1,
      "PD003": 4,
      "PD011": 57,
      "PERF102": 1,
      "PERF203": 12,
      "PERF401": 7,
      "PERF402": 1,
      "PERF403": 5,
      "PGH004": 62,
      "PIE790": 6,
      "PIE808": 33,
      "PIE810": 2,
      "PLC0206": 1,
      "PLC0415": 196,
      "PLC1901": 12,
      "PLC2801": 5,
      "PLR0124": 13,
      "PLR0402": 23,
      "PLR0904": 6,
      "PLR0911": 9,
      "PLR0912": 14,
      "PLR0913": 37,
      "PLR0914": 23,
      "PLR0915": 24,
      "PLR0917": 30,
      "PLR1702": 1,
      "PLR1704": 2,
      "PLR1711": 3,
      "PLR1714": 4,
      "PLR2004": 590,
      "PLR5501": 7,
      "PLR6104": 2,
      "PLR6201": 33,
      "PLR6301": 288,
      "PLW0108": 3,
      "PLW0602": 3,
      "PLW0603": 2,
      "PLW1508": 1,
      "PLW1510": 6,
      "PLW1514": 15,
      "PLW1641": 7,
      "PLW2901": 30,
      "PLW3201": 53,
      "PT006": 59,
      "PT007": 48,
      "PT011": 190,
      "PT012": 42,
      "PT014": 1,
      "PT015": 2,
      "PT017": 4,
      "PT018": 2,
      "PT021": 1,
      "PT022": 5,
      "PT030": 6,
      "PT031": 1,
      "PTH100": 4,
      "PTH102": 2,
      "PTH103": 2,
      "PTH104": 1,
      "PTH107": 8,
      "PTH108": 1,
      "PTH109": 1,
      "PTH110": 17,
      "PTH111": 2,
      "PTH112": 2,
      "PTH116": 2,
      "PTH118": 48,
      "PTH120": 8,
      "PTH123": 66,
      "PTH202": 2,
      "PTH208": 7,
      "PYI024": 5,
      "Q001": 3,
      "Q002": 1,
      "Q003": 4,
      "Q004": 2,
      "RET501": 2,
      "RET502": 1,
      "RET503": 11,
      "RET504": 25,
      "RET505": 79,
      "RET506": 17,
      "RET507": 1,
      "RET508": 1,
      "RSE102": 2,
      "RUF001": 4,
      "RUF005": 22,
      "RUF007": 1,
      "RUF010": 6,
      "RUF012": 8,
      "RUF015": 20,
      "RUF021": 1,
      "RUF022": 3,
      "RUF027": 1,
      "RUF039": 2,
      "RUF043": 43,
      "RUF046": 2,
      "RUF052": 16,
      "RUF059": 28,
      "RUF061": 1,
      "RUF100": 19,
      "S101": 6749,
      "S105": 4,
      "S106": 22,
      "S108": 4,
      "S110": 3,
      "S113": 1,
      "S202": 1,
      "S306": 2,
      "S310": 3,
      "S311": 28,
      "S314": 1,
      "S403": 1,
      "S404": 11,
      "S405": 1,
      "S603": 26,
      "S607": 1,
      "SIM102": 8,
      "SIM103": 1,
      "SIM105": 27,
      "SIM108": 24,
      "SIM110": 1,
      "SIM113": 3,
      "SIM114": 3,
      "SIM115": 3,
      "SIM117": 28,
      "SIM201": 5,
      "SIM202": 4,
      "SIM300": 22,
      "SIM905": 6,
      "SLF001": 184,
      "TC001": 1,
      "TD001": 16,
      "TD002": 41,
      "TD003": 61,
      "TD004": 27,
      "TD005": 3,
      "TRY002": 15,
      "TRY003": 165,
      "TRY004": 4,
      "TRY201": 2,
      "TRY300": 9,
      "TRY301": 7,
      "UP006": 77,
      "UP009": 1,
      "UP010": 1,
      "UP011": 3,
      "UP012": 3,
      "UP015": 3,
      "UP018": 1,
      "UP021": 4,
      "UP022": 1,
      "UP024": 9,
      "UP028": 1,
      "UP031": 17,
      "UP032": 3,
      "UP034": 9,
      "UP035": 10,
      "UP036": 1,
      "UP039": 2,
      "UP045": 33
    },
    "errors": 11831,
    "fixable": 627
  },
  "redundancy": {
    "clone_lines": 3353,
    "clone_ratio_sum": 4.790944491959012,
    "cloned_sloc_lines": 2841,
    "files_with_clones": 106
  },
  "source_files": [],
  "symbols": {
    "classes": 206,
    "expressions": 92561,
    "expressions_top_level": 2155,
    "functions": 2823,
    "globals": 227,
    "imports": 1037,
    "max_imports": 46,
    "methods": 887,
    "statements": 14852,
    "total": 4143,
    "type_aliases": 0,
    "variables": 227
  },
  "verbosity_flagged_sloc_lines": 2841,
  "waste": {
    "single_use_functions": 2564,
    "trivial_wrappers": 16,
    "unused_variables": 399
  }
}