{
  "ast_grep": {
    "category_counts": {},
    "category_weighted": {},
    "counts": {},
    "rules_checked": 355,
    "violation_lines": 0,
    "violations": 0,
    "weighted": 0
  },
  "classes": {
    "attribute_counts_mean": 0.0,
    "attribute_counts_sum": 0,
    "count": 2,
    "method_counts_mean": 0.0,
    "method_counts_sum": 0
  },
  "complexity": {
    "cc_max": 42,
    "cc_ratings": {
      "A": 41,
      "B": 20,
      "C": 6,
      "D": 2,
      "E": 1,
      "F": 1
    },
    "cc_sum": 471,
    "mi_min": 0.0,
    "mi_ratings": {
      "A": 0,
      "B": 0,
      "C": 1
    },
    "mi_sum": 0.0,
    "num_complex": 10
  },
  "file_count": 1,
  "functions": {
    "cc_concentration": 0.4660138796463542,
    "cc_extreme_count": 2,
    "cc_high_count": 10,
    "cc_max": 42,
    "cc_mean": 7.029850746268656,
    "cc_normalized": 0.01595177435982337,
    "cc_std": 7.267549604241657,
    "cc_sum": 471,
    "cc_top20": 0.5222929936305732,
    "count": 67,
    "depth_max": 5,
    "extreme_cc_mean": 37.0,
    "high_cc_mean": 20.6,
    "lines_mean": 35.507462686567166,
    "lines_sum": 2379
  },
  "graph": {
    "cyclic_dependency_mass": 0.0,
    "dependency_entropy": 0.4121433845091437,
    "edge_count": 144,
    "node_count": 65,
    "propagation_cost": 0.07235576923076924
  },
  "lines": {
    "comments": 235,
    "loc": 1640,
    "multi_comment": 78,
    "single_comment": 290,
    "total_lines": 2541
  },
  "lint": {
    "counts": {
      "ARG001": 4,
      "B007": 1,
      "B904": 22,
      "BLE001": 5,
      "C401": 1,
      "C420": 1,
      "C901": 7,
      "DOC201": 48,
      "DOC501": 47,
      "EM101": 52,
      "EM102": 109,
      "EXE001": 1,
      "F541": 4,
      "F811": 1,
      "F821": 2,
      "F841": 6,
      "FBT001": 2,
      "FBT002": 2,
      "FBT003": 11,
      "FURB113": 1,
      "PERF203": 1,
      "PERF401": 3,
      "PIE790": 2,
      "PLC0415": 3,
      "PLR0912": 7,
      "PLR0914": 2,
      "PLR0915": 4,
      "PLR5501": 2,
      "PLR6201": 4,
      "PTH123": 1,
      "Q001": 4,
      "RET504": 1,
      "RUF005": 1,
      "RUF013": 4,
      "S608": 14,
      "SIM118": 7,
      "TRY003": 161,
      "TRY301": 4,
      "UP006": 127,
      "UP015": 1,
      "UP035": 2,
      "UP045": 4
    },
    "errors": 686,
    "fixable": 146
  },
  "redundancy": {
    "clone_lines": 606,
    "clone_ratio_sum": 0.28780487804878047,
    "cloned_sloc_lines": 459,
    "files_with_clones": 1
  },
  "source_files": [],
  "symbols": {
    "classes": 2,
    "expressions": 1717,
    "expressions_top_level": 55,
    "functions": 67,
    "globals": 2,
    "imports": 10,
    "max_imports": 10,
    "methods": 0,
    "statements": 516,
    "total": 71,
    "type_aliases": 0,
    "variables": 2
  },
  "verbosity_flagged_sloc_lines": 459,
  "waste": {
    "single_use_functions": 36,
    "trivial_wrappers": 0,
    "unused_variables": 7
  }
}