{
  "ast_grep": {
    "category_counts": {},
    "category_weighted": {},
    "counts": {},
    "rules_checked": 355,
    "violation_lines": 0,
    "violations": 0,
    "weighted": 0
  },
  "classes": {
    "attribute_counts_mean": 1.2,
    "attribute_counts_sum": 18,
    "count": 15,
    "method_counts_mean": 0.13333333333333333,
    "method_counts_sum": 2
  },
  "complexity": {
    "cc_max": 30,
    "cc_ratings": {
      "A": 22,
      "B": 2,
      "C": 2,
      "D": 4,
      "E": 0,
      "F": 0
    },
    "cc_sum": 168,
    "mi_min": 16.636739008221355,
    "mi_ratings": {
      "A": 0,
      "B": 1,
      "C": 0
    },
    "mi_sum": 16.636739008221355,
    "num_complex": 6
  },
  "file_count": 1,
  "functions": {
    "cc_concentration": 0.5127551020408163,
    "cc_extreme_count": 0,
    "cc_high_count": 6,
    "cc_max": 30,
    "cc_mean": 12.0,
    "cc_normalized": 0.06799450549450549,
    "cc_std": 11.707985440583835,
    "cc_sum": 168,
    "cc_top20": 0.5238095238095238,
    "count": 14,
    "depth_max": 5,
    "extreme_cc_mean": 0.0,
    "high_cc_mean": 23.666666666666668,
    "lines_mean": 63.714285714285715,
    "lines_sum": 892
  },
  "graph": {
    "cyclic_dependency_mass": 0.0,
    "dependency_entropy": 0.22673267505874042,
    "edge_count": 13,
    "node_count": 12,
    "propagation_cost": 0.15151515151515152
  },
  "lines": {
    "comments": 78,
    "loc": 694,
    "multi_comment": 30,
    "single_comment": 78,
    "total_lines": 961
  },
  "lint": {
    "counts": {
      "A001": 1,
      "B007": 1,
      "C401": 1,
      "C901": 6,
      "DOC201": 6,
      "DOC501": 11,
      "EM102": 23,
      "EXE001": 1,
      "F541": 9,
      "F841": 1,
      "FBT001": 3,
      "FURB105": 2,
      "FURB118": 1,
      "PLC0415": 1,
      "PLR0911": 3,
      "PLR0912": 5,
      "PLR0914": 2,
      "PLR0915": 4,
      "PLR6201": 7,
      "PLW1514": 1,
      "PLW2901": 1,
      "PTH110": 2,
      "PTH123": 1,
      "RET505": 3,
      "RUF005": 1,
      "S105": 2,
      "SIM102": 2,
      "TRY003": 23,
      "TRY300": 1,
      "UP006": 31,
      "UP015": 1,
      "UP035": 4,
      "UP045": 6
    },
    "errors": 167,
    "fixable": 55
  },
  "redundancy": {
    "clone_lines": 136,
    "clone_ratio_sum": 0.19596541786743515,
    "cloned_sloc_lines": 136,
    "files_with_clones": 1
  },
  "source_files": [],
  "symbols": {
    "classes": 15,
    "expressions": 519,
    "expressions_top_level": 10,
    "functions": 12,
    "globals": 1,
    "imports": 6,
    "max_imports": 6,
    "methods": 2,
    "statements": 202,
    "total": 30,
    "type_aliases": 0,
    "variables": 1
  },
  "verbosity_flagged_sloc_lines": 136,
  "waste": {
    "single_use_functions": 8,
    "trivial_wrappers": 0,
    "unused_variables": 3
  }
}