{
  "ast_grep": {
    "category_counts": {},
    "category_weighted": {},
    "counts": {},
    "rules_checked": 355,
    "violation_lines": 0,
    "violations": 0,
    "weighted": 0
  },
  "classes": {
    "attribute_counts_mean": 1.2,
    "attribute_counts_sum": 6,
    "count": 5,
    "method_counts_mean": 7.6,
    "method_counts_sum": 38
  },
  "complexity": {
    "cc_max": 296,
    "cc_ratings": {
      "A": 27,
      "B": 12,
      "C": 11,
      "D": 3,
      "E": 0,
      "F": 2
    },
    "cc_sum": 714,
    "mi_min": 0.0,
    "mi_ratings": {
      "A": 2,
      "B": 0,
      "C": 1
    },
    "mi_sum": 113.87504309564946,
    "num_complex": 16
  },
  "file_count": 3,
  "functions": {
    "cc_concentration": 0.45848535102266447,
    "cc_extreme_count": 1,
    "cc_high_count": 14,
    "cc_max": 42,
    "cc_mean": 8.933333333333334,
    "cc_normalized": 0.019307296624070963,
    "cc_std": 8.326845959687475,
    "cc_sum": 402,
    "cc_top20": 0.4900497512437811,
    "count": 45,
    "depth_max": 6,
    "extreme_cc_mean": 42.0,
    "high_cc_mean": 18.571428571428573,
    "lines_mean": 40.44444444444444,
    "lines_sum": 1820
  },
  "graph": {
    "cyclic_dependency_mass": 0.08163265306122448,
    "dependency_entropy": 0.21922217296522245,
    "edge_count": 43,
    "node_count": 41,
    "propagation_cost": 0.10975609756097561
  },
  "lines": {
    "comments": 237,
    "loc": 1384,
    "multi_comment": 0,
    "single_comment": 273,
    "total_lines": 2009
  },
  "lint": {
    "counts": {
      "ANN401": 2,
      "ARG002": 8,
      "B007": 3,
      "B904": 5,
      "B905": 1,
      "BLE001": 12,
      "C901": 8,
      "DOC201": 37,
      "DOC501": 12,
      "EM101": 4,
      "EM102": 14,
      "EXE001": 3,
      "F841": 3,
      "FBT001": 2,
      "FURB101": 1,
      "FURB110": 5,
      "PD011": 9,
      "PD015": 1,
      "PERF203": 1,
      "PERF401": 1,
      "PERF403": 1,
      "PIE790": 3,
      "PIE810": 1,
      "PLR0911": 2,
      "PLR0912": 6,
      "PLR0913": 3,
      "PLR0914": 4,
      "PLR0915": 4,
      "PLR0917": 3,
      "PLR1702": 1,
      "PLR5501": 1,
      "PLR6201": 1,
      "PLR6301": 17,
      "PLW1514": 1,
      "PLW2901": 4,
      "PTH112": 1,
      "PTH113": 1,
      "PTH123": 1,
      "PTH207": 1,
      "Q001": 5,
      "RET504": 2,
      "RET505": 4,
      "RUF005": 1,
      "RUF013": 1,
      "RUF055": 1,
      "SIM102": 1,
      "TRY002": 2,
      "TRY003": 17,
      "TRY300": 1,
      "TRY301": 1,
      "UP006": 48,
      "UP015": 1,
      "UP035": 2,
      "UP045": 13
    },
    "errors": 288,
    "fixable": 79
  },
  "redundancy": {
    "clone_lines": 201,
    "clone_ratio_sum": 0.20691119035489897,
    "cloned_sloc_lines": 194,
    "files_with_clones": 3
  },
  "source_files": [],
  "symbols": {
    "classes": 5,
    "expressions": 3288,
    "expressions_top_level": 5,
    "functions": 7,
    "globals": 5,
    "imports": 11,
    "max_imports": 9,
    "methods": 38,
    "statements": 739,
    "total": 55,
    "type_aliases": 0,
    "variables": 5
  },
  "verbosity_flagged_sloc_lines": 194,
  "waste": {
    "single_use_functions": 6,
    "trivial_wrappers": 0,
    "unused_variables": 15
  }
}