{
  "ast_grep": {
    "category_counts": {},
    "category_weighted": {},
    "counts": {},
    "rules_checked": 355,
    "violation_lines": 0,
    "violations": 0,
    "weighted": 0
  },
  "classes": {
    "attribute_counts_mean": 0.35714285714285715,
    "attribute_counts_sum": 5,
    "count": 14,
    "method_counts_mean": 3.7142857142857144,
    "method_counts_sum": 52
  },
  "complexity": {
    "cc_max": 58,
    "cc_ratings": {
      "A": 94,
      "B": 13,
      "C": 8,
      "D": 1,
      "E": 0,
      "F": 2
    },
    "cc_sum": 578,
    "mi_min": 2.813745134241739,
    "mi_ratings": {
      "A": 3,
      "B": 0,
      "C": 1
    },
    "mi_sum": 124.69182529690657,
    "num_complex": 11
  },
  "file_count": 4,
  "functions": {
    "cc_concentration": 0.4897355445988346,
    "cc_extreme_count": 2,
    "cc_high_count": 7,
    "cc_max": 58,
    "cc_mean": 4.742268041237113,
    "cc_normalized": 0.026113047416509137,
    "cc_std": 7.5474586651670705,
    "cc_sum": 460,
    "cc_top20": 0.5695652173913044,
    "count": 97,
    "depth_max": 6,
    "extreme_cc_mean": 51.0,
    "high_cc_mean": 25.142857142857142,
    "lines_mean": 18.567010309278352,
    "lines_sum": 1801
  },
  "graph": {
    "cyclic_dependency_mass": 0.0,
    "dependency_entropy": 0.17059647485670154,
    "edge_count": 41,
    "node_count": 34,
    "propagation_cost": 0.06149732620320856
  },
  "lines": {
    "comments": 225,
    "loc": 1362,
    "multi_comment": 9,
    "single_comment": 316,
    "total_lines": 2123
  },
  "lint": {
    "counts": {
      "ARG001": 2,
      "ARG002": 18,
      "B904": 8,
      "BLE001": 14,
      "C901": 4,
      "DOC201": 32,
      "DOC402": 1,
      "DOC501": 6,
      "E722": 3,
      "EM101": 7,
      "EM102": 4,
      "EXE001": 4,
      "F401": 8,
      "F541": 2,
      "PERF203": 2,
      "PERF401": 1,
      "PLC0415": 6,
      "PLC1901": 9,
      "PLR0911": 4,
      "PLR0912": 3,
      "PLR0914": 2,
      "PLR0915": 2,
      "PLR1702": 4,
      "PLR2004": 27,
      "PLR6201": 3,
      "PLR6301": 50,
      "PLW0602": 2,
      "PLW0603": 2,
      "PLW1514": 8,
      "PLW2901": 1,
      "PT022": 1,
      "PTH108": 2,
      "PTH123": 6,
      "Q001": 5,
      "RET504": 1,
      "RET505": 2,
      "RUF010": 7,
      "RUF031": 1,
      "RUF059": 2,
      "S101": 105,
      "S110": 6,
      "S310": 2,
      "S404": 5,
      "S603": 5,
      "SIM102": 4,
      "SIM108": 1,
      "SIM118": 2,
      "SLF001": 43,
      "TRY003": 11,
      "TRY300": 5,
      "TRY301": 6,
      "UP015": 3
    },
    "errors": 464,
    "fixable": 37
  },
  "redundancy": {
    "clone_lines": 337,
    "clone_ratio_sum": 0.9119386242389687,
    "cloned_sloc_lines": 277,
    "files_with_clones": 4
  },
  "source_files": [],
  "symbols": {
    "classes": 14,
    "expressions": 2111,
    "expressions_top_level": 23,
    "functions": 45,
    "globals": 7,
    "imports": 47,
    "max_imports": 16,
    "methods": 52,
    "statements": 615,
    "total": 118,
    "type_aliases": 0,
    "variables": 7
  },
  "verbosity_flagged_sloc_lines": 277,
  "waste": {
    "single_use_functions": 32,
    "trivial_wrappers": 0,
    "unused_variables": 103
  }
}