{
  "ast_grep": {
    "category_counts": {},
    "category_weighted": {},
    "counts": {},
    "rules_checked": 355,
    "violation_lines": 0,
    "violations": 0,
    "weighted": 0
  },
  "classes": {
    "attribute_counts_mean": 2.772727272727273,
    "attribute_counts_sum": 61,
    "count": 22,
    "method_counts_mean": 1.1363636363636365,
    "method_counts_sum": 25
  },
  "complexity": {
    "cc_max": 61,
    "cc_ratings": {
      "A": 58,
      "B": 4,
      "C": 3,
      "D": 3,
      "E": 0,
      "F": 1
    },
    "cc_sum": 282,
    "mi_min": 10.546324475372504,
    "mi_ratings": {
      "A": 0,
      "B": 1,
      "C": 0
    },
    "mi_sum": 10.546324475372504,
    "num_complex": 7
  },
  "file_count": 1,
  "functions": {
    "cc_concentration": 0.6110853432282004,
    "cc_extreme_count": 0,
    "cc_high_count": 5,
    "cc_max": 27,
    "cc_mean": 4.454545454545454,
    "cc_normalized": 0.04940770802863149,
    "cc_std": 6.567908397565854,
    "cc_sum": 196,
    "cc_top20": 0.7193877551020408,
    "count": 44,
    "depth_max": 4,
    "extreme_cc_mean": 0.0,
    "high_cc_mean": 20.6,
    "lines_mean": 18.227272727272727,
    "lines_sum": 802
  },
  "graph": {
    "cyclic_dependency_mass": 0.0,
    "dependency_entropy": 0.08899833889516784,
    "edge_count": 35,
    "node_count": 43,
    "propagation_cost": 0.035437430786267994
  },
  "lines": {
    "comments": 83,
    "loc": 709,
    "multi_comment": 3,
    "single_comment": 95,
    "total_lines": 978
  },
  "lint": {
    "counts": {
      "A001": 1,
      "B904": 1,
      "C420": 2,
      "C901": 5,
      "DOC201": 11,
      "DOC501": 15,
      "EM101": 6,
      "EM102": 10,
      "ERA001": 1,
      "EXE001": 1,
      "F541": 2,
      "F821": 1,
      "F841": 1,
      "FBT001": 4,
      "FURB101": 1,
      "PLR0911": 1,
      "PLR0912": 4,
      "PLR0913": 1,
      "PLR0915": 2,
      "PLR0917": 1,
      "PLR1714": 1,
      "PLR6201": 3,
      "PLW1514": 1,
      "PTH123": 1,
      "RET505": 1,
      "RET506": 1,
      "RET508": 1,
      "RUF005": 1,
      "RUF059": 1,
      "S105": 5,
      "TRY003": 16,
      "TRY300": 2,
      "UP015": 1,
      "UP045": 41
    },
    "errors": 147,
    "fixable": 51
  },
  "redundancy": {
    "clone_lines": 106,
    "clone_ratio_sum": 0.14950634696755993,
    "cloned_sloc_lines": 106,
    "files_with_clones": 1
  },
  "source_files": [],
  "symbols": {
    "classes": 22,
    "expressions": 1325,
    "expressions_top_level": 30,
    "functions": 19,
    "globals": 3,
    "imports": 6,
    "max_imports": 6,
    "methods": 25,
    "statements": 273,
    "total": 69,
    "type_aliases": 0,
    "variables": 3
  },
  "verbosity_flagged_sloc_lines": 106,
  "waste": {
    "single_use_functions": 14,
    "trivial_wrappers": 0,
    "unused_variables": 28
  }
}