{
  "ast_grep": {
    "category_counts": {},
    "category_weighted": {},
    "counts": {},
    "rules_checked": 355,
    "violation_lines": 0,
    "violations": 0,
    "weighted": 0
  },
  "classes": {
    "attribute_counts_mean": 4.230769230769231,
    "attribute_counts_sum": 55,
    "count": 13,
    "method_counts_mean": 2.6923076923076925,
    "method_counts_sum": 35
  },
  "complexity": {
    "cc_max": 41,
    "cc_ratings": {
      "A": 37,
      "B": 6,
      "C": 2,
      "D": 1,
      "E": 2,
      "F": 1
    },
    "cc_sum": 275,
    "mi_min": 9.32624635641779,
    "mi_ratings": {
      "A": 0,
      "B": 1,
      "C": 0
    },
    "mi_sum": 9.32624635641779,
    "num_complex": 6
  },
  "file_count": 1,
  "functions": {
    "cc_concentration": 0.5571479122434536,
    "cc_extreme_count": 1,
    "cc_high_count": 2,
    "cc_max": 40,
    "cc_mean": 4.361111111111111,
    "cc_normalized": 0.07078467396533039,
    "cc_std": 6.961743532756217,
    "cc_sum": 157,
    "cc_top20": 0.6369426751592356,
    "count": 36,
    "depth_max": 5,
    "extreme_cc_mean": 40.0,
    "high_cc_mean": 29.0,
    "lines_mean": 14.555555555555555,
    "lines_sum": 524
  },
  "graph": {
    "cyclic_dependency_mass": 0.08,
    "dependency_entropy": 0.20426554797500696,
    "edge_count": 29,
    "node_count": 36,
    "propagation_cost": 0.05873015873015873
  },
  "lines": {
    "comments": 29,
    "loc": 504,
    "multi_comment": 4,
    "single_comment": 47,
    "total_lines": 670
  },
  "lint": {
    "counts": {
      "A002": 2,
      "ANN401": 6,
      "B904": 4,
      "BLE001": 1,
      "C901": 2,
      "DOC201": 16,
      "DOC501": 7,
      "E721": 2,
      "EM101": 4,
      "EM102": 15,
      "EXE001": 1,
      "F401": 1,
      "FBT001": 1,
      "FBT002": 1,
      "FBT003": 2,
      "FURB103": 1,
      "FURB113": 1,
      "PIE790": 1,
      "PLR0911": 1,
      "PLR0912": 1,
      "PLR0915": 1,
      "PLR6201": 2,
      "PLW2901": 1,
      "PTH123": 2,
      "RET505": 7,
      "RUF010": 1,
      "RUF012": 1,
      "RUF023": 2,
      "SIM116": 1,
      "TRY003": 19,
      "TRY004": 1,
      "UP015": 1,
      "UP045": 2
    },
    "errors": 111,
    "fixable": 18
  },
  "redundancy": {
    "clone_lines": 73,
    "clone_ratio_sum": 0.13690476190476192,
    "cloned_sloc_lines": 67,
    "files_with_clones": 1
  },
  "source_files": [],
  "symbols": {
    "classes": 13,
    "expressions": 1502,
    "expressions_top_level": 9,
    "functions": 1,
    "globals": 0,
    "imports": 6,
    "max_imports": 6,
    "methods": 35,
    "statements": 378,
    "total": 49,
    "type_aliases": 0,
    "variables": 0
  },
  "verbosity_flagged_sloc_lines": 67,
  "waste": {
    "single_use_functions": 1,
    "trivial_wrappers": 0,
    "unused_variables": 10
  }
}