{
  "model": "glm-5-kimi",
  "thinking": "none",
  "prompt": "just-solve",
  "agent_type": "claude_code",
  "agent_version": "2.0.51",
  "num_problems": 20,
  "num_checkpoints": 66,
  "expected_checkpoints": 103,
  "costs": {
    "checkpoint": {
      "mean": 4.036392533333333,
      "stddev": 4.099448913601905,
      "min": 0.0,
      "max": 13.766847600000016,
      "median": 2.7883524,
      "count": 66
    },
    "problem": {
      "mean": 13.32009536,
      "stddev": 13.862906200990112,
      "min": 0.0,
      "max": 39.906804599999994,
      "median": 10.3792128,
      "count": 20
    },
    "total": 266.4019072
  },
  "time": {
    "checkpoint": {
      "mean": 929.2161931060606,
      "stddev": 717.9915987209586,
      "min": 6.953092,
      "max": 2938.417101,
      "median": 853.175557,
      "count": 66
    },
    "problem": {
      "mean": 3066.41343725,
      "stddev": 2528.560706517754,
      "min": 7.013743,
      "max": 7425.051272,
      "median": 2949.5382314999997,
      "count": 20
    }
  },
  "tokens": {
    "input": 61814198,
    "output": 1023378,
    "cache_read": 102573056,
    "cache_write": 0,
    "reasoning": 0,
    "problem": {
      "input": 3090709.9,
      "output": 51168.9,
      "cache_read": 5128652.8,
      "cache_write": 0.0,
      "reasoning": 0.0
    },
    "checkpoint": {
      "input": 936578.7575757576,
      "output": 15505.727272727272,
      "cache_read": 1554137.2121212122,
      "cache_write": 0.0,
      "reasoning": 0.0
    }
  },
  "steps": {
    "checkpoint": {
      "mean": 45.54545454545455,
      "stddev": 32.85969325114647,
      "min": 1.0,
      "max": 182.0,
      "median": 40.5,
      "count": 66
    },
    "problem": {
      "mean": 150.3,
      "stddev": 116.40270389335555,
      "min": 3.0,
      "max": 344.0,
      "median": 151.5,
      "count": 20
    }
  },
  "checkpoints_solved": 7,
  "checkpoints_iso_solved": 14,
  "checkpoints_core_solved": 35,
  "problem_solved": 0.0,
  "problem_partial": 4.0,
  "pct_checkpoints_solved": 6.796116504854369,
  "pct_checkpoints_iso_solved": 13.592233009708737,
  "pct_problems_solved": 0.0,
  "pct_problems_partial": 20.0,
  "pct_checkpoints_core_solved": 33.980582524271846,
  "pass_rates": {
    "problem": {
      "core": 0.48875058356676004,
      "total": 0.49729234050818644,
      "error": 0.4012783952158952,
      "functionality": 0.4435308657114518,
      "regression": 0.42035026351661153
    },
    "checkpoint": {
      "core": 0.6489301276065982,
      "total": 0.6578253319388758,
      "error": 0.7160711837182425,
      "functionality": 0.5928044015159407,
      "regression": 0.7550294898696432
    }
  },
  "cc": {
    "high_count": {
      "mean": 6.53030303030303,
      "stddev": 6.86623779410686,
      "min": 0.0,
      "max": 30.0,
      "median": 4.5,
      "count": 66
    },
    "high_mean": {
      "mean": 16.447513175822,
      "stddev": 8.107020709608555,
      "min": 0.0,
      "max": 45.666666666666664,
      "median": 17.214285714285715,
      "count": 66
    },
    "max": {
      "mean": 27.060606060606062,
      "stddev": 15.775227695910093,
      "min": 0.0,
      "max": 95.0,
      "median": 28.0,
      "count": 66
    }
  },
  "ratios": {
    "rubric": {
      "mean": null,
      "stddev": null,
      "min": null,
      "max": null,
      "median": null,
      "count": 0
    },
    "lint": {
      "mean": 0.1436590045872166,
      "stddev": 0.06430896121727873,
      "min": 0.042810098792535674,
      "max": 0.34428086070215175,
      "median": 0.14275468527095425,
      "count": 60
    },
    "violation_pct": {
      "mean": 0.0,
      "stddev": 0.0,
      "min": 0.0,
      "max": 0.0,
      "median": 0.0,
      "count": 60
    }
  },
  "verbosity": {
    "mean": null,
    "stddev": null,
    "min": null,
    "max": null,
    "median": null,
    "count": 0
  },
  "erosion": {
    "mean": null,
    "stddev": null,
    "min": null,
    "max": null,
    "median": null,
    "count": 0
  }
}