{
  "ast_grep": {
    "category_counts": {},
    "category_weighted": {},
    "counts": {},
    "rules_checked": 355,
    "violation_lines": 0,
    "violations": 0,
    "weighted": 0
  },
  "classes": {
    "attribute_counts_mean": 1.3333333333333333,
    "attribute_counts_sum": 8,
    "count": 6,
    "method_counts_mean": 4.166666666666667,
    "method_counts_sum": 25
  },
  "complexity": {
    "cc_max": 58,
    "cc_ratings": {
      "A": 69,
      "B": 11,
      "C": 5,
      "D": 0,
      "E": 0,
      "F": 2
    },
    "cc_sum": 421,
    "mi_min": 7.437657353042628,
    "mi_ratings": {
      "A": 3,
      "B": 0,
      "C": 1
    },
    "mi_sum": 122.54650280750639,
    "num_complex": 7
  },
  "file_count": 4,
  "functions": {
    "cc_concentration": 0.4851553966835468,
    "cc_extreme_count": 1,
    "cc_high_count": 6,
    "cc_max": 58,
    "cc_mean": 4.604938271604938,
    "cc_normalized": 0.027183764707573548,
    "cc_std": 6.833152662471546,
    "cc_sum": 373,
    "cc_top20": 0.5495978552278821,
    "count": 81,
    "depth_max": 5,
    "extreme_cc_mean": 58.0,
    "high_cc_mean": 20.833333333333332,
    "lines_mean": 20.246913580246915,
    "lines_sum": 1640
  },
  "graph": {
    "cyclic_dependency_mass": 0.0,
    "dependency_entropy": 0.16129032258064516,
    "edge_count": 29,
    "node_count": 31,
    "propagation_cost": 0.03763440860215054
  },
  "lines": {
    "comments": 124,
    "loc": 1304,
    "multi_comment": 24,
    "single_comment": 181,
    "total_lines": 1767
  },
  "lint": {
    "counts": {
      "ANN401": 4,
      "B904": 1,
      "BLE001": 3,
      "C901": 4,
      "DOC201": 18,
      "DOC501": 1,
      "EM101": 1,
      "EM102": 10,
      "ERA001": 1,
      "EXE001": 4,
      "F401": 4,
      "F841": 3,
      "FURB118": 2,
      "PERF203": 3,
      "PERF401": 1,
      "PLC0415": 1,
      "PLC1901": 5,
      "PLR0912": 1,
      "PLR0914": 1,
      "PLR0915": 1,
      "PLR2004": 9,
      "PLR6201": 4,
      "PLW1510": 6,
      "PLW1514": 2,
      "PTH123": 2,
      "RUF005": 6,
      "RUF013": 2,
      "RUF059": 35,
      "S101": 124,
      "S311": 1,
      "S404": 3,
      "S603": 6,
      "SIM108": 2,
      "TRY003": 11,
      "UP015": 1,
      "UP024": 3
    },
    "errors": 286,
    "fixable": 16
  },
  "redundancy": {
    "clone_lines": 247,
    "clone_ratio_sum": 0.8349684608358677,
    "cloned_sloc_lines": 244,
    "files_with_clones": 4
  },
  "source_files": [],
  "symbols": {
    "classes": 6,
    "expressions": 1920,
    "expressions_top_level": 135,
    "functions": 56,
    "globals": 0,
    "imports": 20,
    "max_imports": 8,
    "methods": 25,
    "statements": 368,
    "total": 87,
    "type_aliases": 0,
    "variables": 0
  },
  "verbosity_flagged_sloc_lines": 244,
  "waste": {
    "single_use_functions": 48,
    "trivial_wrappers": 0,
    "unused_variables": 41
  }
}