{
  "ast_grep": {
    "category_counts": {},
    "category_weighted": {},
    "counts": {},
    "rules_checked": 355,
    "violation_lines": 0,
    "violations": 0,
    "weighted": 0
  },
  "classes": {
    "attribute_counts_mean": 5.166666666666667,
    "attribute_counts_sum": 93,
    "count": 18,
    "method_counts_mean": 2.9444444444444446,
    "method_counts_sum": 53
  },
  "complexity": {
    "cc_max": 54,
    "cc_ratings": {
      "A": 60,
      "B": 5,
      "C": 8,
      "D": 1,
      "E": 2,
      "F": 2
    },
    "cc_sum": 464,
    "mi_min": 0.0,
    "mi_ratings": {
      "A": 0,
      "B": 0,
      "C": 1
    },
    "mi_sum": 0.0,
    "num_complex": 13
  },
  "file_count": 1,
  "functions": {
    "cc_concentration": 0.5267820232681746,
    "cc_extreme_count": 1,
    "cc_high_count": 8,
    "cc_max": 41,
    "cc_mean": 4.864406779661017,
    "cc_normalized": 0.029823741020747252,
    "cc_std": 6.452632788299897,
    "cc_sum": 287,
    "cc_top20": 0.5958188153310104,
    "count": 59,
    "depth_max": 5,
    "extreme_cc_mean": 41.0,
    "high_cc_mean": 18.25,
    "lines_mean": 25.677966101694917,
    "lines_sum": 1515
  },
  "graph": {
    "cyclic_dependency_mass": 0.0,
    "dependency_entropy": 0.1509944362292881,
    "edge_count": 40,
    "node_count": 58,
    "propagation_cost": 0.024500907441016333
  },
  "lines": {
    "comments": 206,
    "loc": 1138,
    "multi_comment": 4,
    "single_comment": 237,
    "total_lines": 1742
  },
  "lint": {
    "counts": {
      "ARG002": 16,
      "B007": 1,
      "C901": 6,
      "DOC201": 41,
      "EXE001": 1,
      "F401": 1,
      "F541": 1,
      "F811": 1,
      "F821": 1,
      "F823": 1,
      "F841": 3,
      "FBT001": 11,
      "FBT002": 1,
      "FBT003": 3,
      "N806": 1,
      "PLC0415": 3,
      "PLR0912": 1,
      "PLR0913": 4,
      "PLR0914": 3,
      "PLR0915": 1,
      "PLR0917": 4,
      "PLR5501": 1,
      "PLR6104": 2,
      "PLR6301": 7,
      "PLW1514": 3,
      "PLW2901": 1,
      "PTH113": 4,
      "PTH123": 4,
      "RET504": 6,
      "RET505": 1,
      "RUF005": 2,
      "SIM102": 2,
      "SIM108": 2,
      "SIM300": 2,
      "SLF001": 3,
      "UP006": 71,
      "UP015": 4,
      "UP035": 4,
      "UP045": 20
    },
    "errors": 244,
    "fixable": 109
  },
  "redundancy": {
    "clone_lines": 352,
    "clone_ratio_sum": 0.2513181019332162,
    "cloned_sloc_lines": 272,
    "files_with_clones": 1
  },
  "source_files": [],
  "symbols": {
    "classes": 18,
    "expressions": 2551,
    "expressions_top_level": 36,
    "functions": 6,
    "globals": 1,
    "imports": 13,
    "max_imports": 13,
    "methods": 53,
    "statements": 513,
    "total": 78,
    "type_aliases": 0,
    "variables": 1
  },
  "verbosity_flagged_sloc_lines": 272,
  "waste": {
    "single_use_functions": 3,
    "trivial_wrappers": 0,
    "unused_variables": 37
  }
}