{
  "ast_grep": {
    "category_counts": {},
    "category_weighted": {},
    "counts": {},
    "rules_checked": 355,
    "violation_lines": 0,
    "violations": 0,
    "weighted": 0
  },
  "classes": {
    "attribute_counts_mean": 4.25,
    "attribute_counts_sum": 51,
    "count": 12,
    "method_counts_mean": 2.1666666666666665,
    "method_counts_sum": 26
  },
  "complexity": {
    "cc_max": 16,
    "cc_ratings": {
      "A": 78,
      "B": 15,
      "C": 5,
      "D": 0,
      "E": 0,
      "F": 0
    },
    "cc_sum": 339,
    "mi_min": 12.70992525245037,
    "mi_ratings": {
      "A": 2,
      "B": 1,
      "C": 0
    },
    "mi_sum": 87.64391687950953,
    "num_complex": 5
  },
  "file_count": 3,
  "functions": {
    "cc_concentration": 0.3647723065531285,
    "cc_extreme_count": 0,
    "cc_high_count": 3,
    "cc_max": 16,
    "cc_mean": 4.054794520547945,
    "cc_normalized": 0.007588669750831912,
    "cc_std": 3.0179574170423065,
    "cc_sum": 296,
    "cc_top20": 0.42905405405405406,
    "count": 73,
    "depth_max": 4,
    "extreme_cc_mean": 0.0,
    "high_cc_mean": 15.0,
    "lines_mean": 14.616438356164384,
    "lines_sum": 1067
  },
  "graph": {
    "cyclic_dependency_mass": 0.0,
    "dependency_entropy": 0.0,
    "edge_count": 0,
    "node_count": 0,
    "propagation_cost": 0.0
  },
  "lines": {
    "comments": 84,
    "loc": 1065,
    "multi_comment": 29,
    "single_comment": 113,
    "total_lines": 1423
  },
  "lint": {
    "counts": {
      "ANN401": 1,
      "ARG002": 1,
      "B904": 2,
      "BLE001": 3,
      "C413": 1,
      "C901": 3,
      "DOC201": 25,
      "DOC501": 4,
      "E712": 5,
      "E721": 1,
      "EM101": 16,
      "EM102": 5,
      "EXE001": 3,
      "F401": 1,
      "F821": 1,
      "F841": 5,
      "FBT001": 3,
      "FBT002": 2,
      "PERF203": 1,
      "PERF401": 1,
      "PERF402": 1,
      "PLC0207": 1,
      "PLC0415": 2,
      "PLC2801": 3,
      "PLR0911": 3,
      "PLR0912": 3,
      "PLR0913": 1,
      "PLR0917": 1,
      "PLR2004": 59,
      "PLW0602": 2,
      "PT018": 3,
      "RET505": 1,
      "RUF010": 2,
      "S101": 85,
      "S104": 3,
      "S113": 58,
      "S404": 2,
      "S603": 2,
      "S605": 2,
      "S607": 2,
      "SIM102": 1,
      "TRY003": 18,
      "TRY004": 6,
      "TRY300": 3,
      "UP006": 55,
      "UP035": 4,
      "UP045": 13
    },
    "errors": 420,
    "fixable": 74
  },
  "redundancy": {
    "clone_lines": 36,
    "clone_ratio_sum": 0.05504587155963303,
    "cloned_sloc_lines": 36,
    "files_with_clones": 3
  },
  "source_files": null,
  "symbols": {
    "classes": 12,
    "expressions": 1292,
    "expressions_top_level": 16,
    "functions": 47,
    "globals": 13,
    "imports": 19,
    "max_imports": 7,
    "methods": 26,
    "statements": 392,
    "total": 98,
    "type_aliases": 0,
    "variables": 13
  },
  "verbosity_flagged_sloc_lines": 36,
  "waste": {
    "single_use_functions": 42,
    "trivial_wrappers": 0,
    "unused_variables": 14
  }
}