{
  "ast_grep": {
    "category_counts": {},
    "category_weighted": {},
    "counts": {},
    "rules_checked": 355,
    "violation_lines": 0,
    "violations": 0,
    "weighted": 0
  },
  "classes": {
    "attribute_counts_mean": 2.0,
    "attribute_counts_sum": 22,
    "count": 11,
    "method_counts_mean": 3.0,
    "method_counts_sum": 33
  },
  "complexity": {
    "cc_max": 76,
    "cc_ratings": {
      "A": 45,
      "B": 10,
      "C": 4,
      "D": 1,
      "E": 2,
      "F": 3
    },
    "cc_sum": 488,
    "mi_min": 0.0,
    "mi_ratings": {
      "A": 0,
      "B": 0,
      "C": 1
    },
    "mi_sum": 0.0,
    "num_complex": 10
  },
  "file_count": 1,
  "functions": {
    "cc_concentration": 0.5896686159844055,
    "cc_extreme_count": 2,
    "cc_high_count": 7,
    "cc_max": 76,
    "cc_mean": 6.685185185185185,
    "cc_normalized": 0.0538486028620476,
    "cc_std": 11.399808131576492,
    "cc_sum": 361,
    "cc_top20": 0.6426592797783933,
    "count": 54,
    "depth_max": 5,
    "extreme_cc_mean": 54.0,
    "high_cc_mean": 27.714285714285715,
    "lines_mean": 25.64814814814815,
    "lines_sum": 1385
  },
  "graph": {
    "cyclic_dependency_mass": 0.19148936170212766,
    "dependency_entropy": 0.37232084836411405,
    "edge_count": 93,
    "node_count": 54,
    "propagation_cost": 0.16806429070580015
  },
  "lines": {
    "comments": 99,
    "loc": 1159,
    "multi_comment": 0,
    "single_comment": 140,
    "total_lines": 1517
  },
  "lint": {
    "counts": {
      "ANN401": 9,
      "ARG001": 2,
      "B007": 2,
      "B904": 4,
      "BLE001": 5,
      "C901": 7,
      "DOC201": 35,
      "DOC501": 20,
      "E721": 2,
      "EM101": 88,
      "EXE001": 1,
      "F401": 1,
      "F541": 7,
      "F811": 1,
      "F821": 2,
      "F841": 4,
      "FBT003": 2,
      "FURB148": 2,
      "PERF203": 1,
      "PIE790": 1,
      "PLC0415": 2,
      "PLR0911": 1,
      "PLR0912": 5,
      "PLR0913": 2,
      "PLR0914": 2,
      "PLR0915": 3,
      "PLR0917": 2,
      "PLR1714": 1,
      "PLR6201": 7,
      "PLR6301": 1,
      "RET505": 9,
      "RUF010": 2,
      "RUF012": 1,
      "S110": 2,
      "SIM114": 2,
      "SIM116": 1,
      "SIM118": 1,
      "TRY300": 2,
      "UP006": 70,
      "UP035": 2,
      "UP045": 3
    },
    "errors": 317,
    "fixable": 97
  },
  "redundancy": {
    "clone_lines": 428,
    "clone_ratio_sum": 0.36928386540120794,
    "cloned_sloc_lines": 423,
    "files_with_clones": 1
  },
  "source_files": [],
  "symbols": {
    "classes": 11,
    "expressions": 1666,
    "expressions_top_level": 4,
    "functions": 21,
    "globals": 0,
    "imports": 7,
    "max_imports": 7,
    "methods": 33,
    "statements": 540,
    "total": 65,
    "type_aliases": 0,
    "variables": 0
  },
  "verbosity_flagged_sloc_lines": 423,
  "waste": {
    "single_use_functions": 7,
    "trivial_wrappers": 0,
    "unused_variables": 7
  }
}