{
  "ast_grep": {
    "category_counts": {},
    "category_weighted": {},
    "counts": {},
    "rules_checked": 355,
    "violation_lines": 0,
    "violations": 0,
    "weighted": 0
  },
  "classes": {
    "attribute_counts_mean": 2.3125,
    "attribute_counts_sum": 74,
    "count": 32,
    "method_counts_mean": 0.96875,
    "method_counts_sum": 31
  },
  "complexity": {
    "cc_max": 132,
    "cc_ratings": {
      "A": 55,
      "B": 9,
      "C": 7,
      "D": 1,
      "E": 1,
      "F": 5
    },
    "cc_sum": 706,
    "mi_min": 0.0,
    "mi_ratings": {
      "A": 0,
      "B": 0,
      "C": 1
    },
    "mi_sum": 0.0,
    "num_complex": 14
  },
  "file_count": 1,
  "functions": {
    "cc_concentration": 0.5687257165380933,
    "cc_extreme_count": 3,
    "cc_high_count": 11,
    "cc_max": 67,
    "cc_mean": 9.604651162790697,
    "cc_normalized": 0.043194361505426236,
    "cc_std": 13.089689753833197,
    "cc_sum": 413,
    "cc_top20": 0.612590799031477,
    "count": 43,
    "depth_max": 7,
    "extreme_cc_mean": 50.0,
    "high_cc_mean": 25.454545454545453,
    "lines_mean": 36.2093023255814,
    "lines_sum": 1557
  },
  "graph": {
    "cyclic_dependency_mass": 0.019230769230769232,
    "dependency_entropy": 0.3020620878706536,
    "edge_count": 70,
    "node_count": 42,
    "propagation_cost": 0.08362369337979095
  },
  "lines": {
    "comments": 188,
    "loc": 1297,
    "multi_comment": 29,
    "single_comment": 192,
    "total_lines": 1829
  },
  "lint": {
    "counts": {
      "A001": 1,
      "B904": 1,
      "BLE001": 2,
      "C901": 11,
      "DOC201": 21,
      "DOC501": 18,
      "DOC502": 1,
      "EM101": 20,
      "EM102": 39,
      "EXE001": 1,
      "F541": 1,
      "F821": 2,
      "F841": 2,
      "FBT001": 4,
      "FBT002": 1,
      "FBT003": 7,
      "FURB101": 2,
      "FURB118": 2,
      "FURB145": 1,
      "FURB156": 2,
      "PERF401": 1,
      "PIE790": 16,
      "PIE810": 2,
      "PLC0206": 1,
      "PLR0911": 5,
      "PLR0912": 8,
      "PLR0913": 1,
      "PLR0914": 2,
      "PLR0915": 4,
      "PLR0917": 1,
      "PLR1702": 2,
      "PLR1714": 2,
      "PLR2004": 3,
      "PLR5501": 2,
      "PLR6201": 10,
      "PLR6301": 1,
      "PLW1514": 2,
      "PTH123": 2,
      "RET505": 11,
      "RUF005": 1,
      "SIM108": 1,
      "SIM114": 5,
      "TRY003": 59,
      "TRY300": 2,
      "UP006": 43,
      "UP015": 2,
      "UP035": 4,
      "UP045": 7
    },
    "errors": 339,
    "fixable": 94
  },
  "redundancy": {
    "clone_lines": 280,
    "clone_ratio_sum": 0.2112567463377024,
    "cloned_sloc_lines": 270,
    "files_with_clones": 1
  },
  "source_files": [],
  "symbols": {
    "classes": 32,
    "expressions": 2704,
    "expressions_top_level": 21,
    "functions": 12,
    "globals": 3,
    "imports": 5,
    "max_imports": 5,
    "methods": 31,
    "statements": 788,
    "total": 78,
    "type_aliases": 0,
    "variables": 3
  },
  "verbosity_flagged_sloc_lines": 270,
  "waste": {
    "single_use_functions": 8,
    "trivial_wrappers": 0,
    "unused_variables": 35
  }
}