{
  "ast_grep": {
    "category_counts": {},
    "category_weighted": {},
    "counts": {},
    "rules_checked": 355,
    "violation_lines": 0,
    "violations": 0,
    "weighted": 0
  },
  "classes": {
    "attribute_counts_mean": 1.8571428571428572,
    "attribute_counts_sum": 78,
    "count": 42,
    "method_counts_mean": 1.0238095238095237,
    "method_counts_sum": 43
  },
  "complexity": {
    "cc_max": 64,
    "cc_ratings": {
      "A": 89,
      "B": 8,
      "C": 10,
      "D": 0,
      "E": 2,
      "F": 2
    },
    "cc_sum": 512,
    "mi_min": 16.54617344281388,
    "mi_ratings": {
      "A": 0,
      "B": 2,
      "C": 0
    },
    "mi_sum": 33.88757195944504,
    "num_complex": 14
  },
  "file_count": 2,
  "functions": {
    "cc_concentration": 0.4377045177045177,
    "cc_extreme_count": 0,
    "cc_high_count": 10,
    "cc_max": 17,
    "cc_mean": 5.158730158730159,
    "cc_normalized": 0.011009429280397023,
    "cc_std": 4.296308802825639,
    "cc_sum": 325,
    "cc_top20": 0.49846153846153846,
    "count": 63,
    "depth_max": 4,
    "extreme_cc_mean": 0.0,
    "high_cc_mean": 13.4,
    "lines_mean": 19.206349206349206,
    "lines_sum": 1210
  },
  "graph": {
    "cyclic_dependency_mass": 0.023255813953488372,
    "dependency_entropy": 0.3071632501811681,
    "edge_count": 47,
    "node_count": 30,
    "propagation_cost": 0.10574712643678161
  },
  "lines": {
    "comments": 133,
    "loc": 1063,
    "multi_comment": 0,
    "single_comment": 190,
    "total_lines": 1569
  },
  "lint": {
    "counts": {
      "A001": 2,
      "BLE001": 2,
      "C901": 8,
      "DOC201": 30,
      "DOC501": 18,
      "EM101": 7,
      "EM102": 29,
      "EXE001": 2,
      "F401": 7,
      "F541": 2,
      "F841": 3,
      "FBT001": 4,
      "FBT003": 4,
      "FURB101": 2,
      "FURB118": 4,
      "FURB145": 2,
      "PIE790": 20,
      "PLR0911": 2,
      "PLR0912": 5,
      "PLR0913": 2,
      "PLR0917": 2,
      "PLR6201": 4,
      "PLR6301": 1,
      "PLW1514": 2,
      "PTH123": 2,
      "RET505": 8,
      "RUF005": 2,
      "RUF010": 1,
      "SIM108": 2,
      "TRY003": 36,
      "TRY300": 2,
      "UP006": 48,
      "UP015": 2,
      "UP035": 8,
      "UP045": 13
    },
    "errors": 288,
    "fixable": 107
  },
  "redundancy": {
    "clone_lines": 73,
    "clone_ratio_sum": 0.13719971963212335,
    "cloned_sloc_lines": 73,
    "files_with_clones": 2
  },
  "source_files": [],
  "symbols": {
    "classes": 42,
    "expressions": 2001,
    "expressions_top_level": 33,
    "functions": 20,
    "globals": 6,
    "imports": 14,
    "max_imports": 7,
    "methods": 43,
    "statements": 622,
    "total": 111,
    "type_aliases": 0,
    "variables": 6
  },
  "verbosity_flagged_sloc_lines": 73,
  "waste": {
    "single_use_functions": 12,
    "trivial_wrappers": 0,
    "unused_variables": 41
  }
}