{
  "ast_grep": {
    "category_counts": {},
    "category_weighted": {},
    "counts": {},
    "rules_checked": 355,
    "violation_lines": 0,
    "violations": 0,
    "weighted": 0
  },
  "classes": {
    "attribute_counts_mean": 3.6744186046511627,
    "attribute_counts_sum": 158,
    "count": 43,
    "method_counts_mean": 1.813953488372093,
    "method_counts_sum": 78
  },
  "complexity": {
    "cc_max": 132,
    "cc_ratings": {
      "A": 93,
      "B": 11,
      "C": 16,
      "D": 3,
      "E": 1,
      "F": 4
    },
    "cc_sum": 924,
    "mi_min": 9.46644102092891,
    "mi_ratings": {
      "A": 7,
      "B": 1,
      "C": 0
    },
    "mi_sum": 395.2299761811266,
    "num_complex": 24
  },
  "file_count": 8,
  "functions": {
    "cc_concentration": 0.5483166801692322,
    "cc_extreme_count": 1,
    "cc_high_count": 20,
    "cc_max": 40,
    "cc_mean": 6.2976190476190474,
    "cc_normalized": 0.01627270873223491,
    "cc_std": 7.362850027525047,
    "cc_sum": 529,
    "cc_top20": 0.5973534971644613,
    "count": 84,
    "depth_max": 5,
    "extreme_cc_mean": 40.0,
    "high_cc_mean": 17.45,
    "lines_mean": 22.095238095238095,
    "lines_sum": 1856
  },
  "graph": {
    "cyclic_dependency_mass": 0.0830188679245283,
    "dependency_entropy": 0.48196644025763097,
    "edge_count": 207,
    "node_count": 83,
    "propagation_cost": 0.10108727593300029
  },
  "lines": {
    "comments": 139,
    "loc": 1871,
    "multi_comment": 30,
    "single_comment": 141,
    "total_lines": 2355
  },
  "lint": {
    "counts": {
      "A002": 2,
      "ANN401": 14,
      "B007": 1,
      "B904": 1,
      "BLE001": 5,
      "C901": 17,
      "DOC201": 24,
      "DOC501": 8,
      "E722": 1,
      "EM101": 5,
      "EM102": 35,
      "ERA001": 1,
      "EXE001": 1,
      "F401": 11,
      "F541": 6,
      "F841": 4,
      "FBT001": 2,
      "FBT002": 2,
      "FBT003": 2,
      "FURB101": 2,
      "FURB122": 1,
      "N818": 3,
      "PERF203": 3,
      "PLC0415": 4,
      "PLR0904": 1,
      "PLR0911": 11,
      "PLR0912": 14,
      "PLR0913": 2,
      "PLR0914": 1,
      "PLR0915": 5,
      "PLR0917": 2,
      "PLR2004": 3,
      "PLR6201": 2,
      "PLR6301": 4,
      "PLW1510": 1,
      "PLW1514": 4,
      "PLW2901": 1,
      "PTH100": 4,
      "PTH103": 2,
      "PTH107": 1,
      "PTH110": 2,
      "PTH112": 1,
      "PTH113": 3,
      "PTH117": 3,
      "PTH118": 5,
      "PTH120": 1,
      "PTH123": 4,
      "PTH208": 1,
      "RET503": 4,
      "RET504": 2,
      "RET505": 20,
      "RSE102": 2,
      "RUF013": 15,
      "RUF034": 1,
      "S404": 2,
      "S602": 1,
      "SIM102": 1,
      "SIM103": 1,
      "SIM114": 2,
      "TRY003": 40,
      "TRY004": 5,
      "TRY300": 2,
      "TRY301": 2,
      "UP006": 39,
      "UP015": 3,
      "UP035": 15,
      "UP045": 21
    },
    "errors": 411,
    "fixable": 125
  },
  "redundancy": {
    "clone_lines": 112,
    "clone_ratio_sum": 0.37723316333797274,
    "cloned_sloc_lines": 112,
    "files_with_clones": 8
  },
  "source_files": [
    "pipeline/lexer.py",
    "pipeline/parser.py",
    "pipeline/config.py",
    "pipeline/executor.py",
    "pipeline/evaluator.py",
    "pipeline/ast_nodes.py"
  ],
  "symbols": {
    "classes": 43,
    "expressions": 4837,
    "expressions_top_level": 58,
    "functions": 6,
    "globals": 1,
    "imports": 39,
    "max_imports": 12,
    "methods": 78,
    "statements": 972,
    "total": 128,
    "type_aliases": 0,
    "variables": 1
  },
  "verbosity_flagged_sloc_lines": 112,
  "waste": {
    "single_use_functions": 4,
    "trivial_wrappers": 0,
    "unused_variables": 21
  }
}