{
  "ast_grep": {
    "category_counts": {},
    "category_weighted": {},
    "counts": {},
    "rules_checked": 355,
    "violation_lines": 0,
    "violations": 0,
    "weighted": 0
  },
  "classes": {
    "attribute_counts_mean": 1.0909090909090908,
    "attribute_counts_sum": 36,
    "count": 33,
    "method_counts_mean": 2.787878787878788,
    "method_counts_sum": 92
  },
  "complexity": {
    "cc_max": 46,
    "cc_ratings": {
      "A": 128,
      "B": 9,
      "C": 19,
      "D": 1,
      "E": 2,
      "F": 1
    },
    "cc_sum": 665,
    "mi_min": 0.7030657768227392,
    "mi_ratings": {
      "A": 6,
      "B": 0,
      "C": 1
    },
    "mi_sum": 322.5700059089019,
    "num_complex": 23
  },
  "file_count": 7,
  "functions": {
    "cc_concentration": 0.6210206896551724,
    "cc_extreme_count": 3,
    "cc_high_count": 20,
    "cc_max": 46,
    "cc_mean": 4.64,
    "cc_normalized": 0.020199647117486865,
    "cc_std": 7.373010940082799,
    "cc_sum": 580,
    "cc_top20": 0.7068965517241379,
    "count": 125,
    "depth_max": 6,
    "extreme_cc_mean": 40.666666666666664,
    "high_cc_mean": 18.1,
    "lines_mean": 23.328,
    "lines_sum": 2916
  },
  "graph": {
    "cyclic_dependency_mass": 0.0,
    "dependency_entropy": 0.2750037369413923,
    "edge_count": 5,
    "node_count": 6,
    "propagation_cost": 0.23333333333333334
  },
  "lines": {
    "comments": 189,
    "loc": 2122,
    "multi_comment": 146,
    "single_comment": 289,
    "total_lines": 3127
  },
  "lint": {
    "counts": {
      "A002": 2,
      "ANN401": 25,
      "ARG001": 4,
      "ARG002": 12,
      "B007": 2,
      "B903": 1,
      "B904": 34,
      "C901": 16,
      "DOC201": 50,
      "DOC501": 16,
      "E722": 1,
      "EM101": 10,
      "EM102": 93,
      "ERA001": 1,
      "EXE001": 4,
      "F401": 11,
      "F541": 1,
      "F821": 4,
      "F841": 1,
      "FBT001": 1,
      "FBT002": 1,
      "FURB101": 4,
      "FURB110": 4,
      "FURB142": 1,
      "FURB152": 1,
      "N806": 4,
      "PERF403": 1,
      "PGH003": 3,
      "PIE790": 6,
      "PLC0415": 7,
      "PLC1901": 7,
      "PLR0911": 5,
      "PLR0912": 8,
      "PLR0913": 4,
      "PLR0914": 3,
      "PLR0915": 3,
      "PLR0917": 4,
      "PLR1702": 1,
      "PLR2004": 10,
      "PLR5501": 2,
      "PLR6201": 3,
      "PLR6301": 21,
      "PLW1514": 6,
      "PLW2901": 1,
      "PT009": 64,
      "PT027": 17,
      "PTH100": 1,
      "PTH120": 1,
      "PTH123": 6,
      "RET504": 2,
      "RET505": 12,
      "RET506": 1,
      "RET507": 2,
      "RET508": 1,
      "RUF012": 4,
      "RUF022": 1,
      "RUF023": 1,
      "RUF059": 2,
      "S310": 10,
      "SIM102": 3,
      "SIM114": 3,
      "SIM118": 1,
      "TRY003": 103,
      "TRY300": 6,
      "UP015": 5,
      "UP035": 1
    },
    "errors": 646,
    "fixable": 63
  },
  "redundancy": {
    "clone_lines": 388,
    "clone_ratio_sum": 0.6118084061862152,
    "cloned_sloc_lines": 344,
    "files_with_clones": 7
  },
  "source_files": [],
  "symbols": {
    "classes": 33,
    "expressions": 2829,
    "expressions_top_level": 96,
    "functions": 33,
    "globals": 2,
    "imports": 43,
    "max_imports": 11,
    "methods": 92,
    "statements": 872,
    "total": 160,
    "type_aliases": 0,
    "variables": 2
  },
  "verbosity_flagged_sloc_lines": 344,
  "waste": {
    "single_use_functions": 25,
    "trivial_wrappers": 0,
    "unused_variables": 16
  }
}