{
  "ast_grep": {
    "category_counts": {},
    "category_weighted": {},
    "counts": {},
    "rules_checked": 355,
    "violation_lines": 0,
    "violations": 0,
    "weighted": 0
  },
  "classes": {
    "attribute_counts_mean": 4.51063829787234,
    "attribute_counts_sum": 212,
    "count": 47,
    "method_counts_mean": 2.9148936170212765,
    "method_counts_sum": 137
  },
  "complexity": {
    "cc_max": 155,
    "cc_ratings": {
      "A": 150,
      "B": 24,
      "C": 14,
      "D": 0,
      "E": 1,
      "F": 4
    },
    "cc_sum": 1124,
    "mi_min": 0.0,
    "mi_ratings": {
      "A": 4,
      "B": 2,
      "C": 2
    },
    "mi_sum": 344.580671442054,
    "num_complex": 19
  },
  "file_count": 8,
  "functions": {
    "cc_concentration": 0.42959930123375917,
    "cc_extreme_count": 0,
    "cc_high_count": 13,
    "cc_max": 18,
    "cc_mean": 4.542253521126761,
    "cc_normalized": 0.004931662845889051,
    "cc_std": 3.801125700072739,
    "cc_sum": 645,
    "cc_top20": 0.4930232558139535,
    "count": 142,
    "depth_max": 5,
    "extreme_cc_mean": 0.0,
    "high_cc_mean": 13.538461538461538,
    "lines_mean": 13.204225352112676,
    "lines_sum": 1875
  },
  "graph": {
    "cyclic_dependency_mass": 0.0,
    "dependency_entropy": 0.0,
    "edge_count": 0,
    "node_count": 0,
    "propagation_cost": 0.0
  },
  "lines": {
    "comments": 14,
    "loc": 2063,
    "multi_comment": 6,
    "single_comment": 38,
    "total_lines": 2502
  },
  "lint": {
    "counts": {
      "ANN401": 27,
      "ARG002": 3,
      "B904": 5,
      "BLE001": 8,
      "C420": 1,
      "C901": 6,
      "DOC201": 6,
      "DOC501": 5,
      "EM101": 9,
      "EM102": 35,
      "EXE001": 1,
      "F401": 1,
      "FBT001": 3,
      "FBT003": 4,
      "FURB101": 5,
      "FURB103": 1,
      "FURB110": 2,
      "FURB113": 1,
      "FURB118": 6,
      "N801": 1,
      "N818": 4,
      "PERF203": 2,
      "PLR0904": 1,
      "PLR0911": 8,
      "PLR0912": 1,
      "PLR0913": 5,
      "PLR0914": 1,
      "PLR0917": 5,
      "PLR6201": 9,
      "PLR6301": 9,
      "PLW1510": 1,
      "PLW1514": 5,
      "PLW2901": 3,
      "PTH100": 4,
      "PTH103": 8,
      "PTH107": 1,
      "PTH109": 1,
      "PTH110": 5,
      "PTH112": 3,
      "PTH113": 5,
      "PTH117": 4,
      "PTH118": 14,
      "PTH120": 3,
      "PTH123": 10,
      "PTH207": 1,
      "PTH208": 3,
      "RSE102": 2,
      "RUF010": 1,
      "RUF013": 9,
      "S404": 1,
      "S603": 1,
      "S607": 1,
      "SIM102": 1,
      "SIM103": 1,
      "SIM114": 1,
      "SIM115": 1,
      "TRY003": 44,
      "TRY300": 4,
      "UP006": 92,
      "UP007": 1,
      "UP015": 3,
      "UP024": 1,
      "UP035": 14,
      "UP045": 50
    },
    "errors": 474,
    "fixable": 195
  },
  "redundancy": {
    "clone_lines": 96,
    "clone_ratio_sum": 0.17580850654909233,
    "cloned_sloc_lines": 96,
    "files_with_clones": 8
  },
  "source_files": null,
  "symbols": {
    "classes": 47,
    "expressions": 6297,
    "expressions_top_level": 114,
    "functions": 5,
    "globals": 4,
    "imports": 40,
    "max_imports": 16,
    "methods": 137,
    "statements": 1335,
    "total": 193,
    "type_aliases": 0,
    "variables": 4
  },
  "verbosity_flagged_sloc_lines": 96,
  "waste": {
    "single_use_functions": 5,
    "trivial_wrappers": 0,
    "unused_variables": 50
  }
}