{
  "model": "glm-5-kimi",
  "thinking": "none",
  "prompt": "just-solve",
  "agent_type": "claude_code",
  "agent_version": "2.0.51",
  "num_problems": 1,
  "num_checkpoints": 6,
  "expected_checkpoints": 6,
  "costs": {
    "checkpoint": {
      "mean": 8.779070999999998,
      "stddev": 2.604289439756033,
      "min": 5.435676,
      "max": 12.590939999999994,
      "median": 9.456114,
      "count": 6
    },
    "problem": {
      "mean": 52.67442599999999,
      "stddev": null,
      "min": 52.67442599999999,
      "max": 52.67442599999999,
      "median": 52.67442599999999,
      "count": 1
    },
    "total": 52.67442599999999
  },
  "time": {
    "checkpoint": {
      "mean": 712.0397711666667,
      "stddev": 98.95255578013864,
      "min": 564.933837,
      "max": 857.959699,
      "median": 695.2955420000001,
      "count": 6
    },
    "problem": {
      "mean": 4272.238627,
      "stddev": null,
      "min": 4272.238627,
      "max": 4272.238627,
      "median": 4272.238627,
      "count": 1
    }
  },
  "tokens": {
    "input": 16651891,
    "output": 97782,
    "cache_read": 0,
    "cache_write": 0,
    "reasoning": 0,
    "problem": {
      "input": 16651891.0,
      "output": 97782.0,
      "cache_read": 0.0,
      "cache_write": 0.0,
      "reasoning": 0.0
    },
    "checkpoint": {
      "input": 2775315.1666666665,
      "output": 16297.0,
      "cache_read": 0.0,
      "cache_write": 0.0,
      "reasoning": 0.0
    }
  },
  "steps": {
    "checkpoint": {
      "mean": 57.333333333333336,
      "stddev": 13.822686666009133,
      "min": 43.0,
      "max": 74.0,
      "median": 57.5,
      "count": 6
    },
    "problem": {
      "mean": 344.0,
      "stddev": null,
      "min": 344.0,
      "max": 344.0,
      "median": 344.0,
      "count": 1
    }
  },
  "checkpoints_solved": 0,
  "checkpoints_iso_solved": 0,
  "checkpoints_core_solved": 5,
  "problem_solved": 0.0,
  "problem_partial": 0.0,
  "pct_checkpoints_solved": 0.0,
  "pct_checkpoints_iso_solved": 0.0,
  "pct_problems_solved": 0.0,
  "pct_problems_partial": 0.0,
  "pct_checkpoints_core_solved": 83.33333333333334,
  "pass_rates": {
    "problem": {
      "core": 0.9761904761904762,
      "total": 0.8830359758968497,
      "error": 0.8099456099456099,
      "functionality": 0.8379156790921497,
      "regression": 0.8892728007058492
    },
    "checkpoint": {
      "core": 0.9761904761904762,
      "total": 0.8830359758968497,
      "error": 0.8099456099456099,
      "functionality": 0.8379156790921497,
      "regression": 0.8892728007058492
    }
  },
  "cc": {
    "high_count": {
      "mean": 6.833333333333333,
      "stddev": 3.970726214015097,
      "min": 2.0,
      "max": 11.0,
      "median": 6.5,
      "count": 6
    },
    "high_mean": {
      "mean": 15.928451178451178,
      "stddev": 2.7736584086596605,
      "min": 11.5,
      "max": 18.727272727272727,
      "median": 16.852272727272727,
      "count": 6
    },
    "max": {
      "mean": 22.333333333333332,
      "stddev": 7.146094504459528,
      "min": 12.0,
      "max": 31.0,
      "median": 23.0,
      "count": 6
    }
  },
  "ratios": {
    "rubric": {
      "mean": null,
      "stddev": null,
      "min": null,
      "max": null,
      "median": null,
      "count": 0
    },
    "lint": {
      "mean": 0.21000204044628554,
      "stddev": 0.01307085290723501,
      "min": 0.196577243293247,
      "max": 0.23089430894308943,
      "median": 0.2090852144201718,
      "count": 6
    },
    "violation_pct": {
      "mean": 0.0,
      "stddev": 0.0,
      "min": 0.0,
      "max": 0.0,
      "median": 0.0,
      "count": 6
    }
  },
  "verbosity": {
    "mean": null,
    "stddev": null,
    "min": null,
    "max": null,
    "median": null,
    "count": 0
  },
  "erosion": {
    "mean": null,
    "stddev": null,
    "min": null,
    "max": null,
    "median": null,
    "count": 0
  }
}