{
  "ast_grep": {
    "category_counts": {},
    "category_weighted": {},
    "counts": {},
    "rules_checked": 355,
    "violation_lines": 0,
    "violations": 0,
    "weighted": 0
  },
  "classes": {
    "attribute_counts_mean": 1.8571428571428572,
    "attribute_counts_sum": 13,
    "count": 7,
    "method_counts_mean": 3.142857142857143,
    "method_counts_sum": 22
  },
  "complexity": {
    "cc_max": 70,
    "cc_ratings": {
      "A": 40,
      "B": 7,
      "C": 3,
      "D": 0,
      "E": 0,
      "F": 4
    },
    "cc_sum": 442,
    "mi_min": 0.0,
    "mi_ratings": {
      "A": 0,
      "B": 0,
      "C": 1
    },
    "mi_sum": 0.0,
    "num_complex": 7
  },
  "file_count": 1,
  "functions": {
    "cc_concentration": 0.6400990656309805,
    "cc_extreme_count": 3,
    "cc_high_count": 6,
    "cc_max": 70,
    "cc_mean": 8.042553191489361,
    "cc_normalized": 0.07681360252098693,
    "cc_std": 15.281357563766198,
    "cc_sum": 378,
    "cc_top20": 0.7037037037037037,
    "count": 47,
    "depth_max": 5,
    "extreme_cc_mean": 64.33333333333333,
    "high_cc_mean": 37.833333333333336,
    "lines_mean": 35.787234042553195,
    "lines_sum": 1682
  },
  "graph": {
    "cyclic_dependency_mass": 0.15894039735099338,
    "dependency_entropy": 0.3987221652974899,
    "edge_count": 77,
    "node_count": 47,
    "propagation_cost": 0.198427382053654
  },
  "lines": {
    "comments": 73,
    "loc": 1350,
    "multi_comment": 83,
    "single_comment": 97,
    "total_lines": 1795
  },
  "lint": {
    "counts": {
      "ANN401": 4,
      "B007": 1,
      "B904": 6,
      "B905": 1,
      "BLE001": 8,
      "C901": 4,
      "DOC201": 38,
      "DOC501": 19,
      "E721": 3,
      "EM101": 112,
      "ERA001": 2,
      "EXE001": 1,
      "F401": 2,
      "F841": 2,
      "FBT001": 1,
      "FBT002": 1,
      "FBT003": 2,
      "FURB148": 1,
      "PERF203": 2,
      "PIE790": 1,
      "PLR0911": 2,
      "PLR0912": 3,
      "PLR0914": 2,
      "PLR0915": 2,
      "PLR6201": 2,
      "RET504": 1,
      "RET505": 6,
      "RUF010": 4,
      "S110": 3,
      "SIM103": 2,
      "SIM114": 1,
      "TRY203": 4,
      "TRY300": 1,
      "UP006": 74,
      "UP035": 3,
      "UP045": 1
    },
    "errors": 322,
    "fixable": 91
  },
  "redundancy": {
    "clone_lines": 735,
    "clone_ratio_sum": 0.5266666666666666,
    "cloned_sloc_lines": 709,
    "files_with_clones": 1
  },
  "source_files": [],
  "symbols": {
    "classes": 7,
    "expressions": 1462,
    "expressions_top_level": 12,
    "functions": 25,
    "globals": 0,
    "imports": 5,
    "max_imports": 5,
    "methods": 22,
    "statements": 547,
    "total": 54,
    "type_aliases": 0,
    "variables": 0
  },
  "verbosity_flagged_sloc_lines": 709,
  "waste": {
    "single_use_functions": 20,
    "trivial_wrappers": 0,
    "unused_variables": 3
  }
}