{
  "ast_grep": {
    "category_counts": {},
    "category_weighted": {},
    "counts": {},
    "rules_checked": 355,
    "violation_lines": 0,
    "violations": 0,
    "weighted": 0
  },
  "classes": {
    "attribute_counts_mean": 2.7142857142857144,
    "attribute_counts_sum": 19,
    "count": 7,
    "method_counts_mean": 2.5714285714285716,
    "method_counts_sum": 18
  },
  "complexity": {
    "cc_max": 75,
    "cc_ratings": {
      "A": 37,
      "B": 5,
      "C": 2,
      "D": 0,
      "E": 1,
      "F": 1
    },
    "cc_sum": 254,
    "mi_min": 20.0823565614325,
    "mi_ratings": {
      "A": 2,
      "B": 0,
      "C": 0
    },
    "mi_sum": 44.58122653955765,
    "num_complex": 4
  },
  "file_count": 2,
  "functions": {
    "cc_concentration": 0.6303575394181656,
    "cc_extreme_count": 2,
    "cc_high_count": 4,
    "cc_max": 75,
    "cc_mean": 6.2368421052631575,
    "cc_normalized": 0.11305120213948927,
    "cc_std": 12.926892585627119,
    "cc_sum": 237,
    "cc_top20": 0.7046413502109705,
    "count": 38,
    "depth_max": 3,
    "extreme_cc_mean": 55.0,
    "high_cc_mean": 34.5,
    "lines_mean": 30.842105263157894,
    "lines_sum": 1172
  },
  "graph": {
    "cyclic_dependency_mass": 0.0,
    "dependency_entropy": 0.08333333333333334,
    "edge_count": 22,
    "node_count": 36,
    "propagation_cost": 0.031746031746031744
  },
  "lines": {
    "comments": 102,
    "loc": 959,
    "multi_comment": 0,
    "single_comment": 120,
    "total_lines": 1320
  },
  "lint": {
    "counts": {
      "B007": 1,
      "BLE001": 2,
      "C901": 2,
      "DOC201": 18,
      "E712": 5,
      "EXE001": 2,
      "F401": 6,
      "F541": 1,
      "F841": 1,
      "FBT001": 1,
      "FBT002": 1,
      "FURB103": 19,
      "N815": 3,
      "PERF102": 1,
      "PLR0911": 1,
      "PLR0912": 2,
      "PLR0915": 1,
      "PLR0916": 2,
      "PLR2004": 10,
      "PLR5501": 9,
      "PLW1514": 21,
      "PTH123": 21,
      "RET505": 1,
      "RET508": 1,
      "SIM102": 3,
      "UP015": 2,
      "UP045": 19
    },
    "errors": 156,
    "fixable": 79
  },
  "redundancy": {
    "clone_lines": 223,
    "clone_ratio_sum": 0.46455850369725965,
    "cloned_sloc_lines": 137,
    "files_with_clones": 2
  },
  "source_files": [],
  "symbols": {
    "classes": 7,
    "expressions": 1274,
    "expressions_top_level": 99,
    "functions": 20,
    "globals": 1,
    "imports": 13,
    "max_imports": 9,
    "methods": 18,
    "statements": 207,
    "total": 46,
    "type_aliases": 0,
    "variables": 1
  },
  "verbosity_flagged_sloc_lines": 137,
  "waste": {
    "single_use_functions": 16,
    "trivial_wrappers": 0,
    "unused_variables": 2
  }
}