{
  "ast_grep": {
    "category_counts": {},
    "category_weighted": {},
    "counts": {},
    "rules_checked": 355,
    "violation_lines": 0,
    "violations": 0,
    "weighted": 0
  },
  "classes": {
    "attribute_counts_mean": 2.7777777777777777,
    "attribute_counts_sum": 25,
    "count": 9,
    "method_counts_mean": 9.11111111111111,
    "method_counts_sum": 82
  },
  "complexity": {
    "cc_max": 109,
    "cc_ratings": {
      "A": 66,
      "B": 26,
      "C": 7,
      "D": 5,
      "E": 1,
      "F": 1
    },
    "cc_sum": 711,
    "mi_min": 0.0,
    "mi_ratings": {
      "A": 12,
      "B": 0,
      "C": 1
    },
    "mi_sum": 805.2747579976623,
    "num_complex": 14
  },
  "file_count": 13,
  "functions": {
    "cc_concentration": 0.4131440335819898,
    "cc_extreme_count": 0,
    "cc_high_count": 5,
    "cc_max": 24,
    "cc_mean": 4.516483516483516,
    "cc_normalized": 0.007450557098025441,
    "cc_std": 3.7189085536324806,
    "cc_sum": 411,
    "cc_top20": 0.46715328467153283,
    "count": 91,
    "depth_max": 3,
    "extreme_cc_mean": 0.0,
    "high_cc_mean": 14.4,
    "lines_mean": 14.945054945054945,
    "lines_sum": 1360
  },
  "graph": {
    "cyclic_dependency_mass": 0.0,
    "dependency_entropy": 0.17853746319985933,
    "edge_count": 31,
    "node_count": 39,
    "propagation_cost": 0.047908232118758436
  },
  "lines": {
    "comments": 13,
    "loc": 1367,
    "multi_comment": 4,
    "single_comment": 32,
    "total_lines": 1585
  },
  "lint": {
    "counts": {
      "ANN401": 9,
      "ARG002": 1,
      "C401": 2,
      "C901": 1,
      "DOC201": 4,
      "DOC501": 2,
      "EM102": 1,
      "EXE001": 1,
      "FLY002": 1,
      "FURB101": 1,
      "FURB103": 2,
      "FURB113": 10,
      "PLC1901": 5,
      "PLR0911": 2,
      "PLR0912": 1,
      "PLR0914": 1,
      "PLR2004": 12,
      "PLR5501": 1,
      "PLR6201": 10,
      "PLR6301": 35,
      "PLW2901": 5,
      "PTH100": 6,
      "PTH123": 23,
      "RUF015": 1,
      "S324": 6,
      "SIM102": 1,
      "SIM103": 5,
      "TRY003": 1,
      "UP006": 96,
      "UP015": 15,
      "UP028": 1,
      "UP035": 15,
      "UP045": 26
    },
    "errors": 303,
    "fixable": 164
  },
  "redundancy": {
    "clone_lines": 82,
    "clone_ratio_sum": 0.3827583518501535,
    "cloned_sloc_lines": 82,
    "files_with_clones": 13
  },
  "source_files": [],
  "symbols": {
    "classes": 9,
    "expressions": 2998,
    "expressions_top_level": 26,
    "functions": 9,
    "globals": 6,
    "imports": 40,
    "max_imports": 5,
    "methods": 82,
    "statements": 842,
    "total": 106,
    "type_aliases": 0,
    "variables": 6
  },
  "verbosity_flagged_sloc_lines": 82,
  "waste": {
    "single_use_functions": 7,
    "trivial_wrappers": 1,
    "unused_variables": 14
  }
}