{
  "ast_grep": {
    "category_counts": {},
    "category_weighted": {},
    "counts": {},
    "rules_checked": 355,
    "violation_lines": 0,
    "violations": 0,
    "weighted": 0
  },
  "classes": {
    "attribute_counts_mean": 2.3333333333333335,
    "attribute_counts_sum": 63,
    "count": 27,
    "method_counts_mean": 0.8518518518518519,
    "method_counts_sum": 23
  },
  "complexity": {
    "cc_max": 51,
    "cc_ratings": {
      "A": 61,
      "B": 4,
      "C": 7,
      "D": 7,
      "E": 0,
      "F": 1
    },
    "cc_sum": 426,
    "mi_min": 0.0,
    "mi_ratings": {
      "A": 0,
      "B": 0,
      "C": 1
    },
    "mi_sum": 0.0,
    "num_complex": 15
  },
  "file_count": 1,
  "functions": {
    "cc_concentration": 0.5717829457364341,
    "cc_extreme_count": 0,
    "cc_high_count": 14,
    "cc_max": 30,
    "cc_mean": 8.720930232558139,
    "cc_normalized": 0.02848575661375662,
    "cc_std": 9.651857905026686,
    "cc_sum": 375,
    "cc_top20": 0.5893333333333334,
    "count": 43,
    "depth_max": 5,
    "extreme_cc_mean": 0.0,
    "high_cc_mean": 21.428571428571427,
    "lines_mean": 35.51162790697674,
    "lines_sum": 1527
  },
  "graph": {
    "cyclic_dependency_mass": 0.052083333333333336,
    "dependency_entropy": 0.2509279355085924,
    "edge_count": 48,
    "node_count": 40,
    "propagation_cost": 0.060897435897435896
  },
  "lines": {
    "comments": 140,
    "loc": 1299,
    "multi_comment": 15,
    "single_comment": 129,
    "total_lines": 1719
  },
  "lint": {
    "counts": {
      "ARG001": 1,
      "B007": 6,
      "B904": 1,
      "BLE001": 2,
      "C420": 2,
      "C901": 14,
      "DOC201": 12,
      "DOC501": 27,
      "EM101": 8,
      "EM102": 70,
      "ERA001": 1,
      "EXE001": 1,
      "F541": 10,
      "F841": 2,
      "FURB101": 2,
      "FURB118": 2,
      "N801": 1,
      "N806": 4,
      "N818": 1,
      "PLC1901": 1,
      "PLR0911": 3,
      "PLR0912": 11,
      "PLR0913": 1,
      "PLR0914": 2,
      "PLR0915": 6,
      "PLR0917": 1,
      "PLR2004": 2,
      "PLR6201": 9,
      "PLW1514": 2,
      "PTH113": 2,
      "PTH123": 2,
      "RET505": 8,
      "RET506": 2,
      "RUF005": 1,
      "RUF023": 8,
      "RUF059": 7,
      "SIM114": 3,
      "TRY003": 78,
      "UP015": 2
    },
    "errors": 318,
    "fixable": 41
  },
  "redundancy": {
    "clone_lines": 249,
    "clone_ratio_sum": 0.19168591224018475,
    "cloned_sloc_lines": 249,
    "files_with_clones": 1
  },
  "source_files": [],
  "symbols": {
    "classes": 27,
    "expressions": 1888,
    "expressions_top_level": 11,
    "functions": 20,
    "globals": 10,
    "imports": 5,
    "max_imports": 5,
    "methods": 23,
    "statements": 449,
    "total": 80,
    "type_aliases": 0,
    "variables": 10
  },
  "verbosity_flagged_sloc_lines": 249,
  "waste": {
    "single_use_functions": 12,
    "trivial_wrappers": 0,
    "unused_variables": 20
  }
}