{
  "ast_grep": {
    "category_counts": {},
    "category_weighted": {},
    "counts": {},
    "rules_checked": 355,
    "violation_lines": 0,
    "violations": 0,
    "weighted": 0
  },
  "classes": {
    "attribute_counts_mean": 4.0,
    "attribute_counts_sum": 12,
    "count": 3,
    "method_counts_mean": 1.3333333333333333,
    "method_counts_sum": 4
  },
  "complexity": {
    "cc_max": 59,
    "cc_ratings": {
      "A": 15,
      "B": 15,
      "C": 3,
      "D": 1,
      "E": 1,
      "F": 3
    },
    "cc_sum": 401,
    "mi_min": 0.0,
    "mi_ratings": {
      "A": 0,
      "B": 0,
      "C": 1
    },
    "mi_sum": 0.0,
    "num_complex": 8
  },
  "file_count": 1,
  "functions": {
    "cc_concentration": 0.46540330417881437,
    "cc_extreme_count": 3,
    "cc_high_count": 7,
    "cc_max": 59,
    "cc_mean": 11.433333333333334,
    "cc_normalized": 0.0411454762720553,
    "cc_std": 12.702656071246196,
    "cc_sum": 343,
    "cc_top20": 0.5510204081632653,
    "count": 30,
    "depth_max": 6,
    "extreme_cc_mean": 44.666666666666664,
    "high_cc_mean": 28.857142857142858,
    "lines_mean": 36.1,
    "lines_sum": 1083
  },
  "graph": {
    "cyclic_dependency_mass": 0.0,
    "dependency_entropy": 0.12133363357246363,
    "edge_count": 40,
    "node_count": 29,
    "propagation_cost": 0.05295566502463054
  },
  "lines": {
    "comments": 82,
    "loc": 873,
    "multi_comment": 9,
    "single_comment": 109,
    "total_lines": 1192
  },
  "lint": {
    "counts": {
      "ANN401": 9,
      "B007": 1,
      "B904": 5,
      "B905": 1,
      "BLE001": 3,
      "C901": 6,
      "DOC201": 24,
      "DOC501": 12,
      "E721": 1,
      "EXE001": 1,
      "F401": 3,
      "FURB110": 1,
      "FURB148": 1,
      "PERF401": 4,
      "PIE790": 2,
      "PLC0206": 1,
      "PLC1901": 2,
      "PLR0911": 1,
      "PLR0912": 4,
      "PLR0913": 1,
      "PLR0914": 2,
      "PLR0915": 3,
      "PLR0917": 1,
      "PLR1702": 2,
      "PLR1714": 1,
      "PLR2004": 3,
      "PLW2901": 2,
      "PTH123": 1,
      "PTH201": 1,
      "RET504": 2,
      "RET505": 6,
      "RET506": 2,
      "RUF005": 4,
      "RUF013": 7,
      "SIM102": 3,
      "TRY300": 6,
      "TRY301": 5,
      "UP015": 1
    },
    "errors": 135,
    "fixable": 17
  },
  "redundancy": {
    "clone_lines": 82,
    "clone_ratio_sum": 0.09392898052691867,
    "cloned_sloc_lines": 82,
    "files_with_clones": 1
  },
  "source_files": [],
  "symbols": {
    "classes": 3,
    "expressions": 1295,
    "expressions_top_level": 6,
    "functions": 26,
    "globals": 5,
    "imports": 9,
    "max_imports": 9,
    "methods": 4,
    "statements": 391,
    "total": 38,
    "type_aliases": 0,
    "variables": 5
  },
  "verbosity_flagged_sloc_lines": 82,
  "waste": {
    "single_use_functions": 13,
    "trivial_wrappers": 0,
    "unused_variables": 8
  }
}