{
  "ast_grep": {
    "category_counts": {},
    "category_weighted": {},
    "counts": {},
    "rules_checked": 355,
    "violation_lines": 0,
    "violations": 0,
    "weighted": 0
  },
  "classes": {
    "attribute_counts_mean": 4.866666666666666,
    "attribute_counts_sum": 73,
    "count": 15,
    "method_counts_mean": 1.6666666666666667,
    "method_counts_sum": 25
  },
  "complexity": {
    "cc_max": 74,
    "cc_ratings": {
      "A": 39,
      "B": 7,
      "C": 4,
      "D": 4,
      "E": 2,
      "F": 3
    },
    "cc_sum": 505,
    "mi_min": 0.0,
    "mi_ratings": {
      "A": 0,
      "B": 0,
      "C": 1
    },
    "mi_sum": 0.0,
    "num_complex": 13
  },
  "file_count": 1,
  "functions": {
    "cc_concentration": 0.5844093735054997,
    "cc_extreme_count": 4,
    "cc_high_count": 11,
    "cc_max": 55,
    "cc_mean": 9.951219512195122,
    "cc_normalized": 0.040035383025759326,
    "cc_std": 12.749414142446302,
    "cc_sum": 408,
    "cc_top20": 0.6617647058823529,
    "count": 41,
    "depth_max": 6,
    "extreme_cc_mean": 42.5,
    "high_cc_mean": 26.636363636363637,
    "lines_mean": 43.8780487804878,
    "lines_sum": 1799
  },
  "graph": {
    "cyclic_dependency_mass": 0.0,
    "dependency_entropy": 0.3074511586314446,
    "edge_count": 45,
    "node_count": 41,
    "propagation_cost": 0.07317073170731707
  },
  "lines": {
    "comments": 229,
    "loc": 1397,
    "multi_comment": 28,
    "single_comment": 248,
    "total_lines": 2023
  },
  "lint": {
    "counts": {
      "ARG001": 5,
      "ARG002": 5,
      "BLE001": 9,
      "C401": 6,
      "C901": 8,
      "DOC201": 30,
      "DOC501": 3,
      "EM101": 2,
      "EM102": 2,
      "ERA001": 1,
      "EXE001": 1,
      "F401": 1,
      "F841": 4,
      "FBT001": 4,
      "FBT002": 1,
      "PERF401": 2,
      "PLR0911": 1,
      "PLR0912": 7,
      "PLR0913": 5,
      "PLR0914": 7,
      "PLR0915": 5,
      "PLR0917": 5,
      "PLR1702": 2,
      "PLR2004": 4,
      "PLR5501": 1,
      "PLR6301": 1,
      "PLW1514": 3,
      "PTH118": 4,
      "PTH123": 3,
      "RET505": 3,
      "RUF005": 3,
      "RUF059": 12,
      "SIM102": 6,
      "TRY003": 4,
      "UP006": 64,
      "UP015": 3,
      "UP032": 38,
      "UP035": 4,
      "UP045": 38
    },
    "errors": 307,
    "fixable": 151
  },
  "redundancy": {
    "clone_lines": 418,
    "clone_ratio_sum": 0.2727272727272727,
    "cloned_sloc_lines": 379,
    "files_with_clones": 1
  },
  "source_files": [],
  "symbols": {
    "classes": 15,
    "expressions": 2637,
    "expressions_top_level": 34,
    "functions": 16,
    "globals": 3,
    "imports": 13,
    "max_imports": 13,
    "methods": 25,
    "statements": 506,
    "total": 59,
    "type_aliases": 0,
    "variables": 3
  },
  "verbosity_flagged_sloc_lines": 379,
  "waste": {
    "single_use_functions": 7,
    "trivial_wrappers": 0,
    "unused_variables": 35
  }
}