{
  "ast_grep": {
    "category_counts": {},
    "category_weighted": {},
    "counts": {},
    "rules_checked": 355,
    "violation_lines": 0,
    "violations": 0,
    "weighted": 0
  },
  "classes": {
    "attribute_counts_mean": 4.428571428571429,
    "attribute_counts_sum": 217,
    "count": 49,
    "method_counts_mean": 2.9183673469387754,
    "method_counts_sum": 143
  },
  "complexity": {
    "cc_max": 178,
    "cc_ratings": {
      "A": 155,
      "B": 24,
      "C": 18,
      "D": 0,
      "E": 1,
      "F": 4
    },
    "cc_sum": 1231,
    "mi_min": 0.0,
    "mi_ratings": {
      "A": 4,
      "B": 2,
      "C": 2
    },
    "mi_sum": 341.4443829022294,
    "num_complex": 23
  },
  "file_count": 8,
  "functions": {
    "cc_concentration": 0.4364420938069825,
    "cc_extreme_count": 0,
    "cc_high_count": 17,
    "cc_max": 18,
    "cc_mean": 4.718120805369128,
    "cc_normalized": 0.004791604471092299,
    "cc_std": 3.986600083849733,
    "cc_sum": 703,
    "cc_top20": 0.492176386913229,
    "count": 149,
    "depth_max": 5,
    "extreme_cc_mean": 0.0,
    "high_cc_mean": 13.352941176470589,
    "lines_mean": 13.630872483221477,
    "lines_sum": 2031
  },
  "graph": {
    "cyclic_dependency_mass": 0.0,
    "dependency_entropy": 0.0,
    "edge_count": 0,
    "node_count": 0,
    "propagation_cost": 0.0
  },
  "lines": {
    "comments": 8,
    "loc": 2212,
    "multi_comment": 0,
    "single_comment": 22,
    "total_lines": 2650
  },
  "lint": {
    "counts": {
      "ANN401": 27,
      "ARG002": 3,
      "B904": 5,
      "BLE001": 8,
      "C420": 1,
      "C901": 8,
      "DOC201": 3,
      "DOC501": 5,
      "EM101": 8,
      "EM102": 37,
      "EXE001": 1,
      "F401": 1,
      "FBT001": 3,
      "FBT003": 4,
      "FURB101": 5,
      "FURB103": 1,
      "FURB110": 2,
      "FURB113": 1,
      "FURB118": 6,
      "N801": 1,
      "N818": 4,
      "PERF203": 2,
      "PLR0904": 1,
      "PLR0911": 8,
      "PLR0912": 2,
      "PLR0913": 6,
      "PLR0914": 1,
      "PLR0917": 6,
      "PLR6201": 12,
      "PLR6301": 9,
      "PLW1510": 1,
      "PLW1514": 5,
      "PLW2901": 3,
      "PTH100": 4,
      "PTH103": 8,
      "PTH107": 1,
      "PTH109": 1,
      "PTH110": 5,
      "PTH112": 3,
      "PTH113": 5,
      "PTH117": 4,
      "PTH118": 14,
      "PTH120": 3,
      "PTH123": 10,
      "PTH207": 1,
      "PTH208": 3,
      "RSE102": 2,
      "RUF010": 1,
      "RUF013": 9,
      "S404": 1,
      "S603": 1,
      "S607": 1,
      "SIM102": 1,
      "SIM103": 1,
      "SIM114": 6,
      "SIM115": 1,
      "TRY003": 45,
      "TRY300": 4,
      "UP006": 101,
      "UP007": 1,
      "UP015": 3,
      "UP024": 1,
      "UP035": 14,
      "UP045": 55
    },
    "errors": 500,
    "fixable": 214
  },
  "redundancy": {
    "clone_lines": 96,
    "clone_ratio_sum": 0.16441938390490993,
    "cloned_sloc_lines": 96,
    "files_with_clones": 8
  },
  "source_files": null,
  "symbols": {
    "classes": 49,
    "expressions": 6858,
    "expressions_top_level": 121,
    "functions": 6,
    "globals": 4,
    "imports": 41,
    "max_imports": 17,
    "methods": 143,
    "statements": 1420,
    "total": 202,
    "type_aliases": 0,
    "variables": 4
  },
  "verbosity_flagged_sloc_lines": 96,
  "waste": {
    "single_use_functions": 5,
    "trivial_wrappers": 0,
    "unused_variables": 59
  }
}