{
  "ast_grep": {
    "category_counts": {},
    "category_weighted": {},
    "counts": {},
    "rules_checked": 355,
    "violation_lines": 0,
    "violations": 0,
    "weighted": 0
  },
  "classes": {
    "attribute_counts_mean": 0.5,
    "attribute_counts_sum": 1,
    "count": 2,
    "method_counts_mean": 1.0,
    "method_counts_sum": 2
  },
  "complexity": {
    "cc_max": 41,
    "cc_ratings": {
      "A": 57,
      "B": 6,
      "C": 6,
      "D": 0,
      "E": 1,
      "F": 1
    },
    "cc_sum": 296,
    "mi_min": 5.99244976708465,
    "mi_ratings": {
      "A": 15,
      "B": 0,
      "C": 1
    },
    "mi_sum": 1230.8464692435296,
    "num_complex": 8
  },
  "file_count": 16,
  "functions": {
    "cc_concentration": 0.5929350403034613,
    "cc_extreme_count": 2,
    "cc_high_count": 8,
    "cc_max": 41,
    "cc_mean": 5.192982456140351,
    "cc_normalized": 0.03867240490973599,
    "cc_std": 7.710008793054158,
    "cc_sum": 296,
    "cc_top20": 0.6621621621621622,
    "count": 57,
    "depth_max": 5,
    "extreme_cc_mean": 38.5,
    "high_cc_mean": 20.25,
    "lines_mean": 22.24561403508772,
    "lines_sum": 1268
  },
  "graph": {
    "cyclic_dependency_mass": 0.075,
    "dependency_entropy": 0.19761692614398826,
    "edge_count": 29,
    "node_count": 28,
    "propagation_cost": 0.082010582010582
  },
  "lines": {
    "comments": 140,
    "loc": 1022,
    "multi_comment": 58,
    "single_comment": 155,
    "total_lines": 1530
  },
  "lint": {
    "counts": {
      "ARG001": 4,
      "B007": 2,
      "B904": 1,
      "C901": 4,
      "DOC201": 27,
      "DOC501": 2,
      "EM101": 1,
      "EM102": 23,
      "ERA001": 1,
      "EXE001": 1,
      "F821": 14,
      "F822": 19,
      "F841": 6,
      "FBT001": 1,
      "FIX002": 1,
      "FURB101": 2,
      "FURB103": 1,
      "FURB118": 2,
      "INP001": 7,
      "PERF401": 1,
      "PLR0911": 1,
      "PLR0912": 5,
      "PLR0913": 3,
      "PLR0914": 3,
      "PLR0915": 3,
      "PLR0917": 3,
      "PLR6201": 3,
      "PTH112": 1,
      "PTH113": 1,
      "PTH123": 4,
      "RET505": 2,
      "RUF005": 7,
      "RUF022": 8,
      "RUF034": 2,
      "S105": 1,
      "SIM103": 1,
      "TD002": 1,
      "TD003": 1,
      "TRY003": 24,
      "TRY004": 2,
      "UP006": 48,
      "UP015": 3,
      "UP035": 4,
      "UP045": 3
    },
    "errors": 254,
    "fixable": 73
  },
  "redundancy": {
    "clone_lines": 42,
    "clone_ratio_sum": 0.05343511450381679,
    "cloned_sloc_lines": 42,
    "files_with_clones": 16
  },
  "source_files": [],
  "symbols": {
    "classes": 2,
    "expressions": 1037,
    "expressions_top_level": 11,
    "functions": 55,
    "globals": 12,
    "imports": 31,
    "max_imports": 15,
    "methods": 2,
    "statements": 321,
    "total": 71,
    "type_aliases": 0,
    "variables": 12
  },
  "verbosity_flagged_sloc_lines": 42,
  "waste": {
    "single_use_functions": 39,
    "trivial_wrappers": 7,
    "unused_variables": 24
  }
}