{
  "ast_grep": {
    "category_counts": {},
    "category_weighted": {},
    "counts": {},
    "rules_checked": 355,
    "violation_lines": 0,
    "violations": 0,
    "weighted": 0
  },
  "classes": {
    "attribute_counts_mean": 4.454545454545454,
    "attribute_counts_sum": 98,
    "count": 22,
    "method_counts_mean": 2.5,
    "method_counts_sum": 55
  },
  "complexity": {
    "cc_max": 125,
    "cc_ratings": {
      "A": 60,
      "B": 17,
      "C": 4,
      "D": 1,
      "E": 2,
      "F": 1
    },
    "cc_sum": 496,
    "mi_min": 0.0,
    "mi_ratings": {
      "A": 0,
      "B": 0,
      "C": 1
    },
    "mi_sum": 0.0,
    "num_complex": 8
  },
  "file_count": 1,
  "functions": {
    "cc_concentration": 0.4626428065918512,
    "cc_extreme_count": 1,
    "cc_high_count": 6,
    "cc_max": 33,
    "cc_mean": 4.984126984126984,
    "cc_normalized": 0.01874642562218712,
    "cc_std": 5.416498284042404,
    "cc_sum": 314,
    "cc_top20": 0.5063694267515924,
    "count": 63,
    "depth_max": 5,
    "extreme_cc_mean": 33.0,
    "high_cc_mean": 18.166666666666668,
    "lines_mean": 17.349206349206348,
    "lines_sum": 1093
  },
  "graph": {
    "cyclic_dependency_mass": 0.0125,
    "dependency_entropy": 0.3883759226879932,
    "edge_count": 82,
    "node_count": 54,
    "propagation_cost": 0.04612159329140461
  },
  "lines": {
    "comments": 136,
    "loc": 1068,
    "multi_comment": 5,
    "single_comment": 134,
    "total_lines": 1440
  },
  "lint": {
    "counts": {
      "ANN401": 6,
      "B904": 1,
      "BLE001": 1,
      "C901": 6,
      "DOC201": 27,
      "DOC501": 19,
      "E721": 1,
      "EM101": 28,
      "EM102": 10,
      "ERA001": 1,
      "EXE001": 1,
      "F401": 2,
      "F811": 9,
      "F821": 1,
      "F841": 1,
      "FURB103": 1,
      "PERF401": 1,
      "PLR0904": 1,
      "PLR0911": 2,
      "PLR0912": 4,
      "PLR0915": 1,
      "PLR1714": 3,
      "PLR6201": 1,
      "PLW2901": 1,
      "PTH123": 2,
      "RET505": 13,
      "RUF001": 1,
      "RUF005": 2,
      "RUF010": 1,
      "RUF012": 1,
      "SIM102": 1,
      "TRY003": 38,
      "TRY301": 5,
      "UP006": 24,
      "UP015": 1,
      "UP035": 4,
      "UP045": 15
    },
    "errors": 237,
    "fixable": 59
  },
  "redundancy": {
    "clone_lines": 362,
    "clone_ratio_sum": 0.29775280898876405,
    "cloned_sloc_lines": 306,
    "files_with_clones": 1
  },
  "source_files": [],
  "symbols": {
    "classes": 22,
    "expressions": 3452,
    "expressions_top_level": 28,
    "functions": 8,
    "globals": 0,
    "imports": 6,
    "max_imports": 6,
    "methods": 55,
    "statements": 581,
    "total": 85,
    "type_aliases": 0,
    "variables": 0
  },
  "verbosity_flagged_sloc_lines": 306,
  "waste": {
    "single_use_functions": 7,
    "trivial_wrappers": 0,
    "unused_variables": 8
  }
}