{
  "ast_grep": {
    "category_counts": {},
    "category_weighted": {},
    "counts": {},
    "rules_checked": 355,
    "violation_lines": 0,
    "violations": 0,
    "weighted": 0
  },
  "classes": {
    "attribute_counts_mean": 3.7,
    "attribute_counts_sum": 37,
    "count": 10,
    "method_counts_mean": 4.1,
    "method_counts_sum": 41
  },
  "complexity": {
    "cc_max": 73,
    "cc_ratings": {
      "A": 38,
      "B": 10,
      "C": 2,
      "D": 3,
      "E": 1,
      "F": 5
    },
    "cc_sum": 571,
    "mi_min": 0.0,
    "mi_ratings": {
      "A": 0,
      "B": 0,
      "C": 1
    },
    "mi_sum": 0.0,
    "num_complex": 11
  },
  "file_count": 1,
  "functions": {
    "cc_concentration": 0.5806709265175719,
    "cc_extreme_count": 2,
    "cc_high_count": 7,
    "cc_max": 45,
    "cc_mean": 7.113636363636363,
    "cc_normalized": 0.039422769471216215,
    "cc_std": 9.368963877812915,
    "cc_sum": 313,
    "cc_top20": 0.6421725239616614,
    "count": 44,
    "depth_max": 5,
    "extreme_cc_mean": 38.5,
    "high_cc_mean": 26.0,
    "lines_mean": 21.204545454545453,
    "lines_sum": 933
  },
  "graph": {
    "cyclic_dependency_mass": 0.0,
    "dependency_entropy": 0.18414641474545324,
    "edge_count": 37,
    "node_count": 43,
    "propagation_cost": 0.04318936877076412
  },
  "lines": {
    "comments": 96,
    "loc": 809,
    "multi_comment": 4,
    "single_comment": 121,
    "total_lines": 1081
  },
  "lint": {
    "counts": {
      "ANN401": 4,
      "ARG002": 4,
      "B007": 1,
      "B904": 5,
      "B905": 2,
      "BLE001": 6,
      "C901": 7,
      "DOC201": 24,
      "DOC501": 16,
      "EM101": 15,
      "EM102": 59,
      "ERA001": 1,
      "EXE001": 1,
      "F401": 6,
      "F541": 5,
      "F811": 1,
      "F821": 4,
      "F841": 3,
      "FURB101": 1,
      "FURB103": 1,
      "N802": 1,
      "PD008": 1,
      "PD011": 3,
      "PERF203": 2,
      "PERF401": 1,
      "PIE810": 1,
      "PLC0415": 2,
      "PLR0911": 3,
      "PLR0912": 5,
      "PLR0915": 2,
      "PLR1714": 2,
      "PLR2004": 4,
      "PLR6104": 1,
      "PLR6201": 9,
      "PLR6301": 9,
      "PLW1514": 2,
      "PLW2901": 1,
      "PTH123": 2,
      "RET505": 6,
      "RUF005": 1,
      "RUF013": 1,
      "RUF021": 2,
      "SIM102": 2,
      "SIM201": 1,
      "SIM202": 1,
      "TRY003": 74,
      "TRY301": 9,
      "UP006": 20,
      "UP007": 1,
      "UP015": 1,
      "UP024": 4,
      "UP035": 2
    },
    "errors": 342,
    "fixable": 49
  },
  "redundancy": {
    "clone_lines": 93,
    "clone_ratio_sum": 0.10877626699629171,
    "cloned_sloc_lines": 84,
    "files_with_clones": 1
  },
  "source_files": [],
  "symbols": {
    "classes": 10,
    "expressions": 2413,
    "expressions_top_level": 6,
    "functions": 3,
    "globals": 5,
    "imports": 14,
    "max_imports": 14,
    "methods": 41,
    "statements": 755,
    "total": 59,
    "type_aliases": 0,
    "variables": 5
  },
  "verbosity_flagged_sloc_lines": 84,
  "waste": {
    "single_use_functions": 3,
    "trivial_wrappers": 0,
    "unused_variables": 18
  }
}