{
  "ast_grep": {
    "category_counts": {},
    "category_weighted": {},
    "counts": {},
    "rules_checked": 355,
    "violation_lines": 0,
    "violations": 0,
    "weighted": 0
  },
  "classes": {
    "attribute_counts_mean": 0.0,
    "attribute_counts_sum": 0,
    "count": 0,
    "method_counts_mean": 0.0,
    "method_counts_sum": 0
  },
  "complexity": {
    "cc_max": 107,
    "cc_ratings": {
      "A": 18,
      "B": 4,
      "C": 4,
      "D": 2,
      "E": 0,
      "F": 3
    },
    "cc_sum": 369,
    "mi_min": 10.43134433310823,
    "mi_ratings": {
      "A": 1,
      "B": 1,
      "C": 0
    },
    "mi_sum": 34.388744425356855,
    "num_complex": 9
  },
  "file_count": 2,
  "functions": {
    "cc_concentration": 0.6640608713779446,
    "cc_extreme_count": 3,
    "cc_high_count": 9,
    "cc_max": 107,
    "cc_mean": 14.192307692307692,
    "cc_normalized": 0.1035718010296634,
    "cc_std": 23.28951563389712,
    "cc_sum": 369,
    "cc_top20": 0.7398373983739838,
    "count": 26,
    "depth_max": 8,
    "extreme_cc_mean": 68.66666666666667,
    "high_cc_mean": 34.888888888888886,
    "lines_mean": 59.07692307692308,
    "lines_sum": 1536
  },
  "graph": {
    "cyclic_dependency_mass": 0.0,
    "dependency_entropy": 0.1357348758778833,
    "edge_count": 38,
    "node_count": 22,
    "propagation_cost": 0.12121212121212122
  },
  "lines": {
    "comments": 168,
    "loc": 1142,
    "multi_comment": 19,
    "single_comment": 172,
    "total_lines": 1598
  },
  "lint": {
    "counts": {
      "ARG001": 1,
      "B904": 1,
      "BLE001": 19,
      "C901": 9,
      "DOC201": 16,
      "DOC501": 8,
      "E712": 18,
      "EM101": 8,
      "EM102": 3,
      "EXE001": 2,
      "F401": 1,
      "F541": 2,
      "F841": 2,
      "PERF401": 5,
      "PLC1901": 4,
      "PLR0911": 5,
      "PLR0912": 6,
      "PLR0914": 3,
      "PLR0915": 4,
      "PLR1702": 1,
      "PLR1714": 2,
      "PLR2004": 52,
      "PLR6201": 5,
      "PT018": 1,
      "RET503": 1,
      "RET505": 2,
      "RUF010": 4,
      "RUF013": 1,
      "RUF059": 1,
      "S101": 89,
      "S310": 1,
      "S324": 2,
      "S404": 1,
      "S603": 7,
      "SIM102": 2,
      "SIM118": 4,
      "TRY002": 2,
      "TRY003": 11,
      "TRY203": 1,
      "TRY300": 1,
      "TRY301": 4
    },
    "errors": 312,
    "fixable": 10
  },
  "redundancy": {
    "clone_lines": 238,
    "clone_ratio_sum": 0.35570543143958905,
    "cloned_sloc_lines": 224,
    "files_with_clones": 2
  },
  "source_files": [],
  "symbols": {
    "classes": 0,
    "expressions": 1224,
    "expressions_top_level": 36,
    "functions": 26,
    "globals": 5,
    "imports": 20,
    "max_imports": 14,
    "methods": 0,
    "statements": 430,
    "total": 31,
    "type_aliases": 0,
    "variables": 5
  },
  "verbosity_flagged_sloc_lines": 224,
  "waste": {
    "single_use_functions": 12,
    "trivial_wrappers": 0,
    "unused_variables": 13
  }
}