{
  "ast_grep": {
    "category_counts": {},
    "category_weighted": {},
    "counts": {},
    "rules_checked": 355,
    "violation_lines": 0,
    "violations": 0,
    "weighted": 0
  },
  "classes": {
    "attribute_counts_mean": 3.4444444444444446,
    "attribute_counts_sum": 31,
    "count": 9,
    "method_counts_mean": 10.11111111111111,
    "method_counts_sum": 91
  },
  "complexity": {
    "cc_max": 116,
    "cc_ratings": {
      "A": 70,
      "B": 29,
      "C": 6,
      "D": 8,
      "E": 1,
      "F": 1
    },
    "cc_sum": 782,
    "mi_min": 0.0,
    "mi_ratings": {
      "A": 12,
      "B": 0,
      "C": 1
    },
    "mi_sum": 793.6449113936324,
    "num_complex": 16
  },
  "file_count": 13,
  "functions": {
    "cc_concentration": 0.43962637362637363,
    "cc_extreme_count": 0,
    "cc_high_count": 7,
    "cc_max": 24,
    "cc_mean": 4.55,
    "cc_normalized": 0.007761469299930841,
    "cc_std": 4.0085136669570955,
    "cc_sum": 455,
    "cc_top20": 0.4747252747252747,
    "count": 100,
    "depth_max": 4,
    "extreme_cc_mean": 0.0,
    "high_cc_mean": 14.714285714285714,
    "lines_mean": 21.23,
    "lines_sum": 2123
  },
  "graph": {
    "cyclic_dependency_mass": 0.0,
    "dependency_entropy": 0.1982523270720217,
    "edge_count": 39,
    "node_count": 40,
    "propagation_cost": 0.060897435897435896
  },
  "lines": {
    "comments": 61,
    "loc": 1854,
    "multi_comment": 76,
    "single_comment": 152,
    "total_lines": 2403
  },
  "lint": {
    "counts": {
      "ANN401": 11,
      "ARG002": 2,
      "B007": 2,
      "C401": 2,
      "C901": 5,
      "DOC201": 69,
      "DOC402": 12,
      "DOC501": 2,
      "E712": 2,
      "EM102": 1,
      "EXE001": 1,
      "F401": 5,
      "F841": 1,
      "FURB101": 1,
      "FURB103": 2,
      "FURB113": 36,
      "FURB148": 1,
      "PERF102": 1,
      "PERF401": 1,
      "PLC1901": 7,
      "PLR0911": 5,
      "PLR0912": 4,
      "PLR0914": 1,
      "PLR0915": 2,
      "PLR2004": 12,
      "PLR6201": 2,
      "PLR6301": 46,
      "PLW2901": 6,
      "PTH100": 6,
      "PTH123": 23,
      "RET505": 3,
      "RUF015": 1,
      "S324": 6,
      "SIM102": 1,
      "SIM103": 5,
      "SIM114": 2,
      "TRY003": 1,
      "UP006": 104,
      "UP015": 15,
      "UP028": 1,
      "UP035": 15,
      "UP045": 9
    },
    "errors": 434,
    "fixable": 164
  },
  "redundancy": {
    "clone_lines": 136,
    "clone_ratio_sum": 0.45681111557229354,
    "cloned_sloc_lines": 132,
    "files_with_clones": 13
  },
  "source_files": [],
  "symbols": {
    "classes": 9,
    "expressions": 4607,
    "expressions_top_level": 271,
    "functions": 9,
    "globals": 6,
    "imports": 44,
    "max_imports": 8,
    "methods": 91,
    "statements": 994,
    "total": 115,
    "type_aliases": 0,
    "variables": 6
  },
  "verbosity_flagged_sloc_lines": 132,
  "waste": {
    "single_use_functions": 6,
    "trivial_wrappers": 0,
    "unused_variables": 21
  }
}