{
  "ast_grep": {
    "category_counts": {},
    "category_weighted": {},
    "counts": {},
    "rules_checked": 355,
    "violation_lines": 0,
    "violations": 0,
    "weighted": 0
  },
  "classes": {
    "attribute_counts_mean": 0.0,
    "attribute_counts_sum": 0,
    "count": 9,
    "method_counts_mean": 1.0,
    "method_counts_sum": 9
  },
  "complexity": {
    "cc_max": 55,
    "cc_ratings": {
      "A": 103,
      "B": 28,
      "C": 7,
      "D": 0,
      "E": 0,
      "F": 2
    },
    "cc_sum": 644,
    "mi_min": 7.280482281398129,
    "mi_ratings": {
      "A": 6,
      "B": 1,
      "C": 1
    },
    "mi_sum": 284.663030029406,
    "num_complex": 9
  },
  "file_count": 8,
  "functions": {
    "cc_concentration": 0.4633486828014564,
    "cc_extreme_count": 2,
    "cc_high_count": 9,
    "cc_max": 55,
    "cc_mean": 5.551724137931035,
    "cc_normalized": 0.01398161302821449,
    "cc_std": 7.0702620670772465,
    "cc_sum": 644,
    "cc_top20": 0.5170807453416149,
    "count": 116,
    "depth_max": 6,
    "extreme_cc_mean": 51.5,
    "high_cc_mean": 22.666666666666668,
    "lines_mean": 24.439655172413794,
    "lines_sum": 2835
  },
  "graph": {
    "cyclic_dependency_mass": 0.0,
    "dependency_entropy": 0.0,
    "edge_count": 0,
    "node_count": 0,
    "propagation_cost": 0.0
  },
  "lines": {
    "comments": 257,
    "loc": 2330,
    "multi_comment": 39,
    "single_comment": 324,
    "total_lines": 3233
  },
  "lint": {
    "counts": {
      "ARG001": 2,
      "B007": 5,
      "B904": 1,
      "BLE001": 16,
      "C901": 6,
      "DOC201": 28,
      "DOC501": 3,
      "EM101": 7,
      "EXE001": 8,
      "F401": 18,
      "F541": 2,
      "F821": 4,
      "F841": 3,
      "FURB118": 2,
      "FURB152": 1,
      "FURB171": 1,
      "N802": 1,
      "N806": 1,
      "PERF203": 6,
      "PERF401": 1,
      "PIE790": 3,
      "PLC0415": 20,
      "PLC1901": 3,
      "PLR0911": 5,
      "PLR0912": 5,
      "PLR0914": 3,
      "PLR0915": 4,
      "PLR1702": 1,
      "PLR2004": 126,
      "PLR6201": 6,
      "PLW1514": 5,
      "PLW2901": 1,
      "PTH100": 2,
      "PTH103": 1,
      "PTH108": 13,
      "PTH110": 1,
      "PTH111": 1,
      "PTH119": 9,
      "PTH120": 11,
      "PTH123": 9,
      "PTH208": 1,
      "RET505": 5,
      "RUF005": 1,
      "RUF010": 1,
      "RUF059": 3,
      "S101": 255,
      "S110": 1,
      "S113": 136,
      "S324": 2,
      "S404": 1,
      "SIM108": 1,
      "SIM115": 2,
      "TRY003": 7,
      "TRY300": 6,
      "TRY301": 1,
      "UP015": 2
    },
    "errors": 770,
    "fixable": 53
  },
  "redundancy": {
    "clone_lines": 525,
    "clone_ratio_sum": 1.3468678841065689,
    "cloned_sloc_lines": 452,
    "files_with_clones": 8
  },
  "source_files": null,
  "symbols": {
    "classes": 9,
    "expressions": 3080,
    "expressions_top_level": 192,
    "functions": 107,
    "globals": 15,
    "imports": 98,
    "max_imports": 16,
    "methods": 9,
    "statements": 686,
    "total": 140,
    "type_aliases": 0,
    "variables": 15
  },
  "verbosity_flagged_sloc_lines": 452,
  "waste": {
    "single_use_functions": 98,
    "trivial_wrappers": 0,
    "unused_variables": 31
  }
}