{
  "ast_grep": {
    "category_counts": {},
    "category_weighted": {},
    "counts": {},
    "rules_checked": 355,
    "violation_lines": 0,
    "violations": 0,
    "weighted": 0
  },
  "classes": {
    "attribute_counts_mean": 4.0,
    "attribute_counts_sum": 4,
    "count": 1,
    "method_counts_mean": 15.0,
    "method_counts_sum": 15
  },
  "complexity": {
    "cc_max": 103,
    "cc_ratings": {
      "A": 49,
      "B": 1,
      "C": 3,
      "D": 4,
      "E": 0,
      "F": 3
    },
    "cc_sum": 400,
    "mi_min": 0.0,
    "mi_ratings": {
      "A": 4,
      "B": 0,
      "C": 1
    },
    "mi_sum": 258.60361179400456,
    "num_complex": 10
  },
  "file_count": 5,
  "functions": {
    "cc_concentration": 0.6467140541214615,
    "cc_extreme_count": 2,
    "cc_high_count": 9,
    "cc_max": 61,
    "cc_mean": 11.0,
    "cc_normalized": 0.08113771750135386,
    "cc_std": 16.281183098194155,
    "cc_sum": 297,
    "cc_top20": 0.7306397306397306,
    "count": 27,
    "depth_max": 6,
    "extreme_cc_mean": 59.0,
    "high_cc_mean": 28.77777777777778,
    "lines_mean": 37.629629629629626,
    "lines_sum": 1016
  },
  "graph": {
    "cyclic_dependency_mass": 0.23880597014925373,
    "dependency_entropy": 0.4289026109855632,
    "edge_count": 38,
    "node_count": 22,
    "propagation_cost": 0.3203463203463203
  },
  "lines": {
    "comments": 130,
    "loc": 1234,
    "multi_comment": 6,
    "single_comment": 141,
    "total_lines": 1581
  },
  "lint": {
    "counts": {
      "ANN401": 15,
      "ARG001": 1,
      "BLE001": 1,
      "C901": 8,
      "DOC201": 25,
      "DOC501": 3,
      "EM101": 3,
      "EM102": 4,
      "ERA001": 1,
      "EXE001": 5,
      "F541": 1,
      "F601": 1,
      "FURB110": 1,
      "PLR0911": 6,
      "PLR0912": 5,
      "PLR0914": 1,
      "PLR0915": 5,
      "PLR1702": 1,
      "PLR2004": 2,
      "PLR6201": 10,
      "PLW1510": 4,
      "RET505": 3,
      "RUF012": 2,
      "RUF013": 5,
      "S101": 12,
      "S105": 2,
      "S404": 4,
      "S603": 1,
      "S607": 3,
      "SIM102": 2,
      "SIM116": 1,
      "TRY003": 7,
      "UP034": 1
    },
    "errors": 146,
    "fixable": 10
  },
  "redundancy": {
    "clone_lines": 104,
    "clone_ratio_sum": 0.23356662549746124,
    "cloned_sloc_lines": 99,
    "files_with_clones": 5
  },
  "source_files": [],
  "symbols": {
    "classes": 1,
    "expressions": 1170,
    "expressions_top_level": 25,
    "functions": 12,
    "globals": 32,
    "imports": 13,
    "max_imports": 4,
    "methods": 15,
    "statements": 545,
    "total": 60,
    "type_aliases": 0,
    "variables": 32
  },
  "verbosity_flagged_sloc_lines": 99,
  "waste": {
    "single_use_functions": 4,
    "trivial_wrappers": 0,
    "unused_variables": 5
  }
}