{
  "ast_grep": {
    "category_counts": {},
    "category_weighted": {},
    "counts": {},
    "rules_checked": 355,
    "violation_lines": 0,
    "violations": 0,
    "weighted": 0
  },
  "classes": {
    "attribute_counts_mean": 0.0,
    "attribute_counts_sum": 0,
    "count": 1,
    "method_counts_mean": 0.0,
    "method_counts_sum": 0
  },
  "complexity": {
    "cc_max": 32,
    "cc_ratings": {
      "A": 8,
      "B": 2,
      "C": 6,
      "D": 3,
      "E": 1,
      "F": 0
    },
    "cc_sum": 221,
    "mi_min": 8.583450944037677,
    "mi_ratings": {
      "A": 0,
      "B": 0,
      "C": 1
    },
    "mi_sum": 8.583450944037677,
    "num_complex": 10
  },
  "file_count": 1,
  "functions": {
    "cc_concentration": 0.42343415098833054,
    "cc_extreme_count": 1,
    "cc_high_count": 10,
    "cc_max": 32,
    "cc_mean": 11.631578947368421,
    "cc_normalized": 0.03234077016350106,
    "cc_std": 9.117812397937161,
    "cc_sum": 221,
    "cc_top20": 0.46153846153846156,
    "count": 19,
    "depth_max": 11,
    "extreme_cc_mean": 32.0,
    "high_cc_mean": 18.6,
    "lines_mean": 51.36842105263158,
    "lines_sum": 976
  },
  "graph": {
    "cyclic_dependency_mass": 0.0,
    "dependency_entropy": 0.2878705642976822,
    "edge_count": 22,
    "node_count": 17,
    "propagation_cost": 0.16176470588235295
  },
  "lines": {
    "comments": 62,
    "loc": 696,
    "multi_comment": 55,
    "single_comment": 66,
    "total_lines": 974
  },
  "lint": {
    "counts": {
      "ANN401": 3,
      "ARG001": 4,
      "B007": 1,
      "B904": 10,
      "C901": 9,
      "DOC201": 13,
      "DOC501": 8,
      "DOC502": 1,
      "EM101": 5,
      "EM102": 31,
      "EXE001": 1,
      "FBT001": 1,
      "FBT002": 1,
      "FURB101": 2,
      "FURB118": 1,
      "PERF203": 1,
      "PIE790": 2,
      "PLR0911": 3,
      "PLR0912": 6,
      "PLR0913": 1,
      "PLR0914": 2,
      "PLR0915": 2,
      "PLR0917": 1,
      "PLR1702": 2,
      "PLR2004": 8,
      "PLR5501": 1,
      "PLR6201": 3,
      "PLW1514": 2,
      "PTH123": 2,
      "Q004": 2,
      "RET504": 3,
      "RET505": 4,
      "SIM108": 1,
      "SIM114": 3,
      "TRY003": 36,
      "TRY004": 1,
      "TRY203": 1,
      "TRY300": 1,
      "TRY301": 1,
      "UP015": 2
    },
    "errors": 182,
    "fixable": 18
  },
  "redundancy": {
    "clone_lines": 73,
    "clone_ratio_sum": 0.10488505747126436,
    "cloned_sloc_lines": 73,
    "files_with_clones": 1
  },
  "source_files": [],
  "symbols": {
    "classes": 1,
    "expressions": 718,
    "expressions_top_level": 3,
    "functions": 19,
    "globals": 0,
    "imports": 8,
    "max_imports": 8,
    "methods": 0,
    "statements": 258,
    "total": 20,
    "type_aliases": 0,
    "variables": 0
  },
  "verbosity_flagged_sloc_lines": 73,
  "waste": {
    "single_use_functions": 14,
    "trivial_wrappers": 0,
    "unused_variables": 3
  }
}