{
  "ast_grep": {
    "category_counts": {},
    "category_weighted": {},
    "counts": {},
    "rules_checked": 355,
    "violation_lines": 0,
    "violations": 0,
    "weighted": 0
  },
  "classes": {
    "attribute_counts_mean": 2.5172413793103448,
    "attribute_counts_sum": 73,
    "count": 29,
    "method_counts_mean": 10.10344827586207,
    "method_counts_sum": 293
  },
  "complexity": {
    "cc_max": 216,
    "cc_ratings": {
      "A": 214,
      "B": 86,
      "C": 26,
      "D": 21,
      "E": 4,
      "F": 6
    },
    "cc_sum": 2639,
    "mi_min": 0.0,
    "mi_ratings": {
      "A": 48,
      "B": 0,
      "C": 1
    },
    "mi_sum": 3336.2415310032547,
    "num_complex": 57
  },
  "file_count": 49,
  "functions": {
    "cc_concentration": 0.46314419780142096,
    "cc_extreme_count": 2,
    "cc_high_count": 28,
    "cc_max": 35,
    "cc_mean": 4.8980263157894735,
    "cc_normalized": 0.003311497252071448,
    "cc_std": 4.91439550915749,
    "cc_sum": 1489,
    "cc_top20": 0.5016789791806582,
    "count": 304,
    "depth_max": 6,
    "extreme_cc_mean": 35.0,
    "high_cc_mean": 16.321428571428573,
    "lines_mean": 20.45394736842105,
    "lines_sum": 6218
  },
  "graph": {
    "cyclic_dependency_mass": 0.0,
    "dependency_entropy": 0.20246962306091595,
    "edge_count": 80,
    "node_count": 83,
    "propagation_cost": 0.028063473405818395
  },
  "lines": {
    "comments": 147,
    "loc": 5944,
    "multi_comment": 82,
    "single_comment": 197,
    "total_lines": 7012
  },
  "lint": {
    "counts": {
      "ANN401": 24,
      "ARG002": 13,
      "B007": 5,
      "B023": 3,
      "B905": 1,
      "C401": 2,
      "C901": 16,
      "DOC201": 25,
      "DOC501": 2,
      "EM102": 1,
      "EXE001": 1,
      "F401": 35,
      "F541": 73,
      "F841": 14,
      "FBT001": 2,
      "FLY002": 1,
      "FURB101": 1,
      "FURB103": 5,
      "FURB113": 22,
      "FURB148": 2,
      "FURB188": 1,
      "PERF401": 1,
      "PLC1901": 19,
      "PLR0911": 2,
      "PLR0912": 9,
      "PLR0913": 1,
      "PLR0914": 4,
      "PLR0915": 7,
      "PLR0917": 1,
      "PLR1702": 5,
      "PLR1714": 4,
      "PLR2004": 44,
      "PLR5501": 1,
      "PLR6201": 15,
      "PLR6301": 96,
      "PLW2901": 21,
      "PTH100": 24,
      "PTH123": 80,
      "Q004": 1,
      "RET504": 2,
      "RUF010": 3,
      "RUF015": 1,
      "S324": 24,
      "SIM102": 3,
      "SIM103": 19,
      "TRY003": 1,
      "UP006": 298,
      "UP015": 51,
      "UP028": 3,
      "UP035": 70,
      "UP045": 109
    },
    "errors": 1168,
    "fixable": 658
  },
  "redundancy": {
    "clone_lines": 546,
    "clone_ratio_sum": 1.9487936565919364,
    "cloned_sloc_lines": 545,
    "files_with_clones": 49
  },
  "source_files": [],
  "symbols": {
    "classes": 29,
    "expressions": 11091,
    "expressions_top_level": 102,
    "functions": 11,
    "globals": 24,
    "imports": 166,
    "max_imports": 6,
    "methods": 293,
    "statements": 2941,
    "total": 357,
    "type_aliases": 0,
    "variables": 24
  },
  "verbosity_flagged_sloc_lines": 545,
  "waste": {
    "single_use_functions": 6,
    "trivial_wrappers": 1,
    "unused_variables": 56
  }
}