{
  "ast_grep": {
    "category_counts": {},
    "category_weighted": {},
    "counts": {},
    "rules_checked": 355,
    "violation_lines": 0,
    "violations": 0,
    "weighted": 0
  },
  "classes": {
    "attribute_counts_mean": 2.0,
    "attribute_counts_sum": 8,
    "count": 4,
    "method_counts_mean": 8.5,
    "method_counts_sum": 34
  },
  "complexity": {
    "cc_max": 74,
    "cc_ratings": {
      "A": 68,
      "B": 5,
      "C": 6,
      "D": 2,
      "E": 0,
      "F": 1
    },
    "cc_sum": 420,
    "mi_min": 8.465984108633306,
    "mi_ratings": {
      "A": 1,
      "B": 0,
      "C": 1
    },
    "mi_sum": 35.177125801260395,
    "num_complex": 9
  },
  "file_count": 2,
  "functions": {
    "cc_concentration": 0.44087865425445044,
    "cc_extreme_count": 0,
    "cc_high_count": 6,
    "cc_max": 26,
    "cc_mean": 4.0256410256410255,
    "cc_normalized": 0.014054467581994055,
    "cc_std": 4.214922035526608,
    "cc_sum": 314,
    "cc_top20": 0.5063694267515924,
    "count": 78,
    "depth_max": 4,
    "extreme_cc_mean": 0.0,
    "high_cc_mean": 15.833333333333334,
    "lines_mean": 15.564102564102564,
    "lines_sum": 1214
  },
  "graph": {
    "cyclic_dependency_mass": 0.0,
    "dependency_entropy": 0.3942189723222633,
    "edge_count": 72,
    "node_count": 54,
    "propagation_cost": 0.025506638714185886
  },
  "lines": {
    "comments": 101,
    "loc": 947,
    "multi_comment": 17,
    "single_comment": 176,
    "total_lines": 1355
  },
  "lint": {
    "counts": {
      "ANN401": 1,
      "ARG001": 8,
      "BLE001": 1,
      "C901": 3,
      "DOC201": 30,
      "EXE001": 2,
      "F401": 2,
      "F841": 2,
      "FURB118": 3,
      "PERF203": 1,
      "PERF401": 2,
      "PLR0912": 2,
      "PLR0914": 1,
      "PLR0915": 2,
      "PLR2004": 8,
      "PLR5501": 1,
      "PLR6201": 1,
      "PLR6301": 4,
      "PLW1510": 1,
      "PLW1514": 6,
      "PTH123": 6,
      "RET503": 2,
      "RUF005": 1,
      "RUF013": 4,
      "S101": 62,
      "S404": 1,
      "S603": 1,
      "SIM102": 1,
      "SIM110": 2,
      "SIM114": 2,
      "UP015": 3
    },
    "errors": 166,
    "fixable": 15
  },
  "redundancy": {
    "clone_lines": 202,
    "clone_ratio_sum": 0.462678792803492,
    "cloned_sloc_lines": 182,
    "files_with_clones": 2
  },
  "source_files": [],
  "symbols": {
    "classes": 4,
    "expressions": 1497,
    "expressions_top_level": 63,
    "functions": 44,
    "globals": 0,
    "imports": 13,
    "max_imports": 8,
    "methods": 34,
    "statements": 375,
    "total": 82,
    "type_aliases": 0,
    "variables": 0
  },
  "verbosity_flagged_sloc_lines": 182,
  "waste": {
    "single_use_functions": 41,
    "trivial_wrappers": 0,
    "unused_variables": 5
  }
}