{
  "ast_grep": {
    "category_counts": {},
    "category_weighted": {},
    "counts": {},
    "rules_checked": 355,
    "violation_lines": 0,
    "violations": 0,
    "weighted": 0
  },
  "classes": {
    "attribute_counts_mean": 2.25,
    "attribute_counts_sum": 18,
    "count": 8,
    "method_counts_mean": 7.0,
    "method_counts_sum": 56
  },
  "complexity": {
    "cc_max": 68,
    "cc_ratings": {
      "A": 106,
      "B": 13,
      "C": 9,
      "D": 3,
      "E": 1,
      "F": 2
    },
    "cc_sum": 686,
    "mi_min": 0.0,
    "mi_ratings": {
      "A": 1,
      "B": 0,
      "C": 1
    },
    "mi_sum": 26.711141692627088,
    "num_complex": 15
  },
  "file_count": 2,
  "functions": {
    "cc_concentration": 0.5185439132331858,
    "cc_extreme_count": 1,
    "cc_high_count": 10,
    "cc_max": 68,
    "cc_mean": 4.311475409836065,
    "cc_normalized": 0.02167633735506364,
    "cc_std": 7.011303703545958,
    "cc_sum": 526,
    "cc_top20": 0.5817490494296578,
    "count": 122,
    "depth_max": 4,
    "extreme_cc_mean": 68.0,
    "high_cc_mean": 20.1,
    "lines_mean": 16.959016393442624,
    "lines_sum": 2069
  },
  "graph": {
    "cyclic_dependency_mass": 0.0,
    "dependency_entropy": 0.3614407350929829,
    "edge_count": 154,
    "node_count": 98,
    "propagation_cost": 0.01672627814012203
  },
  "lines": {
    "comments": 172,
    "loc": 1579,
    "multi_comment": 52,
    "single_comment": 279,
    "total_lines": 2315
  },
  "lint": {
    "counts": {
      "ANN401": 1,
      "ARG001": 12,
      "ARG005": 5,
      "BLE001": 4,
      "C901": 5,
      "DOC201": 55,
      "DOC501": 1,
      "EM101": 2,
      "ERA001": 1,
      "EXE001": 2,
      "F401": 2,
      "F841": 3,
      "FURB101": 1,
      "FURB103": 2,
      "FURB118": 5,
      "N806": 2,
      "PERF203": 1,
      "PERF401": 2,
      "PLR0912": 3,
      "PLR0914": 1,
      "PLR0915": 2,
      "PLR2004": 8,
      "PLR5501": 1,
      "PLR6201": 2,
      "PLR6301": 4,
      "PLW1510": 1,
      "PLW1514": 15,
      "PTH123": 14,
      "RET503": 2,
      "RET505": 1,
      "RUF005": 2,
      "RUF013": 9,
      "S101": 62,
      "S404": 1,
      "S603": 1,
      "SIM102": 2,
      "SIM110": 2,
      "SIM114": 3,
      "SLF001": 2,
      "UP015": 7,
      "UP035": 1
    },
    "errors": 252,
    "fixable": 33
  },
  "redundancy": {
    "clone_lines": 399,
    "clone_ratio_sum": 0.5170438603456946,
    "cloned_sloc_lines": 354,
    "files_with_clones": 2
  },
  "source_files": [],
  "symbols": {
    "classes": 8,
    "expressions": 2499,
    "expressions_top_level": 113,
    "functions": 66,
    "globals": 4,
    "imports": 14,
    "max_imports": 9,
    "methods": 56,
    "statements": 612,
    "total": 134,
    "type_aliases": 0,
    "variables": 4
  },
  "verbosity_flagged_sloc_lines": 354,
  "waste": {
    "single_use_functions": 61,
    "trivial_wrappers": 0,
    "unused_variables": 15
  }
}