{
  "ast_grep": {
    "category_counts": {},
    "category_weighted": {},
    "counts": {},
    "rules_checked": 355,
    "violation_lines": 0,
    "violations": 0,
    "weighted": 0
  },
  "classes": {
    "attribute_counts_mean": 1.5185185185185186,
    "attribute_counts_sum": 41,
    "count": 27,
    "method_counts_mean": 0.9629629629629629,
    "method_counts_sum": 26
  },
  "complexity": {
    "cc_max": 47,
    "cc_ratings": {
      "A": 69,
      "B": 5,
      "C": 3,
      "D": 1,
      "E": 2,
      "F": 3
    },
    "cc_sum": 370,
    "mi_min": 0.0,
    "mi_ratings": {
      "A": 0,
      "B": 0,
      "C": 1
    },
    "mi_sum": 0.0,
    "num_complex": 9
  },
  "file_count": 1,
  "functions": {
    "cc_concentration": 0.654192546583851,
    "cc_extreme_count": 4,
    "cc_high_count": 8,
    "cc_max": 47,
    "cc_mean": 8.05,
    "cc_normalized": 0.059390514967074516,
    "cc_std": 12.40750393294936,
    "cc_sum": 322,
    "cc_top20": 0.7111801242236024,
    "count": 40,
    "depth_max": 6,
    "extreme_cc_mean": 41.5,
    "high_cc_mean": 28.625,
    "lines_mean": 37.525,
    "lines_sum": 1501
  },
  "graph": {
    "cyclic_dependency_mass": 0.039603960396039604,
    "dependency_entropy": 0.2832024121547293,
    "edge_count": 46,
    "node_count": 38,
    "propagation_cost": 0.07467994310099574
  },
  "lines": {
    "comments": 146,
    "loc": 1215,
    "multi_comment": 46,
    "single_comment": 148,
    "total_lines": 1701
  },
  "lint": {
    "counts": {
      "A001": 1,
      "A002": 1,
      "B007": 3,
      "B023": 2,
      "B904": 4,
      "BLE001": 1,
      "C901": 9,
      "DOC201": 14,
      "DOC501": 21,
      "EM101": 4,
      "EM102": 54,
      "ERA001": 2,
      "EXE001": 1,
      "F401": 1,
      "F541": 5,
      "F811": 1,
      "FBT001": 3,
      "FURB105": 2,
      "FURB118": 1,
      "PLC0415": 1,
      "PLR0911": 3,
      "PLR0912": 10,
      "PLR0913": 1,
      "PLR0914": 4,
      "PLR0915": 5,
      "PLR0917": 1,
      "PLR1702": 1,
      "PLR2004": 3,
      "PLR6201": 13,
      "PLW1514": 1,
      "PLW2901": 1,
      "PTH110": 2,
      "PTH123": 1,
      "RET505": 12,
      "RET507": 3,
      "RET508": 1,
      "RUF005": 1,
      "RUF013": 2,
      "S105": 15,
      "SIM102": 2,
      "TRY003": 58,
      "TRY004": 1,
      "TRY300": 1,
      "UP006": 32,
      "UP015": 1,
      "UP035": 4,
      "UP045": 12
    },
    "errors": 322,
    "fixable": 73
  },
  "redundancy": {
    "clone_lines": 235,
    "clone_ratio_sum": 0.19012345679012346,
    "cloned_sloc_lines": 231,
    "files_with_clones": 1
  },
  "source_files": [],
  "symbols": {
    "classes": 27,
    "expressions": 1529,
    "expressions_top_level": 17,
    "functions": 14,
    "globals": 16,
    "imports": 7,
    "max_imports": 7,
    "methods": 26,
    "statements": 498,
    "total": 83,
    "type_aliases": 0,
    "variables": 16
  },
  "verbosity_flagged_sloc_lines": 231,
  "waste": {
    "single_use_functions": 10,
    "trivial_wrappers": 0,
    "unused_variables": 18
  }
}