{
  "ast_grep": {
    "category_counts": {},
    "category_weighted": {},
    "counts": {},
    "rules_checked": 355,
    "violation_lines": 0,
    "violations": 0,
    "weighted": 0
  },
  "classes": {
    "attribute_counts_mean": 1.4594594594594594,
    "attribute_counts_sum": 54,
    "count": 37,
    "method_counts_mean": 0.7567567567567568,
    "method_counts_sum": 28
  },
  "complexity": {
    "cc_max": 74,
    "cc_ratings": {
      "A": 85,
      "B": 13,
      "C": 9,
      "D": 4,
      "E": 2,
      "F": 9
    },
    "cc_sum": 923,
    "mi_min": 0.0,
    "mi_ratings": {
      "A": 0,
      "B": 0,
      "C": 1
    },
    "mi_sum": 0.0,
    "num_complex": 24
  },
  "file_count": 1,
  "functions": {
    "cc_concentration": 0.6167784679089027,
    "cc_extreme_count": 10,
    "cc_high_count": 23,
    "cc_max": 74,
    "cc_mean": 12.681159420289855,
    "cc_normalized": 0.024795582232893156,
    "cc_std": 16.587107638538033,
    "cc_sum": 875,
    "cc_top20": 0.6674285714285715,
    "count": 69,
    "depth_max": 7,
    "extreme_cc_mean": 48.3,
    "high_cc_mean": 31.130434782608695,
    "lines_mean": 57.7536231884058,
    "lines_sum": 3985
  },
  "graph": {
    "cyclic_dependency_mass": 0.0196078431372549,
    "dependency_entropy": 0.3049792089693304,
    "edge_count": 115,
    "node_count": 61,
    "propagation_cost": 0.07049180327868852
  },
  "lines": {
    "comments": 404,
    "loc": 2957,
    "multi_comment": 131,
    "single_comment": 413,
    "total_lines": 4188
  },
  "lint": {
    "counts": {
      "A001": 1,
      "A002": 1,
      "ARG001": 3,
      "B007": 3,
      "B023": 2,
      "B904": 7,
      "BLE001": 1,
      "C414": 3,
      "C416": 2,
      "C420": 3,
      "C901": 25,
      "DOC201": 29,
      "DOC501": 40,
      "EM101": 13,
      "EM102": 115,
      "ERA001": 2,
      "EXE001": 1,
      "F541": 7,
      "F841": 10,
      "FBT001": 9,
      "FURB103": 4,
      "FURB105": 2,
      "FURB110": 1,
      "FURB113": 1,
      "FURB118": 4,
      "FURB142": 1,
      "FURB161": 1,
      "N818": 1,
      "PERF401": 5,
      "PERF403": 1,
      "PIE810": 1,
      "PLC0206": 1,
      "PLC0207": 1,
      "PLC0415": 2,
      "PLR0911": 5,
      "PLR0912": 20,
      "PLR0913": 4,
      "PLR0914": 13,
      "PLR0915": 12,
      "PLR0917": 4,
      "PLR1702": 5,
      "PLR2004": 4,
      "PLR6201": 20,
      "PLW1514": 7,
      "PLW2901": 3,
      "PTH110": 8,
      "PTH122": 2,
      "PTH123": 7,
      "RET503": 1,
      "RET504": 2,
      "RET505": 19,
      "RET507": 3,
      "RET508": 1,
      "RUF005": 1,
      "RUF013": 2,
      "RUF059": 3,
      "S105": 15,
      "SIM102": 2,
      "SIM108": 3,
      "SIM114": 1,
      "TRY003": 128,
      "TRY004": 2,
      "TRY300": 6,
      "UP006": 147,
      "UP015": 3,
      "UP035": 4,
      "UP045": 24
    },
    "errors": 784,
    "fixable": 232
  },
  "redundancy": {
    "clone_lines": 946,
    "clone_ratio_sum": 0.31078796077105175,
    "cloned_sloc_lines": 919,
    "files_with_clones": 1
  },
  "source_files": [],
  "symbols": {
    "classes": 37,
    "expressions": 3307,
    "expressions_top_level": 19,
    "functions": 41,
    "globals": 16,
    "imports": 7,
    "max_imports": 7,
    "methods": 28,
    "statements": 1049,
    "total": 122,
    "type_aliases": 0,
    "variables": 16
  },
  "verbosity_flagged_sloc_lines": 919,
  "waste": {
    "single_use_functions": 22,
    "trivial_wrappers": 0,
    "unused_variables": 38
  }
}