{
  "ast_grep": {
    "category_counts": {},
    "category_weighted": {},
    "counts": {},
    "rules_checked": 355,
    "violation_lines": 0,
    "violations": 0,
    "weighted": 0
  },
  "classes": {
    "attribute_counts_mean": 0.0,
    "attribute_counts_sum": 0,
    "count": 10,
    "method_counts_mean": 1.0,
    "method_counts_sum": 10
  },
  "complexity": {
    "cc_max": 55,
    "cc_ratings": {
      "A": 118,
      "B": 30,
      "C": 7,
      "D": 1,
      "E": 0,
      "F": 2
    },
    "cc_sum": 712,
    "mi_min": 0.9821623566123154,
    "mi_ratings": {
      "A": 7,
      "B": 1,
      "C": 1
    },
    "mi_sum": 324.8103953469191,
    "num_complex": 10
  },
  "file_count": 9,
  "functions": {
    "cc_concentration": 0.46893088185223014,
    "cc_extreme_count": 2,
    "cc_high_count": 10,
    "cc_max": 55,
    "cc_mean": 5.393939393939394,
    "cc_normalized": 0.01231856857459782,
    "cc_std": 6.878173883071328,
    "cc_sum": 712,
    "cc_top20": 0.5196629213483146,
    "count": 132,
    "depth_max": 6,
    "extreme_cc_mean": 51.5,
    "high_cc_mean": 22.7,
    "lines_mean": 23.916666666666668,
    "lines_sum": 3157
  },
  "graph": {
    "cyclic_dependency_mass": 0.0,
    "dependency_entropy": 0.0,
    "edge_count": 0,
    "node_count": 0,
    "propagation_cost": 0.0
  },
  "lines": {
    "comments": 281,
    "loc": 2606,
    "multi_comment": 39,
    "single_comment": 364,
    "total_lines": 3606
  },
  "lint": {
    "counts": {
      "ARG001": 3,
      "B007": 5,
      "B904": 1,
      "BLE001": 18,
      "C901": 7,
      "DOC201": 35,
      "DOC501": 3,
      "EM101": 7,
      "EXE001": 9,
      "F401": 16,
      "F541": 2,
      "F841": 6,
      "FURB118": 2,
      "FURB142": 1,
      "FURB152": 1,
      "FURB171": 1,
      "N802": 1,
      "N806": 1,
      "PERF203": 6,
      "PERF401": 1,
      "PIE790": 3,
      "PLC0415": 20,
      "PLC1901": 6,
      "PLR0911": 5,
      "PLR0912": 6,
      "PLR0914": 3,
      "PLR0915": 4,
      "PLR1702": 1,
      "PLR2004": 137,
      "PLR6201": 6,
      "PLW1514": 7,
      "PLW2901": 1,
      "PTH100": 2,
      "PTH103": 1,
      "PTH108": 14,
      "PTH110": 2,
      "PTH111": 1,
      "PTH118": 2,
      "PTH119": 10,
      "PTH120": 12,
      "PTH123": 11,
      "PTH208": 1,
      "RET505": 6,
      "RUF005": 1,
      "RUF010": 1,
      "RUF059": 3,
      "S101": 255,
      "S110": 1,
      "S113": 154,
      "S324": 2,
      "S404": 1,
      "SIM108": 1,
      "SIM115": 2,
      "TRY003": 7,
      "TRY300": 6,
      "TRY301": 1,
      "UP015": 3
    },
    "errors": 825,
    "fixable": 58
  },
  "redundancy": {
    "clone_lines": 622,
    "clone_ratio_sum": 1.7435870685867767,
    "cloned_sloc_lines": 537,
    "files_with_clones": 9
  },
  "source_files": null,
  "symbols": {
    "classes": 10,
    "expressions": 3417,
    "expressions_top_level": 205,
    "functions": 122,
    "globals": 16,
    "imports": 105,
    "max_imports": 16,
    "methods": 10,
    "statements": 744,
    "total": 158,
    "type_aliases": 0,
    "variables": 16
  },
  "verbosity_flagged_sloc_lines": 537,
  "waste": {
    "single_use_functions": 109,
    "trivial_wrappers": 0,
    "unused_variables": 36
  }
}