{
  "ast_grep": {
    "category_counts": {},
    "category_weighted": {},
    "counts": {},
    "rules_checked": 355,
    "violation_lines": 0,
    "violations": 0,
    "weighted": 0
  },
  "classes": {
    "attribute_counts_mean": 3.3846153846153846,
    "attribute_counts_sum": 44,
    "count": 13,
    "method_counts_mean": 1.9230769230769231,
    "method_counts_sum": 25
  },
  "complexity": {
    "cc_max": 52,
    "cc_ratings": {
      "A": 38,
      "B": 5,
      "C": 2,
      "D": 2,
      "E": 0,
      "F": 1
    },
    "cc_sum": 222,
    "mi_min": 19.093350480911493,
    "mi_ratings": {
      "A": 1,
      "B": 0,
      "C": 0
    },
    "mi_sum": 19.093350480911493,
    "num_complex": 5
  },
  "file_count": 1,
  "functions": {
    "cc_concentration": 0.5183093104791585,
    "cc_extreme_count": 0,
    "cc_high_count": 3,
    "cc_max": 25,
    "cc_mean": 4.4411764705882355,
    "cc_normalized": 0.04511365131513371,
    "cc_std": 5.500364596568773,
    "cc_sum": 151,
    "cc_top20": 0.6026490066225165,
    "count": 34,
    "depth_max": 5,
    "extreme_cc_mean": 0.0,
    "high_cc_mean": 19.666666666666668,
    "lines_mean": 14.764705882352942,
    "lines_sum": 502
  },
  "graph": {
    "cyclic_dependency_mass": 0.05172413793103448,
    "dependency_entropy": 0.47862032431021834,
    "edge_count": 61,
    "node_count": 34,
    "propagation_cost": 0.13636363636363635
  },
  "lines": {
    "comments": 65,
    "loc": 467,
    "multi_comment": 5,
    "single_comment": 65,
    "total_lines": 697
  },
  "lint": {
    "counts": {
      "ANN401": 3,
      "C901": 2,
      "DOC201": 7,
      "E721": 1,
      "EM102": 11,
      "EXE001": 1,
      "F401": 1,
      "FBT003": 2,
      "PLR0911": 2,
      "PLR0912": 2,
      "PLR5501": 1,
      "PLR6201": 1,
      "PLW2901": 1,
      "PTH123": 2,
      "RET505": 1,
      "RUF012": 1,
      "SIM102": 1,
      "SIM103": 1,
      "SIM108": 1,
      "TRY003": 11,
      "UP006": 5,
      "UP007": 1,
      "UP015": 1,
      "UP024": 2,
      "UP035": 1,
      "UP045": 3
    },
    "errors": 66,
    "fixable": 16
  },
  "redundancy": {
    "clone_lines": 60,
    "clone_ratio_sum": 0.11991434689507495,
    "cloned_sloc_lines": 56,
    "files_with_clones": 1
  },
  "source_files": [],
  "symbols": {
    "classes": 13,
    "expressions": 1048,
    "expressions_top_level": 12,
    "functions": 9,
    "globals": 1,
    "imports": 6,
    "max_imports": 6,
    "methods": 25,
    "statements": 309,
    "total": 48,
    "type_aliases": 0,
    "variables": 1
  },
  "verbosity_flagged_sloc_lines": 56,
  "waste": {
    "single_use_functions": 7,
    "trivial_wrappers": 0,
    "unused_variables": 5
  }
}