{
  "ast_grep": {
    "category_counts": {},
    "category_weighted": {},
    "counts": {},
    "rules_checked": 355,
    "violation_lines": 0,
    "violations": 0,
    "weighted": 0
  },
  "classes": {
    "attribute_counts_mean": 2.0,
    "attribute_counts_sum": 12,
    "count": 6,
    "method_counts_mean": 8.0,
    "method_counts_sum": 48
  },
  "complexity": {
    "cc_max": 64,
    "cc_ratings": {
      "A": 96,
      "B": 9,
      "C": 9,
      "D": 3,
      "E": 1,
      "F": 1
    },
    "cc_sum": 565,
    "mi_min": 0.0,
    "mi_ratings": {
      "A": 1,
      "B": 0,
      "C": 1
    },
    "mi_sum": 26.711141692627088,
    "num_complex": 14
  },
  "file_count": 2,
  "functions": {
    "cc_concentration": 0.46025564869205554,
    "cc_extreme_count": 0,
    "cc_high_count": 9,
    "cc_max": 26,
    "cc_mean": 3.8256880733944953,
    "cc_normalized": 0.010248129766903237,
    "cc_std": 4.043385171182882,
    "cc_sum": 417,
    "cc_top20": 0.5227817745803357,
    "count": 109,
    "depth_max": 4,
    "extreme_cc_mean": 0.0,
    "high_cc_mean": 14.88888888888889,
    "lines_mean": 15.045871559633028,
    "lines_sum": 1640
  },
  "graph": {
    "cyclic_dependency_mass": 0.0,
    "dependency_entropy": 0.3708467910580914,
    "edge_count": 111,
    "node_count": 85,
    "propagation_cost": 0.015826330532212884
  },
  "lines": {
    "comments": 140,
    "loc": 1263,
    "multi_comment": 25,
    "single_comment": 242,
    "total_lines": 1852
  },
  "lint": {
    "counts": {
      "ANN401": 1,
      "ARG001": 12,
      "BLE001": 1,
      "C901": 3,
      "DOC201": 47,
      "DOC501": 1,
      "EM101": 2,
      "EXE001": 2,
      "F401": 2,
      "F841": 2,
      "FURB118": 5,
      "PERF203": 1,
      "PERF401": 2,
      "PLR0912": 2,
      "PLR0914": 1,
      "PLR0915": 2,
      "PLR2004": 8,
      "PLR5501": 1,
      "PLR6201": 1,
      "PLR6301": 4,
      "PLW1510": 1,
      "PLW1514": 10,
      "PTH123": 10,
      "RET503": 2,
      "RUF005": 2,
      "RUF013": 9,
      "S101": 62,
      "S404": 1,
      "S603": 1,
      "SIM102": 2,
      "SIM110": 2,
      "SIM114": 2,
      "SLF001": 2,
      "UP015": 5,
      "UP035": 1
    },
    "errors": 212,
    "fixable": 22
  },
  "redundancy": {
    "clone_lines": 344,
    "clone_ratio_sum": 0.5389734841304943,
    "cloned_sloc_lines": 300,
    "files_with_clones": 2
  },
  "source_files": [],
  "symbols": {
    "classes": 6,
    "expressions": 2053,
    "expressions_top_level": 102,
    "functions": 61,
    "globals": 4,
    "imports": 13,
    "max_imports": 8,
    "methods": 48,
    "statements": 512,
    "total": 119,
    "type_aliases": 0,
    "variables": 4
  },
  "verbosity_flagged_sloc_lines": 300,
  "waste": {
    "single_use_functions": 56,
    "trivial_wrappers": 0,
    "unused_variables": 11
  }
}