{
  "ast_grep": {
    "category_counts": {},
    "category_weighted": {},
    "counts": {},
    "rules_checked": 355,
    "violation_lines": 0,
    "violations": 0,
    "weighted": 0
  },
  "classes": {
    "attribute_counts_mean": 3.090909090909091,
    "attribute_counts_sum": 34,
    "count": 11,
    "method_counts_mean": 2.8181818181818183,
    "method_counts_sum": 31
  },
  "complexity": {
    "cc_max": 73,
    "cc_ratings": {
      "A": 35,
      "B": 12,
      "C": 3,
      "D": 0,
      "E": 1,
      "F": 1
    },
    "cc_sum": 271,
    "mi_min": 17.62381276545522,
    "mi_ratings": {
      "A": 0,
      "B": 1,
      "C": 0
    },
    "mi_sum": 17.62381276545522,
    "num_complex": 5
  },
  "file_count": 1,
  "functions": {
    "cc_concentration": 0.49290573372206026,
    "cc_extreme_count": 0,
    "cc_high_count": 2,
    "cc_max": 13,
    "cc_mean": 4.2,
    "cc_normalized": 0.026563006154842892,
    "cc_std": 4.049691346263318,
    "cc_sum": 147,
    "cc_top20": 0.5102040816326531,
    "count": 35,
    "depth_max": 4,
    "extreme_cc_mean": 0.0,
    "high_cc_mean": 12.5,
    "lines_mean": 18.914285714285715,
    "lines_sum": 662
  },
  "graph": {
    "cyclic_dependency_mass": 0.5217391304347826,
    "dependency_entropy": 0.12332483219866205,
    "edge_count": 21,
    "node_count": 32,
    "propagation_cost": 0.055443548387096774
  },
  "lines": {
    "comments": 95,
    "loc": 597,
    "multi_comment": 4,
    "single_comment": 108,
    "total_lines": 880
  },
  "lint": {
    "counts": {
      "ANN401": 6,
      "ARG002": 1,
      "ARG005": 1,
      "B904": 2,
      "BLE001": 5,
      "DOC201": 15,
      "DOC501": 6,
      "DTZ003": 1,
      "E722": 1,
      "EM101": 1,
      "EM102": 11,
      "EXE001": 1,
      "F401": 6,
      "G004": 7,
      "N802": 7,
      "PERF203": 2,
      "PLC0415": 1,
      "PLR0911": 2,
      "PLR0914": 1,
      "PLR2004": 3,
      "PLR6201": 2,
      "PLR6301": 3,
      "PLW0108": 4,
      "PLW1514": 1,
      "PTH123": 1,
      "RET505": 2,
      "RUF005": 1,
      "RUF012": 2,
      "RUF013": 1,
      "S104": 1,
      "S112": 1,
      "SLF001": 4,
      "TRY003": 12,
      "UP006": 17,
      "UP015": 1,
      "UP035": 3,
      "UP045": 3
    },
    "errors": 139,
    "fixable": 30
  },
  "redundancy": {
    "clone_lines": 76,
    "clone_ratio_sum": 0.09045226130653267,
    "cloned_sloc_lines": 52,
    "files_with_clones": 1
  },
  "source_files": [],
  "symbols": {
    "classes": 11,
    "expressions": 1451,
    "expressions_top_level": 11,
    "functions": 4,
    "globals": 6,
    "imports": 17,
    "max_imports": 17,
    "methods": 31,
    "statements": 324,
    "total": 52,
    "type_aliases": 0,
    "variables": 6
  },
  "verbosity_flagged_sloc_lines": 52,
  "waste": {
    "single_use_functions": 4,
    "trivial_wrappers": 0,
    "unused_variables": 20
  }
}