{
  "ast_grep": {
    "category_counts": {},
    "category_weighted": {},
    "counts": {},
    "rules_checked": 355,
    "violation_lines": 0,
    "violations": 0,
    "weighted": 0
  },
  "classes": {
    "attribute_counts_mean": 0.25,
    "attribute_counts_sum": 3,
    "count": 12,
    "method_counts_mean": 2.3333333333333335,
    "method_counts_sum": 28
  },
  "complexity": {
    "cc_max": 21,
    "cc_ratings": {
      "A": 29,
      "B": 24,
      "C": 5,
      "D": 1,
      "E": 0,
      "F": 0
    },
    "cc_sum": 343,
    "mi_min": 13.041297133730641,
    "mi_ratings": {
      "A": 1,
      "B": 1,
      "C": 0
    },
    "mi_sum": 55.52638846123946,
    "num_complex": 6
  },
  "file_count": 2,
  "functions": {
    "cc_concentration": 0.3245941406978914,
    "cc_extreme_count": 0,
    "cc_high_count": 1,
    "cc_max": 15,
    "cc_mean": 5.065217391304348,
    "cc_normalized": 0.00773514585520701,
    "cc_std": 3.021421107235199,
    "cc_sum": 233,
    "cc_top20": 0.39914163090128757,
    "count": 46,
    "depth_max": 3,
    "extreme_cc_mean": 0.0,
    "high_cc_mean": 15.0,
    "lines_mean": 17.304347826086957,
    "lines_sum": 796
  },
  "graph": {
    "cyclic_dependency_mass": 0.0,
    "dependency_entropy": 0.17826945885851647,
    "edge_count": 11,
    "node_count": 11,
    "propagation_cost": 0.12727272727272726
  },
  "lines": {
    "comments": 49,
    "loc": 659,
    "multi_comment": 21,
    "single_comment": 87,
    "total_lines": 946
  },
  "lint": {
    "counts": {
      "ANN401": 4,
      "ARG001": 1,
      "B007": 3,
      "B904": 1,
      "B905": 1,
      "BLE001": 4,
      "C901": 1,
      "DOC201": 21,
      "DOC402": 1,
      "DOC501": 11,
      "EM101": 22,
      "EM102": 10,
      "EXE001": 2,
      "F401": 1,
      "F811": 1,
      "F841": 4,
      "FBT001": 1,
      "FBT002": 1,
      "FURB101": 2,
      "FURB171": 4,
      "PERF203": 1,
      "PIE790": 3,
      "PLC0415": 2,
      "PLR0911": 1,
      "PLR2004": 1,
      "PLR6201": 10,
      "PLR6301": 3,
      "PTH110": 1,
      "PTH123": 17,
      "RET505": 3,
      "RUF005": 5,
      "RUF012": 1,
      "SIM102": 2,
      "SLF001": 2,
      "TRY003": 32,
      "UP006": 67,
      "UP015": 6,
      "UP035": 4,
      "UP045": 4
    },
    "errors": 261,
    "fixable": 106
  },
  "redundancy": {
    "clone_lines": 107,
    "clone_ratio_sum": 0.23759403607359741,
    "cloned_sloc_lines": 99,
    "files_with_clones": 2
  },
  "source_files": [],
  "symbols": {
    "classes": 12,
    "expressions": 1081,
    "expressions_top_level": 8,
    "functions": 18,
    "globals": 1,
    "imports": 21,
    "max_imports": 11,
    "methods": 28,
    "statements": 414,
    "total": 59,
    "type_aliases": 0,
    "variables": 1
  },
  "verbosity_flagged_sloc_lines": 99,
  "waste": {
    "single_use_functions": 17,
    "trivial_wrappers": 0,
    "unused_variables": 9
  }
}