{
  "ast_grep": {
    "category_counts": {},
    "category_weighted": {},
    "counts": {},
    "rules_checked": 355,
    "violation_lines": 0,
    "violations": 0,
    "weighted": 0
  },
  "classes": {
    "attribute_counts_mean": 3.411764705882353,
    "attribute_counts_sum": 116,
    "count": 34,
    "method_counts_mean": 1.4705882352941178,
    "method_counts_sum": 50
  },
  "complexity": {
    "cc_max": 170,
    "cc_ratings": {
      "A": 68,
      "B": 11,
      "C": 11,
      "D": 1,
      "E": 3,
      "F": 4
    },
    "cc_sum": 791,
    "mi_min": 0.0,
    "mi_ratings": {
      "A": 0,
      "B": 0,
      "C": 1
    },
    "mi_sum": 0.0,
    "num_complex": 19
  },
  "file_count": 1,
  "functions": {
    "cc_concentration": 0.6042946597353497,
    "cc_extreme_count": 4,
    "cc_high_count": 16,
    "cc_max": 59,
    "cc_mean": 8.265625,
    "cc_normalized": 0.03146089250341308,
    "cc_std": 11.728735824786021,
    "cc_sum": 529,
    "cc_top20": 0.6446124763705104,
    "count": 64,
    "depth_max": 9,
    "extreme_cc_mean": 46.25,
    "high_cc_mean": 23.4375,
    "lines_mean": 28.0625,
    "lines_sum": 1796
  },
  "graph": {
    "cyclic_dependency_mass": 0.06970509383378017,
    "dependency_entropy": 0.35812820733619666,
    "edge_count": 117,
    "node_count": 63,
    "propagation_cost": 0.10906298003072197
  },
  "lines": {
    "comments": 130,
    "loc": 1710,
    "multi_comment": 3,
    "single_comment": 147,
    "total_lines": 2170
  },
  "lint": {
    "counts": {
      "A001": 1,
      "ANN401": 3,
      "ARG001": 2,
      "ARG002": 3,
      "BLE001": 5,
      "C901": 14,
      "DOC201": 21,
      "DOC501": 4,
      "EM101": 13,
      "EM102": 18,
      "EXE001": 1,
      "F841": 5,
      "FURB101": 2,
      "FURB110": 2,
      "PERF401": 2,
      "PIE790": 2,
      "PIE810": 2,
      "PLC0415": 1,
      "PLR0904": 1,
      "PLR0911": 5,
      "PLR0912": 10,
      "PLR0913": 4,
      "PLR0914": 2,
      "PLR0915": 5,
      "PLR0917": 4,
      "PLR1702": 25,
      "PLR1714": 2,
      "PLR1730": 1,
      "PLR2004": 3,
      "PLR5501": 1,
      "PLR6201": 2,
      "PLR6301": 5,
      "PLW1514": 4,
      "PLW2901": 4,
      "PTH100": 1,
      "PTH103": 5,
      "PTH107": 2,
      "PTH110": 4,
      "PTH113": 2,
      "PTH117": 1,
      "PTH118": 7,
      "PTH123": 6,
      "PTH207": 1,
      "PTH208": 1,
      "RET504": 3,
      "RET505": 10,
      "RET507": 1,
      "RUF010": 1,
      "RUF012": 1,
      "RUF027": 3,
      "S105": 3,
      "S110": 1,
      "S404": 1,
      "S602": 1,
      "SIM102": 3,
      "TRY003": 31,
      "UP015": 2,
      "UP024": 3,
      "UP045": 45
    },
    "errors": 318,
    "fixable": 88
  },
  "redundancy": {
    "clone_lines": 146,
    "clone_ratio_sum": 0.08538011695906433,
    "cloned_sloc_lines": 146,
    "files_with_clones": 1
  },
  "source_files": [],
  "symbols": {
    "classes": 34,
    "expressions": 3615,
    "expressions_top_level": 35,
    "functions": 14,
    "globals": 0,
    "imports": 15,
    "max_imports": 15,
    "methods": 50,
    "statements": 780,
    "total": 98,
    "type_aliases": 0,
    "variables": 0
  },
  "verbosity_flagged_sloc_lines": 146,
  "waste": {
    "single_use_functions": 9,
    "trivial_wrappers": 0,
    "unused_variables": 40
  }
}