{
  "ast_grep": {
    "category_counts": {},
    "category_weighted": {},
    "counts": {},
    "rules_checked": 355,
    "violation_lines": 0,
    "violations": 0,
    "weighted": 0
  },
  "classes": {
    "attribute_counts_mean": 2.1538461538461537,
    "attribute_counts_sum": 28,
    "count": 13,
    "method_counts_mean": 8.384615384615385,
    "method_counts_sum": 109
  },
  "complexity": {
    "cc_max": 317,
    "cc_ratings": {
      "A": 93,
      "B": 23,
      "C": 24,
      "D": 6,
      "E": 2,
      "F": 4
    },
    "cc_sum": 1480,
    "mi_min": 0.0,
    "mi_ratings": {
      "A": 0,
      "B": 0,
      "C": 1
    },
    "mi_sum": 0.0,
    "num_complex": 36
  },
  "file_count": 1,
  "functions": {
    "cc_concentration": 0.5646062631292936,
    "cc_extreme_count": 3,
    "cc_high_count": 28,
    "cc_max": 50,
    "cc_mean": 6.381294964028777,
    "cc_normalized": 0.011100619353845658,
    "cc_std": 7.926652603673399,
    "cc_sum": 887,
    "cc_top20": 0.6110484780157835,
    "count": 139,
    "depth_max": 7,
    "extreme_cc_mean": 40.0,
    "high_cc_mean": 19.357142857142858,
    "lines_mean": 23.258992805755394,
    "lines_sum": 3233
  },
  "graph": {
    "cyclic_dependency_mass": 0.0,
    "dependency_entropy": 0.2535927939020526,
    "edge_count": 186,
    "node_count": 136,
    "propagation_cost": 0.022930283224400872
  },
  "lines": {
    "comments": 190,
    "loc": 2683,
    "multi_comment": 12,
    "single_comment": 274,
    "total_lines": 3538
  },
  "lint": {
    "counts": {
      "A002": 1,
      "ANN401": 18,
      "ARG001": 5,
      "ARG002": 7,
      "ARG004": 1,
      "ARG005": 2,
      "B007": 3,
      "B904": 7,
      "BLE001": 11,
      "C401": 1,
      "C901": 19,
      "DOC201": 48,
      "DOC501": 6,
      "E722": 1,
      "E741": 16,
      "EM101": 14,
      "EM102": 10,
      "ERA001": 3,
      "EXE001": 1,
      "F541": 1,
      "F841": 4,
      "FBT001": 2,
      "FBT002": 1,
      "FURB110": 1,
      "FURB118": 2,
      "FURB188": 1,
      "N806": 1,
      "PERF102": 1,
      "PERF203": 2,
      "PERF401": 4,
      "PERF403": 1,
      "PIE790": 1,
      "PIE810": 1,
      "PLC0415": 2,
      "PLC1901": 1,
      "PLR0904": 1,
      "PLR0911": 15,
      "PLR0912": 14,
      "PLR0913": 5,
      "PLR0914": 5,
      "PLR0915": 4,
      "PLR0917": 5,
      "PLR1702": 1,
      "PLR1714": 2,
      "PLR2004": 45,
      "PLR6201": 20,
      "PLR6301": 3,
      "PLW2901": 5,
      "PTH119": 2,
      "RET505": 2,
      "RSE102": 2,
      "RUF013": 25,
      "RUF031": 2,
      "RUF052": 1,
      "RUF059": 5,
      "S104": 2,
      "S110": 3,
      "S112": 1,
      "S506": 1,
      "SIM102": 3,
      "SIM110": 1,
      "SIM114": 1,
      "SIM116": 1,
      "SIM118": 1,
      "TRY003": 22,
      "TRY300": 2,
      "UP006": 230,
      "UP035": 3,
      "UP045": 11
    },
    "errors": 646,
    "fixable": 252
  },
  "redundancy": {
    "clone_lines": 542,
    "clone_ratio_sum": 0.19977636973537086,
    "cloned_sloc_lines": 533,
    "files_with_clones": 1
  },
  "source_files": [],
  "symbols": {
    "classes": 13,
    "expressions": 6085,
    "expressions_top_level": 50,
    "functions": 30,
    "globals": 0,
    "imports": 22,
    "max_imports": 22,
    "methods": 109,
    "statements": 1674,
    "total": 152,
    "type_aliases": 0,
    "variables": 0
  },
  "verbosity_flagged_sloc_lines": 533,
  "waste": {
    "single_use_functions": 18,
    "trivial_wrappers": 0,
    "unused_variables": 36
  }
}