{
  "ast_grep": {
    "category_counts": {},
    "category_weighted": {},
    "counts": {},
    "rules_checked": 355,
    "violation_lines": 0,
    "violations": 0,
    "weighted": 0
  },
  "classes": {
    "attribute_counts_mean": 0.0,
    "attribute_counts_sum": 0,
    "count": 0,
    "method_counts_mean": 0.0,
    "method_counts_sum": 0
  },
  "complexity": {
    "cc_max": 80,
    "cc_ratings": {
      "A": 11,
      "B": 10,
      "C": 6,
      "D": 3,
      "E": 2,
      "F": 3
    },
    "cc_sum": 524,
    "mi_min": 0.0,
    "mi_ratings": {
      "A": 0,
      "B": 0,
      "C": 1
    },
    "mi_sum": 0.0,
    "num_complex": 14
  },
  "file_count": 1,
  "functions": {
    "cc_concentration": 0.5199820386169735,
    "cc_extreme_count": 5,
    "cc_high_count": 14,
    "cc_max": 80,
    "cc_mean": 15.411764705882353,
    "cc_normalized": 0.03754681598338728,
    "cc_std": 17.41319187676109,
    "cc_sum": 524,
    "cc_top20": 0.5801526717557252,
    "count": 34,
    "depth_max": 11,
    "extreme_cc_mean": 48.8,
    "high_cc_mean": 29.642857142857142,
    "lines_mean": 66.94117647058823,
    "lines_sum": 2276
  },
  "graph": {
    "cyclic_dependency_mass": 0.0,
    "dependency_entropy": 0.24538211358936993,
    "edge_count": 42,
    "node_count": 32,
    "propagation_cost": 0.12903225806451613
  },
  "lines": {
    "comments": 228,
    "loc": 1621,
    "multi_comment": 120,
    "single_comment": 230,
    "total_lines": 2345
  },
  "lint": {
    "counts": {
      "ARG001": 5,
      "B007": 1,
      "BLE001": 2,
      "C414": 1,
      "C420": 3,
      "C901": 12,
      "DOC201": 30,
      "EXE001": 1,
      "F841": 6,
      "FBT001": 3,
      "FBT002": 3,
      "FURB103": 1,
      "FURB113": 19,
      "FURB118": 5,
      "N806": 6,
      "PERF102": 1,
      "PERF401": 6,
      "PIE810": 1,
      "PLC1901": 12,
      "PLR0911": 3,
      "PLR0912": 10,
      "PLR0913": 3,
      "PLR0914": 3,
      "PLR0915": 8,
      "PLR0917": 3,
      "PLR1702": 11,
      "PLR2004": 4,
      "PLR5501": 1,
      "PLR6104": 1,
      "PLR6201": 9,
      "PLW1514": 3,
      "PTH112": 2,
      "PTH118": 1,
      "PTH119": 1,
      "PTH120": 1,
      "PTH123": 3,
      "RET504": 1,
      "RET505": 4,
      "RUF005": 2,
      "RUF059": 4,
      "S110": 1,
      "SIM102": 9,
      "SIM108": 3,
      "SIM114": 2,
      "SIM118": 1,
      "UP006": 97,
      "UP015": 2,
      "UP032": 1,
      "UP035": 4,
      "UP045": 29
    },
    "errors": 345,
    "fixable": 145
  },
  "redundancy": {
    "clone_lines": 389,
    "clone_ratio_sum": 0.23627390499691547,
    "cloned_sloc_lines": 383,
    "files_with_clones": 1
  },
  "source_files": [],
  "symbols": {
    "classes": 0,
    "expressions": 1901,
    "expressions_top_level": 19,
    "functions": 34,
    "globals": 1,
    "imports": 9,
    "max_imports": 9,
    "methods": 0,
    "statements": 470,
    "total": 35,
    "type_aliases": 0,
    "variables": 1
  },
  "verbosity_flagged_sloc_lines": 383,
  "waste": {
    "single_use_functions": 24,
    "trivial_wrappers": 0,
    "unused_variables": 12
  }
}