{
  "ast_grep": {
    "category_counts": {},
    "category_weighted": {},
    "counts": {},
    "rules_checked": 355,
    "violation_lines": 0,
    "violations": 0,
    "weighted": 0
  },
  "classes": {
    "attribute_counts_mean": 4.0,
    "attribute_counts_sum": 4,
    "count": 1,
    "method_counts_mean": 0.0,
    "method_counts_sum": 0
  },
  "complexity": {
    "cc_max": 70,
    "cc_ratings": {
      "A": 30,
      "B": 3,
      "C": 0,
      "D": 2,
      "E": 1,
      "F": 1
    },
    "cc_sum": 234,
    "mi_min": 8.773289129814183,
    "mi_ratings": {
      "A": 9,
      "B": 0,
      "C": 1
    },
    "mi_sum": 908.7732891298142,
    "num_complex": 4
  },
  "file_count": 10,
  "functions": {
    "cc_concentration": 0.685690653432589,
    "cc_extreme_count": 2,
    "cc_high_count": 4,
    "cc_max": 70,
    "cc_mean": 7.548387096774194,
    "cc_normalized": 0.116620400808435,
    "cc_std": 14.352325501876967,
    "cc_sum": 234,
    "cc_top20": 0.7777777777777778,
    "count": 31,
    "depth_max": 6,
    "extreme_cc_mean": 52.5,
    "high_cc_mean": 39.75,
    "lines_mean": 36.45161290322581,
    "lines_sum": 1130
  },
  "graph": {
    "cyclic_dependency_mass": 0.0,
    "dependency_entropy": 0.24509327474002146,
    "edge_count": 25,
    "node_count": 20,
    "propagation_cost": 0.11052631578947368
  },
  "lines": {
    "comments": 121,
    "loc": 829,
    "multi_comment": 37,
    "single_comment": 121,
    "total_lines": 1180
  },
  "lint": {
    "counts": {
      "ARG001": 1,
      "B018": 3,
      "B905": 2,
      "BLE001": 3,
      "C901": 4,
      "DOC201": 20,
      "DOC501": 1,
      "EM101": 1,
      "EM102": 20,
      "ERA001": 1,
      "EXE001": 1,
      "F401": 1,
      "F821": 9,
      "F841": 1,
      "FIX002": 1,
      "FURB101": 3,
      "FURB103": 1,
      "FURB113": 1,
      "FURB118": 1,
      "INP001": 9,
      "PERF401": 1,
      "PLC0206": 1,
      "PLR0911": 1,
      "PLR0912": 3,
      "PLR0913": 2,
      "PLR0914": 2,
      "PLR0915": 4,
      "PLR0916": 1,
      "PLR0917": 2,
      "PLR1702": 1,
      "PLR2004": 2,
      "PLR6201": 3,
      "PTH123": 5,
      "TD002": 1,
      "TD003": 1,
      "TRY003": 21,
      "TRY004": 3,
      "UP006": 61,
      "UP015": 4,
      "UP024": 5,
      "UP035": 4,
      "UP045": 1
    },
    "errors": 213,
    "fixable": 81
  },
  "redundancy": {
    "clone_lines": 102,
    "clone_ratio_sum": 0.11764705882352941,
    "cloned_sloc_lines": 94,
    "files_with_clones": 10
  },
  "source_files": [],
  "symbols": {
    "classes": 1,
    "expressions": 808,
    "expressions_top_level": 19,
    "functions": 31,
    "globals": 5,
    "imports": 16,
    "max_imports": 16,
    "methods": 0,
    "statements": 260,
    "total": 37,
    "type_aliases": 0,
    "variables": 5
  },
  "verbosity_flagged_sloc_lines": 94,
  "waste": {
    "single_use_functions": 23,
    "trivial_wrappers": 0,
    "unused_variables": 7
  }
}