{
  "ast_grep": {
    "category_counts": {},
    "category_weighted": {},
    "counts": {},
    "rules_checked": 355,
    "violation_lines": 0,
    "violations": 0,
    "weighted": 0
  },
  "classes": {
    "attribute_counts_mean": 0.0,
    "attribute_counts_sum": 0,
    "count": 0,
    "method_counts_mean": 0.0,
    "method_counts_sum": 0
  },
  "complexity": {
    "cc_max": 26,
    "cc_ratings": {
      "A": 13,
      "B": 7,
      "C": 5,
      "D": 2,
      "E": 0,
      "F": 0
    },
    "cc_sum": 215,
    "mi_min": 10.680854892094677,
    "mi_ratings": {
      "A": 0,
      "B": 1,
      "C": 0
    },
    "mi_sum": 10.680854892094677,
    "num_complex": 7
  },
  "file_count": 1,
  "functions": {
    "cc_concentration": 0.3862487360970677,
    "cc_extreme_count": 0,
    "cc_high_count": 7,
    "cc_max": 26,
    "cc_mean": 9.347826086956522,
    "cc_normalized": 0.02409164659029451,
    "cc_std": 6.958374259266011,
    "cc_sum": 215,
    "cc_top20": 0.4744186046511628,
    "count": 23,
    "depth_max": 5,
    "extreme_cc_mean": 0.0,
    "high_cc_mean": 18.285714285714285,
    "lines_mean": 40.52173913043478,
    "lines_sum": 932
  },
  "graph": {
    "cyclic_dependency_mass": 0.0,
    "dependency_entropy": 0.24542165121709356,
    "edge_count": 34,
    "node_count": 23,
    "propagation_cost": 0.12450592885375494
  },
  "lines": {
    "comments": 114,
    "loc": 653,
    "multi_comment": 71,
    "single_comment": 109,
    "total_lines": 1011
  },
  "lint": {
    "counts": {
      "ANN401": 3,
      "ARG001": 1,
      "B904": 2,
      "C901": 7,
      "DOC201": 19,
      "DOC501": 10,
      "EM101": 6,
      "EM102": 14,
      "EXE001": 1,
      "F541": 5,
      "FURB101": 1,
      "PERF401": 1,
      "PLR0911": 4,
      "PLR0912": 5,
      "PLR0913": 2,
      "PLR0914": 3,
      "PLR0915": 3,
      "PLR0917": 2,
      "PLR2004": 7,
      "PLR5501": 1,
      "PLR6201": 3,
      "PLW1514": 2,
      "PTH113": 2,
      "PTH123": 2,
      "RET505": 2,
      "SIM102": 3,
      "TRY003": 20,
      "TRY004": 1,
      "TRY300": 10,
      "UP015": 2,
      "UP024": 1,
      "UP045": 12
    },
    "errors": 157,
    "fixable": 28
  },
  "redundancy": {
    "clone_lines": 99,
    "clone_ratio_sum": 0.1439509954058193,
    "cloned_sloc_lines": 94,
    "files_with_clones": 1
  },
  "source_files": [],
  "symbols": {
    "classes": 0,
    "expressions": 627,
    "expressions_top_level": 2,
    "functions": 23,
    "globals": 4,
    "imports": 7,
    "max_imports": 7,
    "methods": 0,
    "statements": 260,
    "total": 27,
    "type_aliases": 0,
    "variables": 4
  },
  "verbosity_flagged_sloc_lines": 94,
  "waste": {
    "single_use_functions": 18,
    "trivial_wrappers": 0,
    "unused_variables": 4
  }
}