{
  "ast_grep": {
    "category_counts": {},
    "category_weighted": {},
    "counts": {},
    "rules_checked": 355,
    "violation_lines": 0,
    "violations": 0,
    "weighted": 0
  },
  "classes": {
    "attribute_counts_mean": 5.7272727272727275,
    "attribute_counts_sum": 63,
    "count": 11,
    "method_counts_mean": 5.454545454545454,
    "method_counts_sum": 60
  },
  "complexity": {
    "cc_max": 161,
    "cc_ratings": {
      "A": 46,
      "B": 20,
      "C": 13,
      "D": 2,
      "E": 2,
      "F": 2
    },
    "cc_sum": 905,
    "mi_min": 5.2142157276813865,
    "mi_ratings": {
      "A": 4,
      "B": 2,
      "C": 1
    },
    "mi_sum": 230.14050045005038,
    "num_complex": 19
  },
  "file_count": 7,
  "functions": {
    "cc_concentration": 0.426876607307487,
    "cc_extreme_count": 2,
    "cc_high_count": 16,
    "cc_max": 34,
    "cc_mean": 7.527027027027027,
    "cc_normalized": 0.010234863494752802,
    "cc_std": 6.550589167213564,
    "cc_sum": 557,
    "cc_top20": 0.49012567324955114,
    "count": 74,
    "depth_max": 6,
    "extreme_cc_mean": 32.5,
    "high_cc_mean": 17.75,
    "lines_mean": 26.66216216216216,
    "lines_sum": 1973
  },
  "graph": {
    "cyclic_dependency_mass": 0.12955465587044535,
    "dependency_entropy": 0.29630573358522994,
    "edge_count": 101,
    "node_count": 74,
    "propagation_cost": 0.08459829692706405
  },
  "lines": {
    "comments": 162,
    "loc": 1582,
    "multi_comment": 64,
    "single_comment": 192,
    "total_lines": 2229
  },
  "lint": {
    "counts": {
      "ANN401": 19,
      "ARG002": 4,
      "B007": 1,
      "B904": 5,
      "BLE001": 4,
      "C408": 1,
      "C901": 12,
      "DOC201": 48,
      "DOC501": 18,
      "E722": 4,
      "EM101": 7,
      "EM102": 30,
      "ERA001": 2,
      "EXE001": 1,
      "F401": 12,
      "F821": 11,
      "F841": 10,
      "FIX002": 1,
      "FURB101": 3,
      "FURB110": 1,
      "INP001": 6,
      "PERF203": 1,
      "PIE790": 1,
      "PLC0415": 4,
      "PLC2701": 1,
      "PLR0911": 1,
      "PLR0912": 6,
      "PLR0914": 3,
      "PLR0915": 3,
      "PLR1702": 2,
      "PLR1714": 2,
      "PLR2004": 4,
      "PLR5501": 2,
      "PLR6104": 5,
      "PLR6201": 19,
      "PLR6301": 13,
      "PLW1510": 1,
      "PLW1514": 5,
      "PLW2901": 1,
      "PTH123": 5,
      "RET504": 2,
      "RET505": 3,
      "RET507": 2,
      "RUF010": 1,
      "RUF012": 1,
      "RUF015": 1,
      "S110": 3,
      "S404": 1,
      "S602": 1,
      "SIM105": 4,
      "SIM108": 2,
      "TD002": 1,
      "TD003": 1,
      "TRY003": 37,
      "TRY300": 1,
      "UP006": 42,
      "UP015": 4,
      "UP035": 12,
      "UP045": 23
    },
    "errors": 421,
    "fixable": 98
  },
  "redundancy": {
    "clone_lines": 173,
    "clone_ratio_sum": 0.49964413685085246,
    "cloned_sloc_lines": 171,
    "files_with_clones": 7
  },
  "source_files": [
    "pipeline_types.py",
    "orchestrator.py",
    "pipeline_parser.py",
    "executor.py",
    "evaluator.py",
    "config_parser.py"
  ],
  "symbols": {
    "classes": 11,
    "expressions": 4082,
    "expressions_top_level": 24,
    "functions": 14,
    "globals": 0,
    "imports": 37,
    "max_imports": 8,
    "methods": 60,
    "statements": 929,
    "total": 85,
    "type_aliases": 0,
    "variables": 0
  },
  "verbosity_flagged_sloc_lines": 171,
  "waste": {
    "single_use_functions": 11,
    "trivial_wrappers": 0,
    "unused_variables": 53
  }
}