{
  "ast_grep": {
    "category_counts": {},
    "category_weighted": {},
    "counts": {},
    "rules_checked": 355,
    "violation_lines": 0,
    "violations": 0,
    "weighted": 0
  },
  "classes": {
    "attribute_counts_mean": 3.875,
    "attribute_counts_sum": 31,
    "count": 8,
    "method_counts_mean": 0.125,
    "method_counts_sum": 1
  },
  "complexity": {
    "cc_max": 52,
    "cc_ratings": {
      "A": 26,
      "B": 13,
      "C": 10,
      "D": 0,
      "E": 4,
      "F": 2
    },
    "cc_sum": 520,
    "mi_min": 0.0,
    "mi_ratings": {
      "A": 0,
      "B": 0,
      "C": 1
    },
    "mi_sum": 0.0,
    "num_complex": 16
  },
  "file_count": 1,
  "functions": {
    "cc_concentration": 0.4597985347985348,
    "cc_extreme_count": 6,
    "cc_high_count": 16,
    "cc_max": 52,
    "cc_mean": 12.380952380952381,
    "cc_normalized": 0.022214966084572088,
    "cc_std": 11.959183390329407,
    "cc_sum": 520,
    "cc_top20": 0.5480769230769231,
    "count": 42,
    "depth_max": 9,
    "extreme_cc_mean": 38.333333333333336,
    "high_cc_mean": 23.5625,
    "lines_mean": 48.11904761904762,
    "lines_sum": 2021
  },
  "graph": {
    "cyclic_dependency_mass": 0.0,
    "dependency_entropy": 0.18219180163730803,
    "edge_count": 60,
    "node_count": 38,
    "propagation_cost": 0.09174964438122332
  },
  "lines": {
    "comments": 134,
    "loc": 1578,
    "multi_comment": 11,
    "single_comment": 166,
    "total_lines": 2161
  },
  "lint": {
    "counts": {
      "ARG001": 6,
      "B007": 2,
      "C420": 1,
      "C901": 13,
      "DOC201": 35,
      "DOC501": 8,
      "EXE001": 1,
      "F401": 3,
      "F541": 1,
      "F821": 1,
      "F841": 3,
      "FBT001": 1,
      "FURB113": 1,
      "FURB118": 7,
      "FURB192": 1,
      "PERF102": 2,
      "PERF203": 2,
      "PERF401": 8,
      "PERF403": 1,
      "PIE810": 1,
      "PLC0415": 3,
      "PLR0911": 3,
      "PLR0912": 9,
      "PLR0913": 1,
      "PLR0914": 2,
      "PLR0915": 4,
      "PLR0917": 1,
      "PLR1702": 12,
      "PLR2004": 2,
      "PLR5501": 2,
      "PLR6201": 14,
      "PLW0603": 3,
      "PLW1514": 1,
      "PTH123": 1,
      "Q001": 1,
      "RET505": 2,
      "RUF005": 2,
      "RUF019": 2,
      "RUF034": 1,
      "S108": 2,
      "SIM102": 6,
      "SIM108": 1,
      "SIM114": 2,
      "TRY300": 1,
      "UP015": 1,
      "UP024": 1,
      "UP045": 22
    },
    "errors": 200,
    "fixable": 43
  },
  "redundancy": {
    "clone_lines": 346,
    "clone_ratio_sum": 0.2046894803548796,
    "cloned_sloc_lines": 321,
    "files_with_clones": 1
  },
  "source_files": [],
  "symbols": {
    "classes": 8,
    "expressions": 1803,
    "expressions_top_level": 46,
    "functions": 41,
    "globals": 5,
    "imports": 13,
    "max_imports": 13,
    "methods": 1,
    "statements": 501,
    "total": 55,
    "type_aliases": 0,
    "variables": 5
  },
  "verbosity_flagged_sloc_lines": 321,
  "waste": {
    "single_use_functions": 25,
    "trivial_wrappers": 0,
    "unused_variables": 11
  }
}