{
  "ast_grep": {
    "category_counts": {},
    "category_weighted": {},
    "counts": {},
    "rules_checked": 355,
    "violation_lines": 0,
    "violations": 0,
    "weighted": 0
  },
  "classes": {
    "attribute_counts_mean": 3.7241379310344827,
    "attribute_counts_sum": 216,
    "count": 58,
    "method_counts_mean": 1.5689655172413792,
    "method_counts_sum": 91
  },
  "complexity": {
    "cc_max": 22,
    "cc_ratings": {
      "A": 188,
      "B": 41,
      "C": 14,
      "D": 2,
      "E": 0,
      "F": 0
    },
    "cc_sum": 822,
    "mi_min": 0.0,
    "mi_ratings": {
      "A": 3,
      "B": 1,
      "C": 1
    },
    "mi_sum": 145.99179953733793,
    "num_complex": 16
  },
  "file_count": 5,
  "functions": {
    "cc_concentration": 0.4745928922331287,
    "cc_extreme_count": 0,
    "cc_high_count": 12,
    "cc_max": 17,
    "cc_mean": 4.19496855345912,
    "cc_normalized": 0.0054761490641770365,
    "cc_std": 3.9143972933123345,
    "cc_sum": 667,
    "cc_top20": 0.5187406296851574,
    "count": 159,
    "depth_max": 3,
    "extreme_cc_mean": 0.0,
    "high_cc_mean": 14.083333333333334,
    "lines_mean": 14.257861635220126,
    "lines_sum": 2267
  },
  "graph": {
    "cyclic_dependency_mass": 0.0,
    "dependency_entropy": 0.0,
    "edge_count": 0,
    "node_count": 0,
    "propagation_cost": 0.0
  },
  "lines": {
    "comments": 195,
    "loc": 2095,
    "multi_comment": 22,
    "single_comment": 322,
    "total_lines": 3086
  },
  "lint": {
    "counts": {
      "ANN401": 3,
      "ARG001": 10,
      "ARG005": 15,
      "B903": 2,
      "B904": 12,
      "BLE001": 2,
      "C416": 4,
      "C901": 6,
      "DOC201": 68,
      "DOC501": 35,
      "EM101": 124,
      "EM102": 2,
      "EXE001": 5,
      "F401": 3,
      "F541": 2,
      "F821": 16,
      "F841": 3,
      "FBT001": 6,
      "FBT002": 4,
      "PERF401": 10,
      "PIE810": 8,
      "PLC0415": 1,
      "PLC2801": 6,
      "PLR0912": 1,
      "PLR0914": 2,
      "PLR2004": 7,
      "PLR6104": 1,
      "PLR6201": 9,
      "PLR6301": 6,
      "PLW2901": 2,
      "RET505": 2,
      "RUF005": 2,
      "RUF029": 3,
      "S104": 1,
      "SIM102": 9,
      "SIM114": 2,
      "SLF001": 1,
      "TRY003": 12,
      "TRY004": 4,
      "TRY203": 2,
      "TRY300": 6
    },
    "errors": 419,
    "fixable": 9
  },
  "redundancy": {
    "clone_lines": 98,
    "clone_ratio_sum": 0.14405689605335595,
    "cloned_sloc_lines": 98,
    "files_with_clones": 5
  },
  "source_files": null,
  "symbols": {
    "classes": 58,
    "expressions": 2908,
    "expressions_top_level": 21,
    "functions": 68,
    "globals": 28,
    "imports": 24,
    "max_imports": 14,
    "methods": 91,
    "statements": 937,
    "total": 245,
    "type_aliases": 0,
    "variables": 28
  },
  "verbosity_flagged_sloc_lines": 98,
  "waste": {
    "single_use_functions": 57,
    "trivial_wrappers": 0,
    "unused_variables": 62
  }
}