{
  "ast_grep": {
    "category_counts": {},
    "category_weighted": {},
    "counts": {},
    "rules_checked": 355,
    "violation_lines": 0,
    "violations": 0,
    "weighted": 0
  },
  "classes": {
    "attribute_counts_mean": 5.0,
    "attribute_counts_sum": 15,
    "count": 3,
    "method_counts_mean": 4.0,
    "method_counts_sum": 12
  },
  "complexity": {
    "cc_max": 174,
    "cc_ratings": {
      "A": 36,
      "B": 10,
      "C": 1,
      "D": 0,
      "E": 1,
      "F": 4
    },
    "cc_sum": 510,
    "mi_min": 2.8032068929921476,
    "mi_ratings": {
      "A": 3,
      "B": 0,
      "C": 1
    },
    "mi_sum": 113.91865839892625,
    "num_complex": 6
  },
  "file_count": 4,
  "functions": {
    "cc_concentration": 0.634009009009009,
    "cc_extreme_count": 4,
    "cc_high_count": 5,
    "cc_max": 63,
    "cc_mean": 9.08108108108108,
    "cc_normalized": 0.07132572357646762,
    "cc_std": 14.752360222423127,
    "cc_sum": 336,
    "cc_top20": 0.7142857142857143,
    "count": 37,
    "depth_max": 8,
    "extreme_cc_mean": 48.5,
    "high_cc_mean": 42.6,
    "lines_mean": 35.027027027027025,
    "lines_sum": 1296
  },
  "graph": {
    "cyclic_dependency_mass": 0.0,
    "dependency_entropy": 0.14479533290792707,
    "edge_count": 12,
    "node_count": 13,
    "propagation_cost": 0.09615384615384616
  },
  "lines": {
    "comments": 52,
    "loc": 1211,
    "multi_comment": 0,
    "single_comment": 71,
    "total_lines": 1469
  },
  "lint": {
    "counts": {
      "A002": 1,
      "ANN401": 1,
      "B007": 2,
      "B904": 1,
      "BLE001": 5,
      "C901": 5,
      "DOC201": 17,
      "DOC501": 1,
      "E712": 12,
      "EM101": 15,
      "EM102": 10,
      "EXE001": 4,
      "F401": 5,
      "F541": 3,
      "F841": 6,
      "FURB101": 2,
      "FURB110": 2,
      "FURB113": 1,
      "PERF401": 1,
      "PLC0415": 3,
      "PLC1901": 1,
      "PLR0912": 5,
      "PLR0914": 3,
      "PLR0915": 5,
      "PLR1702": 12,
      "PLR2004": 21,
      "PLR5501": 2,
      "PLR6201": 9,
      "PLR6301": 4,
      "PLW0602": 2,
      "PLW0603": 5,
      "PTH119": 1,
      "PTH123": 2,
      "PTH207": 2,
      "RET505": 2,
      "RUF010": 5,
      "S101": 64,
      "S104": 1,
      "S110": 2,
      "S404": 3,
      "S602": 2,
      "S607": 1,
      "SIM102": 1,
      "SIM108": 1,
      "SIM114": 2,
      "SIM118": 1,
      "TRY003": 25,
      "TRY004": 11,
      "TRY300": 1,
      "UP007": 1,
      "UP015": 2
    },
    "errors": 296,
    "fixable": 27
  },
  "redundancy": {
    "clone_lines": 96,
    "clone_ratio_sum": 0.13220815752461323,
    "cloned_sloc_lines": 94,
    "files_with_clones": 4
  },
  "source_files": [],
  "symbols": {
    "classes": 3,
    "expressions": 2037,
    "expressions_top_level": 82,
    "functions": 25,
    "globals": 12,
    "imports": 38,
    "max_imports": 22,
    "methods": 12,
    "statements": 480,
    "total": 52,
    "type_aliases": 0,
    "variables": 12
  },
  "verbosity_flagged_sloc_lines": 94,
  "waste": {
    "single_use_functions": 22,
    "trivial_wrappers": 0,
    "unused_variables": 16
  }
}