{
  "ast_grep": {
    "category_counts": {},
    "category_weighted": {},
    "counts": {},
    "rules_checked": 355,
    "violation_lines": 0,
    "violations": 0,
    "weighted": 0
  },
  "classes": {
    "attribute_counts_mean": 4.461538461538462,
    "attribute_counts_sum": 58,
    "count": 13,
    "method_counts_mean": 0.3076923076923077,
    "method_counts_sum": 4
  },
  "complexity": {
    "cc_max": 59,
    "cc_ratings": {
      "A": 75,
      "B": 13,
      "C": 8,
      "D": 11,
      "E": 0,
      "F": 7
    },
    "cc_sum": 981,
    "mi_min": 0.0,
    "mi_ratings": {
      "A": 0,
      "B": 0,
      "C": 1
    },
    "mi_sum": 0.0,
    "num_complex": 26
  },
  "file_count": 1,
  "functions": {
    "cc_concentration": 0.5900271080039948,
    "cc_extreme_count": 7,
    "cc_high_count": 26,
    "cc_max": 59,
    "cc_mean": 11.372093023255815,
    "cc_normalized": 0.019319679896247458,
    "cc_std": 14.658502059437689,
    "cc_sum": 978,
    "cc_top20": 0.6656441717791411,
    "count": 86,
    "depth_max": 6,
    "extreme_cc_mean": 52.857142857142854,
    "high_cc_mean": 28.73076923076923,
    "lines_mean": 33.04651162790697,
    "lines_sum": 2842
  },
  "graph": {
    "cyclic_dependency_mass": 0.0,
    "dependency_entropy": 0.0,
    "edge_count": 0,
    "node_count": 0,
    "propagation_cost": 0.0
  },
  "lines": {
    "comments": 171,
    "loc": 1556,
    "multi_comment": 21,
    "single_comment": 183,
    "total_lines": 2062
  },
  "lint": {
    "counts": {
      "ARG001": 5,
      "B007": 4,
      "B023": 2,
      "B903": 1,
      "B904": 2,
      "BLE001": 2,
      "C416": 4,
      "C420": 1,
      "C901": 21,
      "DOC201": 18,
      "DOC501": 17,
      "EM101": 7,
      "EM102": 70,
      "EXE001": 1,
      "F402": 1,
      "F541": 1,
      "F841": 3,
      "FURB101": 1,
      "FURB103": 1,
      "FURB116": 6,
      "FURB118": 4,
      "FURB142": 3,
      "FURB145": 3,
      "N806": 5,
      "PERF401": 2,
      "PIE810": 3,
      "PLC0415": 2,
      "PLR0911": 10,
      "PLR0912": 10,
      "PLR0914": 2,
      "PLR0915": 15,
      "PLR1702": 4,
      "PLR1730": 1,
      "PLR2004": 4,
      "PLR5501": 1,
      "PLR6104": 1,
      "PLR6201": 22,
      "PLW1514": 2,
      "PLW2901": 3,
      "PTH123": 2,
      "Q003": 1,
      "RET502": 3,
      "RET505": 7,
      "RUF005": 3,
      "RUF023": 1,
      "RUF047": 2,
      "S112": 1,
      "SIM102": 1,
      "SIM108": 5,
      "SIM114": 4,
      "SIM118": 1,
      "TRY003": 77,
      "UP045": 15
    },
    "errors": 388,
    "fixable": 50
  },
  "redundancy": {
    "clone_lines": 313,
    "clone_ratio_sum": 0.19794344473007713,
    "cloned_sloc_lines": 306,
    "files_with_clones": 1
  },
  "source_files": null,
  "symbols": {
    "classes": 13,
    "expressions": 4212,
    "expressions_top_level": 45,
    "functions": 82,
    "globals": 15,
    "imports": 10,
    "max_imports": 10,
    "methods": 4,
    "statements": 1175,
    "total": 114,
    "type_aliases": 0,
    "variables": 15
  },
  "verbosity_flagged_sloc_lines": 306,
  "waste": {
    "single_use_functions": 41,
    "trivial_wrappers": 6,
    "unused_variables": 22
  }
}