{
  "ast_grep": {
    "category_counts": {},
    "category_weighted": {},
    "counts": {},
    "rules_checked": 355,
    "violation_lines": 0,
    "violations": 0,
    "weighted": 0
  },
  "classes": {
    "attribute_counts_mean": 5.636363636363637,
    "attribute_counts_sum": 62,
    "count": 11,
    "method_counts_mean": 5.454545454545454,
    "method_counts_sum": 60
  },
  "complexity": {
    "cc_max": 161,
    "cc_ratings": {
      "A": 43,
      "B": 18,
      "C": 14,
      "D": 3,
      "E": 4,
      "F": 2
    },
    "cc_sum": 988,
    "mi_min": 5.703461325049196,
    "mi_ratings": {
      "A": 5,
      "B": 1,
      "C": 1
    },
    "mi_sum": 251.07787001502447,
    "num_complex": 23
  },
  "file_count": 7,
  "functions": {
    "cc_concentration": 0.45588332927611924,
    "cc_extreme_count": 3,
    "cc_high_count": 19,
    "cc_max": 37,
    "cc_mean": 8.479452054794521,
    "cc_normalized": 0.011754632299912221,
    "cc_std": 7.8547748907575246,
    "cc_sum": 619,
    "cc_top20": 0.518578352180937,
    "count": 73,
    "depth_max": 6,
    "extreme_cc_mean": 33.0,
    "high_cc_mean": 19.42105263157895,
    "lines_mean": 32.58904109589041,
    "lines_sum": 2379
  },
  "graph": {
    "cyclic_dependency_mass": 0.12698412698412698,
    "dependency_entropy": 0.28684242195435555,
    "edge_count": 99,
    "node_count": 73,
    "propagation_cost": 0.08561643835616438
  },
  "lines": {
    "comments": 248,
    "loc": 1793,
    "multi_comment": 83,
    "single_comment": 287,
    "total_lines": 2625
  },
  "lint": {
    "counts": {
      "ANN401": 19,
      "ARG002": 4,
      "B007": 1,
      "B904": 5,
      "BLE001": 4,
      "C901": 14,
      "DOC201": 61,
      "DOC501": 23,
      "E722": 4,
      "EM101": 7,
      "EM102": 30,
      "ERA001": 5,
      "EXE001": 1,
      "F401": 18,
      "F821": 13,
      "F841": 13,
      "FIX002": 1,
      "FURB101": 3,
      "FURB110": 1,
      "INP001": 6,
      "PERF203": 1,
      "PIE790": 1,
      "PLC0415": 4,
      "PLR0911": 3,
      "PLR0912": 9,
      "PLR0914": 4,
      "PLR0915": 5,
      "PLR1702": 4,
      "PLR1714": 4,
      "PLR2004": 4,
      "PLR5501": 3,
      "PLR6104": 5,
      "PLR6201": 23,
      "PLR6301": 13,
      "PLW1510": 1,
      "PLW1514": 6,
      "PLW2901": 6,
      "PTH123": 6,
      "RET504": 2,
      "RET505": 6,
      "RET507": 2,
      "RUF010": 1,
      "RUF015": 1,
      "S110": 3,
      "S404": 1,
      "S602": 1,
      "SIM102": 1,
      "SIM103": 1,
      "SIM105": 4,
      "SIM108": 6,
      "SIM114": 1,
      "TD002": 1,
      "TD003": 1,
      "TRY003": 37,
      "TRY300": 3,
      "UP006": 49,
      "UP015": 4,
      "UP035": 16,
      "UP045": 23
    },
    "errors": 499,
    "fixable": 117
  },
  "redundancy": {
    "clone_lines": 207,
    "clone_ratio_sum": 0.6885213731341484,
    "cloned_sloc_lines": 205,
    "files_with_clones": 7
  },
  "source_files": [
    "pipeline_types.py",
    "orchestrator.py",
    "pipeline_parser.py",
    "executor.py",
    "evaluator.py",
    "config_parser.py"
  ],
  "symbols": {
    "classes": 11,
    "expressions": 4374,
    "expressions_top_level": 25,
    "functions": 13,
    "globals": 0,
    "imports": 37,
    "max_imports": 8,
    "methods": 60,
    "statements": 988,
    "total": 84,
    "type_aliases": 0,
    "variables": 0
  },
  "verbosity_flagged_sloc_lines": 205,
  "waste": {
    "single_use_functions": 11,
    "trivial_wrappers": 0,
    "unused_variables": 54
  }
}