{
  "ast_grep": {
    "category_counts": {},
    "category_weighted": {},
    "counts": {},
    "rules_checked": 355,
    "violation_lines": 0,
    "violations": 0,
    "weighted": 0
  },
  "classes": {
    "attribute_counts_mean": 2.0625,
    "attribute_counts_sum": 33,
    "count": 16,
    "method_counts_mean": 4.1875,
    "method_counts_sum": 67
  },
  "complexity": {
    "cc_max": 106,
    "cc_ratings": {
      "A": 66,
      "B": 17,
      "C": 5,
      "D": 0,
      "E": 2,
      "F": 3
    },
    "cc_sum": 617,
    "mi_min": 0.0,
    "mi_ratings": {
      "A": 0,
      "B": 0,
      "C": 1
    },
    "mi_sum": 0.0,
    "num_complex": 10
  },
  "file_count": 1,
  "functions": {
    "cc_concentration": 0.5627705627705628,
    "cc_extreme_count": 2,
    "cc_high_count": 7,
    "cc_max": 56,
    "cc_mean": 4.8311688311688314,
    "cc_normalized": 0.03271769325325106,
    "cc_std": 7.668120262013366,
    "cc_sum": 372,
    "cc_top20": 0.6182795698924731,
    "count": 77,
    "depth_max": 8,
    "extreme_cc_mean": 45.0,
    "high_cc_mean": 21.714285714285715,
    "lines_mean": 13.0,
    "lines_sum": 1001
  },
  "graph": {
    "cyclic_dependency_mass": 0.1320754716981132,
    "dependency_entropy": 0.2112206476828403,
    "edge_count": 70,
    "node_count": 76,
    "propagation_cost": 0.02245614035087719
  },
  "lines": {
    "comments": 32,
    "loc": 913,
    "multi_comment": 3,
    "single_comment": 44,
    "total_lines": 1177
  },
  "lint": {
    "counts": {
      "ANN401": 13,
      "ARG002": 3,
      "B007": 4,
      "BLE001": 6,
      "C901": 5,
      "DOC201": 7,
      "DOC501": 3,
      "DTZ007": 1,
      "EM102": 12,
      "EXE001": 1,
      "F841": 2,
      "FBT001": 2,
      "FBT003": 2,
      "FURB101": 1,
      "PERF203": 1,
      "PIE790": 1,
      "PLC0415": 1,
      "PLC1901": 1,
      "PLR0911": 2,
      "PLR0912": 4,
      "PLR0915": 1,
      "PLR1702": 9,
      "PLR1714": 1,
      "PLR2004": 2,
      "PLR5501": 1,
      "PLR6201": 3,
      "PLR6301": 4,
      "PLW1641": 1,
      "PLW2901": 1,
      "PTH123": 3,
      "RET503": 2,
      "RET504": 1,
      "RET505": 8,
      "RET506": 1,
      "RET507": 2,
      "RUF031": 1,
      "RUF059": 1,
      "SIM103": 1,
      "SIM114": 1,
      "TRY003": 12,
      "TRY004": 6,
      "UP006": 36,
      "UP007": 1,
      "UP015": 2,
      "UP035": 3,
      "UP045": 4
    },
    "errors": 180,
    "fixable": 62
  },
  "redundancy": {
    "clone_lines": 141,
    "clone_ratio_sum": 0.15443592552026286,
    "cloned_sloc_lines": 141,
    "files_with_clones": 1
  },
  "source_files": [],
  "symbols": {
    "classes": 16,
    "expressions": 2428,
    "expressions_top_level": 20,
    "functions": 10,
    "globals": 0,
    "imports": 12,
    "max_imports": 12,
    "methods": 67,
    "statements": 555,
    "total": 93,
    "type_aliases": 0,
    "variables": 0
  },
  "verbosity_flagged_sloc_lines": 141,
  "waste": {
    "single_use_functions": 8,
    "trivial_wrappers": 0,
    "unused_variables": 8
  }
}