{
  "ast_grep": {
    "category_counts": {},
    "category_weighted": {},
    "counts": {},
    "rules_checked": 355,
    "violation_lines": 0,
    "violations": 0,
    "weighted": 0
  },
  "classes": {
    "attribute_counts_mean": 1.6666666666666667,
    "attribute_counts_sum": 15,
    "count": 9,
    "method_counts_mean": 2.6666666666666665,
    "method_counts_sum": 24
  },
  "complexity": {
    "cc_max": 47,
    "cc_ratings": {
      "A": 58,
      "B": 11,
      "C": 10,
      "D": 2,
      "E": 0,
      "F": 1
    },
    "cc_sum": 408,
    "mi_min": 0.0,
    "mi_ratings": {
      "A": 0,
      "B": 0,
      "C": 1
    },
    "mi_sum": 0.0,
    "num_complex": 13
  },
  "file_count": 1,
  "functions": {
    "cc_concentration": 0.500825727944372,
    "cc_extreme_count": 0,
    "cc_high_count": 12,
    "cc_max": 26,
    "cc_mean": 5.446153846153846,
    "cc_normalized": 0.01595017795014204,
    "cc_std": 5.545354951530293,
    "cc_sum": 354,
    "cc_top20": 0.5451977401129944,
    "count": 65,
    "depth_max": 4,
    "extreme_cc_mean": 0.0,
    "high_cc_mean": 15.25,
    "lines_mean": 18.353846153846153,
    "lines_sum": 1193
  },
  "graph": {
    "cyclic_dependency_mass": 0.0,
    "dependency_entropy": 0.25979893526490166,
    "edge_count": 104,
    "node_count": 64,
    "propagation_cost": 0.03546626984126984
  },
  "lines": {
    "comments": 62,
    "loc": 1032,
    "multi_comment": 6,
    "single_comment": 77,
    "total_lines": 1381
  },
  "lint": {
    "counts": {
      "ANN401": 2,
      "ARG001": 5,
      "B007": 1,
      "B903": 1,
      "BLE001": 3,
      "C901": 9,
      "DOC201": 18,
      "EM101": 1,
      "EM102": 5,
      "EXE001": 1,
      "F401": 2,
      "FBT001": 3,
      "FBT003": 1,
      "PERF102": 1,
      "PERF401": 1,
      "PIE810": 1,
      "PLC0206": 2,
      "PLR0124": 1,
      "PLR0911": 8,
      "PLR0912": 3,
      "PLR0913": 2,
      "PLR0914": 2,
      "PLR0917": 2,
      "PLR2004": 4,
      "PLR5501": 1,
      "PLR6201": 4,
      "RET504": 2,
      "RET505": 3,
      "RUF023": 1,
      "RUF059": 4,
      "S104": 1,
      "SIM102": 1,
      "SIM103": 1,
      "SIM110": 2,
      "SIM114": 2,
      "SIM118": 1,
      "TRY003": 6,
      "TRY300": 4,
      "UP037": 1
    },
    "errors": 113,
    "fixable": 10
  },
  "redundancy": {
    "clone_lines": 64,
    "clone_ratio_sum": 0.06201550387596899,
    "cloned_sloc_lines": 64,
    "files_with_clones": 1
  },
  "source_files": [],
  "symbols": {
    "classes": 9,
    "expressions": 1264,
    "expressions_top_level": 5,
    "functions": 41,
    "globals": 8,
    "imports": 15,
    "max_imports": 15,
    "methods": 24,
    "statements": 565,
    "total": 82,
    "type_aliases": 0,
    "variables": 8
  },
  "verbosity_flagged_sloc_lines": 64,
  "waste": {
    "single_use_functions": 29,
    "trivial_wrappers": 2,
    "unused_variables": 23
  }
}