{
  "ast_grep": {
    "category_counts": {},
    "category_weighted": {},
    "counts": {},
    "rules_checked": 355,
    "violation_lines": 0,
    "violations": 0,
    "weighted": 0
  },
  "classes": {
    "attribute_counts_mean": 3.875,
    "attribute_counts_sum": 31,
    "count": 8,
    "method_counts_mean": 0.0,
    "method_counts_sum": 0
  },
  "complexity": {
    "cc_max": 28,
    "cc_ratings": {
      "A": 26,
      "B": 9,
      "C": 7,
      "D": 6,
      "E": 0,
      "F": 0
    },
    "cc_sum": 364,
    "mi_min": 0.0,
    "mi_ratings": {
      "A": 2,
      "B": 0,
      "C": 1
    },
    "mi_sum": 161.89267549368023,
    "num_complex": 13
  },
  "file_count": 3,
  "functions": {
    "cc_concentration": 0.4449140602986757,
    "cc_extreme_count": 0,
    "cc_high_count": 13,
    "cc_max": 28,
    "cc_mean": 9.333333333333334,
    "cc_normalized": 0.018208295463934557,
    "cc_std": 7.865090534940269,
    "cc_sum": 364,
    "cc_top20": 0.49725274725274726,
    "count": 39,
    "depth_max": 9,
    "extreme_cc_mean": 0.0,
    "high_cc_mean": 18.692307692307693,
    "lines_mean": 47.41025641025641,
    "lines_sum": 1849
  },
  "graph": {
    "cyclic_dependency_mass": 0.0,
    "dependency_entropy": 0.0,
    "edge_count": 0,
    "node_count": 0,
    "propagation_cost": 0.0
  },
  "lines": {
    "comments": 137,
    "loc": 1554,
    "multi_comment": 7,
    "single_comment": 163,
    "total_lines": 2066
  },
  "lint": {
    "counts": {
      "ANN401": 5,
      "ARG001": 3,
      "B007": 2,
      "B905": 1,
      "C401": 1,
      "C901": 10,
      "DOC201": 36,
      "DOC501": 2,
      "EM101": 1,
      "EM102": 1,
      "EXE001": 2,
      "F401": 4,
      "F541": 4,
      "F821": 3,
      "F841": 1,
      "FURB103": 8,
      "FURB113": 1,
      "FURB171": 2,
      "FURB192": 1,
      "PERF401": 2,
      "PLC0415": 2,
      "PLR0911": 2,
      "PLR0912": 7,
      "PLR0913": 1,
      "PLR0915": 1,
      "PLR0917": 1,
      "PLR1702": 6,
      "PLR2004": 16,
      "PLR5501": 1,
      "PLR6201": 7,
      "PLW1514": 8,
      "PLW2901": 1,
      "PTH118": 10,
      "PTH123": 12,
      "Q001": 9,
      "RET505": 11,
      "RET507": 3,
      "SIM102": 6,
      "SIM114": 5,
      "SIM116": 2,
      "TRY003": 2,
      "TRY004": 1,
      "UP006": 118,
      "UP015": 4,
      "UP035": 3,
      "UP045": 8
    },
    "errors": 337,
    "fixable": 188
  },
  "redundancy": {
    "clone_lines": 296,
    "clone_ratio_sum": 0.3331289597384018,
    "cloned_sloc_lines": 201,
    "files_with_clones": 3
  },
  "source_files": null,
  "symbols": {
    "classes": 8,
    "expressions": 1236,
    "expressions_top_level": 14,
    "functions": 39,
    "globals": 1,
    "imports": 16,
    "max_imports": 8,
    "methods": 0,
    "statements": 360,
    "total": 48,
    "type_aliases": 0,
    "variables": 1
  },
  "verbosity_flagged_sloc_lines": 201,
  "waste": {
    "single_use_functions": 33,
    "trivial_wrappers": 0,
    "unused_variables": 2
  }
}