{
  "ast_grep": {
    "category_counts": {},
    "category_weighted": {},
    "counts": {},
    "rules_checked": 355,
    "violation_lines": 0,
    "violations": 0,
    "weighted": 0
  },
  "classes": {
    "attribute_counts_mean": 13.0,
    "attribute_counts_sum": 13,
    "count": 1,
    "method_counts_mean": 24.0,
    "method_counts_sum": 24
  },
  "complexity": {
    "cc_max": 78,
    "cc_ratings": {
      "A": 21,
      "B": 7,
      "C": 3,
      "D": 0,
      "E": 0,
      "F": 1
    },
    "cc_sum": 221,
    "mi_min": 17.20589574928363,
    "mi_ratings": {
      "A": 0,
      "B": 1,
      "C": 0
    },
    "mi_sum": 17.20589574928363,
    "num_complex": 4
  },
  "file_count": 1,
  "functions": {
    "cc_concentration": 0.41100834649221746,
    "cc_extreme_count": 0,
    "cc_high_count": 3,
    "cc_max": 18,
    "cc_mean": 4.612903225806452,
    "cc_normalized": 0.021898381338940773,
    "cc_std": 3.800679056474327,
    "cc_sum": 143,
    "cc_top20": 0.4825174825174825,
    "count": 31,
    "depth_max": 5,
    "extreme_cc_mean": 0.0,
    "high_cc_mean": 13.666666666666666,
    "lines_mean": 18.774193548387096,
    "lines_sum": 582
  },
  "graph": {
    "cyclic_dependency_mass": 0.0,
    "dependency_entropy": 0.1602300650995598,
    "edge_count": 38,
    "node_count": 31,
    "propagation_cost": 0.06559139784946237
  },
  "lines": {
    "comments": 40,
    "loc": 460,
    "multi_comment": 22,
    "single_comment": 66,
    "total_lines": 648
  },
  "lint": {
    "counts": {
      "B007": 1,
      "DOC201": 17,
      "DOC501": 1,
      "EM102": 1,
      "EXE001": 1,
      "F401": 1,
      "FBT001": 1,
      "FBT002": 1,
      "FURB110": 1,
      "FURB113": 4,
      "PERF102": 1,
      "PERF401": 1,
      "PERF402": 1,
      "PIE808": 1,
      "PLR0911": 1,
      "PLR0912": 1,
      "PLR0913": 1,
      "PLR0914": 1,
      "PLR0915": 1,
      "PLR0917": 1,
      "PLR6201": 2,
      "PTH110": 1,
      "PTH112": 1,
      "PTH123": 2,
      "RET505": 1,
      "RUF031": 1,
      "SIM102": 1,
      "SIM116": 1,
      "SLF001": 2,
      "TRY003": 1,
      "UP006": 36,
      "UP015": 2,
      "UP035": 4,
      "UP045": 20
    },
    "errors": 114,
    "fixable": 67
  },
  "redundancy": {
    "clone_lines": 75,
    "clone_ratio_sum": 0.16304347826086957,
    "cloned_sloc_lines": 68,
    "files_with_clones": 1
  },
  "source_files": [],
  "symbols": {
    "classes": 1,
    "expressions": 1013,
    "expressions_top_level": 35,
    "functions": 7,
    "globals": 0,
    "imports": 10,
    "max_imports": 10,
    "methods": 24,
    "statements": 217,
    "total": 32,
    "type_aliases": 0,
    "variables": 0
  },
  "verbosity_flagged_sloc_lines": 68,
  "waste": {
    "single_use_functions": 5,
    "trivial_wrappers": 0,
    "unused_variables": 14
  }
}