{
  "ast_grep": {
    "category_counts": {},
    "category_weighted": {},
    "counts": {},
    "rules_checked": 355,
    "violation_lines": 0,
    "violations": 0,
    "weighted": 0
  },
  "classes": {
    "attribute_counts_mean": 2.3333333333333335,
    "attribute_counts_sum": 161,
    "count": 69,
    "method_counts_mean": 0.8260869565217391,
    "method_counts_sum": 57
  },
  "complexity": {
    "cc_max": 77,
    "cc_ratings": {
      "A": 122,
      "B": 14,
      "C": 22,
      "D": 6,
      "E": 5,
      "F": 10
    },
    "cc_sum": 1457,
    "mi_min": 0.0,
    "mi_ratings": {
      "A": 0,
      "B": 0,
      "C": 3
    },
    "mi_sum": 8.117693522711022,
    "num_complex": 43
  },
  "file_count": 3,
  "functions": {
    "cc_concentration": 0.5963302752293578,
    "cc_extreme_count": 10,
    "cc_high_count": 37,
    "cc_max": 77,
    "cc_mean": 10.642201834862385,
    "cc_normalized": 0.015768210243537237,
    "cc_std": 13.95198309001522,
    "cc_sum": 1160,
    "cc_top20": 0.6241379310344828,
    "count": 109,
    "depth_max": 7,
    "extreme_cc_mean": 44.6,
    "high_cc_mean": 25.08108108108108,
    "lines_mean": 38.137614678899084,
    "lines_sum": 4157
  },
  "graph": {
    "cyclic_dependency_mass": 0.0,
    "dependency_entropy": 0.0,
    "edge_count": 0,
    "node_count": 0,
    "propagation_cost": 0.0
  },
  "lines": {
    "comments": 339,
    "loc": 3304,
    "multi_comment": 24,
    "single_comment": 362,
    "total_lines": 4365
  },
  "lint": {
    "counts": {
      "ARG001": 15,
      "ARG002": 2,
      "B904": 3,
      "C901": 36,
      "DOC201": 49,
      "DOC501": 58,
      "EM101": 3,
      "EM102": 102,
      "ERA001": 7,
      "EXE001": 3,
      "F401": 3,
      "F821": 2,
      "F841": 6,
      "FBT001": 15,
      "FBT002": 3,
      "FURB101": 3,
      "FURB118": 13,
      "FURB142": 3,
      "FURB156": 2,
      "PLC0415": 1,
      "PLR0911": 14,
      "PLR0912": 24,
      "PLR0913": 3,
      "PLR0914": 3,
      "PLR0915": 17,
      "PLR0917": 3,
      "PLR1702": 8,
      "PLR1714": 2,
      "PLR2004": 3,
      "PLR6201": 44,
      "PLW1514": 3,
      "PTH123": 3,
      "RET504": 2,
      "RET505": 23,
      "RET507": 5,
      "RET508": 3,
      "RUF005": 3,
      "RUF012": 3,
      "RUF013": 6,
      "RUF034": 2,
      "SIM108": 2,
      "SIM114": 8,
      "TRY003": 105,
      "UP015": 3,
      "UP045": 18
    },
    "errors": 639,
    "fixable": 74
  },
  "redundancy": {
    "clone_lines": 540,
    "clone_ratio_sum": 0.5245422869168708,
    "cloned_sloc_lines": 540,
    "files_with_clones": 3
  },
  "source_files": null,
  "symbols": {
    "classes": 69,
    "expressions": 6800,
    "expressions_top_level": 61,
    "functions": 52,
    "globals": 1,
    "imports": 21,
    "max_imports": 7,
    "methods": 57,
    "statements": 1447,
    "total": 179,
    "type_aliases": 0,
    "variables": 1
  },
  "verbosity_flagged_sloc_lines": 540,
  "waste": {
    "single_use_functions": 34,
    "trivial_wrappers": 0,
    "unused_variables": 25
  }
}