{
  "ast_grep": {
    "category_counts": {},
    "category_weighted": {},
    "counts": {},
    "rules_checked": 355,
    "violation_lines": 0,
    "violations": 0,
    "weighted": 0
  },
  "classes": {
    "attribute_counts_mean": 4.428571428571429,
    "attribute_counts_sum": 62,
    "count": 14,
    "method_counts_mean": 2.2142857142857144,
    "method_counts_sum": 31
  },
  "complexity": {
    "cc_max": 37,
    "cc_ratings": {
      "A": 41,
      "B": 8,
      "C": 0,
      "D": 2,
      "E": 2,
      "F": 0
    },
    "cc_sum": 253,
    "mi_min": 9.917227700965604,
    "mi_ratings": {
      "A": 0,
      "B": 1,
      "C": 0
    },
    "mi_sum": 9.917227700965604,
    "num_complex": 4
  },
  "file_count": 1,
  "functions": {
    "cc_concentration": 0.4863053613053613,
    "cc_extreme_count": 1,
    "cc_high_count": 2,
    "cc_max": 33,
    "cc_mean": 4.512820512820513,
    "cc_normalized": 0.042931369617224886,
    "cc_std": 5.839393420516223,
    "cc_sum": 176,
    "cc_top20": 0.5340909090909091,
    "count": 39,
    "depth_max": 3,
    "extreme_cc_mean": 33.0,
    "high_cc_mean": 27.0,
    "lines_mean": 12.461538461538462,
    "lines_sum": 486
  },
  "graph": {
    "cyclic_dependency_mass": 0.0297029702970297,
    "dependency_entropy": 0.2994934713120192,
    "edge_count": 51,
    "node_count": 39,
    "propagation_cost": 0.048582995951417005
  },
  "lines": {
    "comments": 51,
    "loc": 537,
    "multi_comment": 5,
    "single_comment": 51,
    "total_lines": 713
  },
  "lint": {
    "counts": {
      "ANN401": 5,
      "B904": 1,
      "BLE001": 1,
      "C901": 2,
      "DOC201": 7,
      "DOC501": 1,
      "E721": 1,
      "EM101": 3,
      "EM102": 9,
      "ERA001": 1,
      "EXE001": 1,
      "F401": 3,
      "F841": 1,
      "FURB103": 1,
      "PERF401": 1,
      "PLR0911": 2,
      "PLR0912": 2,
      "PLR1714": 3,
      "PLR6201": 1,
      "PLW2901": 1,
      "PTH123": 2,
      "RET505": 8,
      "RUF001": 1,
      "RUF010": 1,
      "RUF012": 1,
      "SIM102": 1,
      "TRY003": 12,
      "UP006": 16,
      "UP015": 1,
      "UP035": 4,
      "UP045": 10
    },
    "errors": 104,
    "fixable": 42
  },
  "redundancy": {
    "clone_lines": 34,
    "clone_ratio_sum": 0.0633147113594041,
    "cloned_sloc_lines": 34,
    "files_with_clones": 1
  },
  "source_files": [],
  "symbols": {
    "classes": 14,
    "expressions": 1288,
    "expressions_top_level": 10,
    "functions": 8,
    "globals": 0,
    "imports": 6,
    "max_imports": 6,
    "methods": 31,
    "statements": 271,
    "total": 53,
    "type_aliases": 0,
    "variables": 0
  },
  "verbosity_flagged_sloc_lines": 34,
  "waste": {
    "single_use_functions": 7,
    "trivial_wrappers": 0,
    "unused_variables": 7
  }
}