{
  "ast_grep": {
    "category_counts": {},
    "category_weighted": {},
    "counts": {},
    "rules_checked": 355,
    "violation_lines": 0,
    "violations": 0,
    "weighted": 0
  },
  "classes": {
    "attribute_counts_mean": 0.0,
    "attribute_counts_sum": 0,
    "count": 1,
    "method_counts_mean": 18.0,
    "method_counts_sum": 18
  },
  "complexity": {
    "cc_max": 150,
    "cc_ratings": {
      "A": 49,
      "B": 3,
      "C": 8,
      "D": 4,
      "E": 0,
      "F": 3
    },
    "cc_sum": 661,
    "mi_min": 3.599893106385908,
    "mi_ratings": {
      "A": 6,
      "B": 0,
      "C": 1
    },
    "mi_sum": 275.9678198837021,
    "num_complex": 15
  },
  "file_count": 7,
  "functions": {
    "cc_concentration": 0.6224903964629992,
    "cc_extreme_count": 2,
    "cc_high_count": 14,
    "cc_max": 90,
    "cc_mean": 9.462962962962964,
    "cc_normalized": 0.05407028462840151,
    "cc_std": 16.16975159137902,
    "cc_sum": 511,
    "cc_top20": 0.6790606653620352,
    "count": 54,
    "depth_max": 5,
    "extreme_cc_mean": 82.5,
    "high_cc_mean": 27.428571428571427,
    "lines_mean": 42.48148148148148,
    "lines_sum": 2294
  },
  "graph": {
    "cyclic_dependency_mass": 0.0,
    "dependency_entropy": 0.0,
    "edge_count": 0,
    "node_count": 0,
    "propagation_cost": 0.0
  },
  "lines": {
    "comments": 234,
    "loc": 1877,
    "multi_comment": 10,
    "single_comment": 276,
    "total_lines": 2547
  },
  "lint": {
    "counts": {
      "A002": 1,
      "B904": 6,
      "BLE001": 12,
      "C901": 11,
      "DOC201": 34,
      "DOC501": 4,
      "E712": 7,
      "EM101": 10,
      "EM102": 6,
      "ERA001": 6,
      "EXE001": 7,
      "F401": 1,
      "F541": 26,
      "F841": 4,
      "FURB145": 1,
      "PERF401": 2,
      "PIE790": 1,
      "PLC0206": 1,
      "PLC0415": 5,
      "PLC1901": 8,
      "PLR0911": 5,
      "PLR0912": 8,
      "PLR0914": 5,
      "PLR0915": 7,
      "PLR1730": 1,
      "PLR2004": 74,
      "PLR6201": 3,
      "PLR6301": 6,
      "PLW0603": 1,
      "PLW2901": 2,
      "PT028": 1,
      "RET502": 2,
      "RET505": 5,
      "RUF010": 6,
      "RUF052": 9,
      "S310": 16,
      "S404": 6,
      "S603": 2,
      "S607": 6,
      "SIM102": 3,
      "TRY003": 16,
      "TRY301": 2,
      "UP012": 2,
      "UP024": 2,
      "UP045": 2
    },
    "errors": 345,
    "fixable": 49
  },
  "redundancy": {
    "clone_lines": 341,
    "clone_ratio_sum": 0.8128300958684773,
    "cloned_sloc_lines": 339,
    "files_with_clones": 7
  },
  "source_files": null,
  "symbols": {
    "classes": 1,
    "expressions": 2660,
    "expressions_top_level": 60,
    "functions": 36,
    "globals": 12,
    "imports": 60,
    "max_imports": 19,
    "methods": 18,
    "statements": 666,
    "total": 67,
    "type_aliases": 0,
    "variables": 12
  },
  "verbosity_flagged_sloc_lines": 339,
  "waste": {
    "single_use_functions": 24,
    "trivial_wrappers": 0,
    "unused_variables": 18
  }
}