{
  "ast_grep": {
    "category_counts": {},
    "category_weighted": {},
    "counts": {},
    "rules_checked": 355,
    "violation_lines": 0,
    "violations": 0,
    "weighted": 0
  },
  "classes": {
    "attribute_counts_mean": 2.4,
    "attribute_counts_sum": 12,
    "count": 5,
    "method_counts_mean": 1.4,
    "method_counts_sum": 7
  },
  "complexity": {
    "cc_max": 44,
    "cc_ratings": {
      "A": 21,
      "B": 6,
      "C": 7,
      "D": 1,
      "E": 1,
      "F": 1
    },
    "cc_sum": 274,
    "mi_min": 7.893348292113933,
    "mi_ratings": {
      "A": 3,
      "B": 0,
      "C": 1
    },
    "mi_sum": 214.60933410621507,
    "num_complex": 10
  },
  "file_count": 4,
  "functions": {
    "cc_concentration": 0.4491638795986622,
    "cc_extreme_count": 1,
    "cc_high_count": 9,
    "cc_max": 36,
    "cc_mean": 8.846153846153847,
    "cc_normalized": 0.030893005671077497,
    "cc_std": 7.9281387863346975,
    "cc_sum": 230,
    "cc_top20": 0.5173913043478261,
    "count": 26,
    "depth_max": 5,
    "extreme_cc_mean": 36.0,
    "high_cc_mean": 17.333333333333332,
    "lines_mean": 39.61538461538461,
    "lines_sum": 1030
  },
  "graph": {
    "cyclic_dependency_mass": 0.0,
    "dependency_entropy": 0.2646482599912165,
    "edge_count": 14,
    "node_count": 15,
    "propagation_cost": 0.10952380952380952
  },
  "lines": {
    "comments": 29,
    "loc": 961,
    "multi_comment": 4,
    "single_comment": 43,
    "total_lines": 1197
  },
  "lint": {
    "counts": {
      "ANN401": 1,
      "ARG001": 4,
      "B905": 6,
      "BLE001": 1,
      "C401": 1,
      "C901": 4,
      "DOC201": 5,
      "DOC402": 1,
      "EM102": 2,
      "EXE001": 2,
      "F401": 3,
      "F541": 1,
      "F811": 1,
      "F821": 55,
      "F841": 2,
      "FURB122": 1,
      "PERF203": 1,
      "PLC1901": 2,
      "PLR0911": 2,
      "PLR0912": 3,
      "PLR0914": 1,
      "PLR0915": 2,
      "PLR2004": 2,
      "PLW1514": 2,
      "PLW2901": 2,
      "PTH110": 1,
      "PTH118": 2,
      "PTH123": 10,
      "Q001": 1,
      "RUF010": 2,
      "RUF015": 1,
      "S324": 1,
      "TRY003": 2,
      "UP006": 9,
      "UP015": 9,
      "UP035": 4,
      "UP045": 2
    },
    "errors": 151,
    "fixable": 39
  },
  "redundancy": {
    "clone_lines": 189,
    "clone_ratio_sum": 0.5661881728818848,
    "cloned_sloc_lines": 183,
    "files_with_clones": 4
  },
  "source_files": [],
  "symbols": {
    "classes": 5,
    "expressions": 908,
    "expressions_top_level": 13,
    "functions": 19,
    "globals": 6,
    "imports": 19,
    "max_imports": 9,
    "methods": 7,
    "statements": 306,
    "total": 37,
    "type_aliases": 0,
    "variables": 6
  },
  "verbosity_flagged_sloc_lines": 183,
  "waste": {
    "single_use_functions": 15,
    "trivial_wrappers": 0,
    "unused_variables": 6
  }
}