{
  "ast_grep": {
    "category_counts": {},
    "category_weighted": {},
    "counts": {},
    "rules_checked": 355,
    "violation_lines": 0,
    "violations": 0,
    "weighted": 0
  },
  "classes": {
    "attribute_counts_mean": 0.3,
    "attribute_counts_sum": 6,
    "count": 20,
    "method_counts_mean": 2.85,
    "method_counts_sum": 57
  },
  "complexity": {
    "cc_max": 49,
    "cc_ratings": {
      "A": 51,
      "B": 37,
      "C": 13,
      "D": 4,
      "E": 2,
      "F": 2
    },
    "cc_sum": 877,
    "mi_min": 0.0,
    "mi_ratings": {
      "A": 1,
      "B": 0,
      "C": 1
    },
    "mi_sum": 42.485091327508826,
    "num_complex": 21
  },
  "file_count": 2,
  "functions": {
    "cc_concentration": 0.42065827154682045,
    "cc_extreme_count": 1,
    "cc_high_count": 12,
    "cc_max": 32,
    "cc_mean": 6.735632183908046,
    "cc_normalized": 0.008186561748359139,
    "cc_std": 5.684454055549207,
    "cc_sum": 586,
    "cc_top20": 0.4726962457337884,
    "count": 87,
    "depth_max": 10,
    "extreme_cc_mean": 32.0,
    "high_cc_mean": 18.083333333333332,
    "lines_mean": 21.770114942528735,
    "lines_sum": 1894
  },
  "graph": {
    "cyclic_dependency_mass": 0.0,
    "dependency_entropy": 0.17826945885851647,
    "edge_count": 11,
    "node_count": 11,
    "propagation_cost": 0.12727272727272726
  },
  "lines": {
    "comments": 130,
    "loc": 1549,
    "multi_comment": 21,
    "single_comment": 190,
    "total_lines": 2146
  },
  "lint": {
    "counts": {
      "A001": 1,
      "ANN401": 6,
      "ARG001": 1,
      "ARG005": 1,
      "B007": 5,
      "B904": 2,
      "B905": 3,
      "BLE001": 17,
      "C901": 11,
      "DOC201": 43,
      "DOC402": 1,
      "DOC501": 5,
      "EM101": 51,
      "EM102": 10,
      "EXE001": 2,
      "F401": 3,
      "F811": 1,
      "F821": 1,
      "F841": 6,
      "FBT001": 4,
      "FBT002": 1,
      "FURB101": 1,
      "FURB171": 2,
      "FURB188": 4,
      "PERF102": 1,
      "PERF203": 3,
      "PERF401": 4,
      "PIE790": 4,
      "PLC0415": 4,
      "PLR0911": 4,
      "PLR0912": 7,
      "PLR0914": 2,
      "PLR0915": 1,
      "PLR1702": 7,
      "PLR1714": 4,
      "PLR2004": 1,
      "PLR5501": 1,
      "PLR6104": 1,
      "PLR6201": 7,
      "PLR6301": 7,
      "PTH123": 14,
      "RET505": 4,
      "RUF005": 8,
      "RUF012": 2,
      "RUF013": 2,
      "RUF059": 2,
      "S110": 2,
      "S112": 3,
      "SIM102": 11,
      "SIM108": 1,
      "SLF001": 18,
      "TRY003": 61,
      "UP006": 161,
      "UP015": 6,
      "UP035": 5,
      "UP045": 16
    },
    "errors": 556,
    "fixable": 217
  },
  "redundancy": {
    "clone_lines": 214,
    "clone_ratio_sum": 0.17378893888352298,
    "cloned_sloc_lines": 197,
    "files_with_clones": 2
  },
  "source_files": [],
  "symbols": {
    "classes": 20,
    "expressions": 2659,
    "expressions_top_level": 10,
    "functions": 30,
    "globals": 2,
    "imports": 24,
    "max_imports": 14,
    "methods": 57,
    "statements": 1025,
    "total": 109,
    "type_aliases": 0,
    "variables": 2
  },
  "verbosity_flagged_sloc_lines": 197,
  "waste": {
    "single_use_functions": 24,
    "trivial_wrappers": 0,
    "unused_variables": 10
  }
}