{
  "ast_grep": {
    "category_counts": {},
    "category_weighted": {},
    "counts": {},
    "rules_checked": 355,
    "violation_lines": 0,
    "violations": 0,
    "weighted": 0
  },
  "classes": {
    "attribute_counts_mean": 2.6666666666666665,
    "attribute_counts_sum": 16,
    "count": 6,
    "method_counts_mean": 7.5,
    "method_counts_sum": 45
  },
  "complexity": {
    "cc_max": 101,
    "cc_ratings": {
      "A": 31,
      "B": 13,
      "C": 7,
      "D": 2,
      "E": 0,
      "F": 2
    },
    "cc_sum": 503,
    "mi_min": 0.0,
    "mi_ratings": {
      "A": 0,
      "B": 0,
      "C": 1
    },
    "mi_sum": 0.0,
    "num_complex": 11
  },
  "file_count": 1,
  "functions": {
    "cc_concentration": 0.4376899696048632,
    "cc_extreme_count": 0,
    "cc_high_count": 8,
    "cc_max": 22,
    "cc_mean": 5.755102040816326,
    "cc_normalized": 0.01398005633519441,
    "cc_std": 4.763273612779774,
    "cc_sum": 282,
    "cc_top20": 0.4645390070921986,
    "count": 49,
    "depth_max": 5,
    "extreme_cc_mean": 0.0,
    "high_cc_mean": 13.875,
    "lines_mean": 24.0,
    "lines_sum": 1176
  },
  "graph": {
    "cyclic_dependency_mass": 0.05,
    "dependency_entropy": 0.3249739170367266,
    "edge_count": 74,
    "node_count": 49,
    "propagation_cost": 0.06462585034013606
  },
  "lines": {
    "comments": 113,
    "loc": 901,
    "multi_comment": 25,
    "single_comment": 147,
    "total_lines": 1289
  },
  "lint": {
    "counts": {
      "ARG002": 3,
      "B007": 5,
      "BLE001": 6,
      "C901": 6,
      "DOC201": 41,
      "DOC501": 17,
      "EM101": 7,
      "EM102": 18,
      "EXE001": 1,
      "FBT001": 1,
      "FBT002": 1,
      "FURB101": 1,
      "FURB110": 1,
      "FURB148": 1,
      "PD011": 1,
      "PD015": 4,
      "PERF102": 3,
      "PERF203": 2,
      "PIE790": 1,
      "PLC0415": 1,
      "PLR0911": 2,
      "PLR0912": 4,
      "PLR0915": 1,
      "PLR6201": 7,
      "PLR6301": 6,
      "PLW1514": 1,
      "PTH113": 1,
      "PTH123": 2,
      "RET504": 1,
      "RET505": 5,
      "RET506": 1,
      "RUF005": 1,
      "RUF012": 5,
      "RUF015": 1,
      "SIM102": 1,
      "SIM108": 1,
      "SLF001": 1,
      "TRY003": 25,
      "TRY301": 1,
      "UP006": 8,
      "UP015": 2,
      "UP035": 3,
      "UP045": 5
    },
    "errors": 206,
    "fixable": 26
  },
  "redundancy": {
    "clone_lines": 112,
    "clone_ratio_sum": 0.11986681465038845,
    "cloned_sloc_lines": 102,
    "files_with_clones": 1
  },
  "source_files": [],
  "symbols": {
    "classes": 6,
    "expressions": 2640,
    "expressions_top_level": 11,
    "functions": 4,
    "globals": 0,
    "imports": 10,
    "max_imports": 10,
    "methods": 45,
    "statements": 587,
    "total": 55,
    "type_aliases": 0,
    "variables": 0
  },
  "verbosity_flagged_sloc_lines": 102,
  "waste": {
    "single_use_functions": 4,
    "trivial_wrappers": 0,
    "unused_variables": 15
  }
}