{
  "ast_grep": {
    "category_counts": {},
    "category_weighted": {},
    "counts": {},
    "rules_checked": 355,
    "violation_lines": 0,
    "violations": 0,
    "weighted": 0
  },
  "classes": {
    "attribute_counts_mean": 0.35714285714285715,
    "attribute_counts_sum": 5,
    "count": 14,
    "method_counts_mean": 3.7142857142857144,
    "method_counts_sum": 52
  },
  "complexity": {
    "cc_max": 60,
    "cc_ratings": {
      "A": 94,
      "B": 13,
      "C": 8,
      "D": 2,
      "E": 0,
      "F": 2
    },
    "cc_sum": 605,
    "mi_min": 0.0,
    "mi_ratings": {
      "A": 3,
      "B": 0,
      "C": 1
    },
    "mi_sum": 121.87808016266483,
    "num_complex": 12
  },
  "file_count": 4,
  "functions": {
    "cc_concentration": 0.5053220466831496,
    "cc_extreme_count": 2,
    "cc_high_count": 8,
    "cc_max": 60,
    "cc_mean": 4.969387755102041,
    "cc_normalized": 0.025997599780190676,
    "cc_std": 7.931997163560708,
    "cc_sum": 487,
    "cc_top20": 0.5831622176591376,
    "count": 98,
    "depth_max": 7,
    "extreme_cc_mean": 52.0,
    "high_cc_mean": 25.375,
    "lines_mean": 19.744897959183675,
    "lines_sum": 1935
  },
  "graph": {
    "cyclic_dependency_mass": 0.0,
    "dependency_entropy": 0.16535286135098445,
    "edge_count": 42,
    "node_count": 35,
    "propagation_cost": 0.058823529411764705
  },
  "lines": {
    "comments": 242,
    "loc": 1456,
    "multi_comment": 17,
    "single_comment": 332,
    "total_lines": 2259
  },
  "lint": {
    "counts": {
      "ARG001": 2,
      "ARG002": 18,
      "B904": 8,
      "BLE001": 15,
      "C901": 5,
      "DOC201": 33,
      "DOC402": 1,
      "DOC501": 6,
      "E722": 3,
      "EM101": 7,
      "EM102": 4,
      "EXE001": 4,
      "F401": 8,
      "F541": 2,
      "FURB142": 1,
      "PERF203": 2,
      "PERF401": 1,
      "PLC0415": 6,
      "PLC1901": 10,
      "PLR0911": 4,
      "PLR0912": 4,
      "PLR0914": 3,
      "PLR0915": 4,
      "PLR1702": 5,
      "PLR2004": 27,
      "PLR6201": 3,
      "PLR6301": 50,
      "PLW0602": 2,
      "PLW0603": 2,
      "PLW1514": 8,
      "PLW2901": 1,
      "PT022": 1,
      "PTH108": 2,
      "PTH123": 6,
      "Q001": 5,
      "RET504": 1,
      "RET505": 3,
      "RUF010": 8,
      "RUF031": 1,
      "RUF059": 3,
      "S101": 105,
      "S110": 6,
      "S310": 2,
      "S404": 5,
      "S603": 5,
      "SIM102": 4,
      "SIM108": 2,
      "SIM118": 2,
      "SLF001": 43,
      "TRY003": 11,
      "TRY300": 7,
      "TRY301": 6,
      "UP015": 3
    },
    "errors": 480,
    "fixable": 39
  },
  "redundancy": {
    "clone_lines": 339,
    "clone_ratio_sum": 0.8919969957917713,
    "cloned_sloc_lines": 279,
    "files_with_clones": 4
  },
  "source_files": [],
  "symbols": {
    "classes": 14,
    "expressions": 2167,
    "expressions_top_level": 23,
    "functions": 46,
    "globals": 7,
    "imports": 47,
    "max_imports": 16,
    "methods": 52,
    "statements": 642,
    "total": 119,
    "type_aliases": 0,
    "variables": 7
  },
  "verbosity_flagged_sloc_lines": 279,
  "waste": {
    "single_use_functions": 33,
    "trivial_wrappers": 0,
    "unused_variables": 103
  }
}