{
  "ast_grep": {
    "category_counts": {},
    "category_weighted": {},
    "counts": {},
    "rules_checked": 355,
    "violation_lines": 0,
    "violations": 0,
    "weighted": 0
  },
  "classes": {
    "attribute_counts_mean": 0.125,
    "attribute_counts_sum": 1,
    "count": 8,
    "method_counts_mean": 1.125,
    "method_counts_sum": 9
  },
  "complexity": {
    "cc_max": 23,
    "cc_ratings": {
      "A": 180,
      "B": 14,
      "C": 6,
      "D": 2,
      "E": 0,
      "F": 0
    },
    "cc_sum": 362,
    "mi_min": 0.0,
    "mi_ratings": {
      "A": 12,
      "B": 0,
      "C": 1
    },
    "mi_sum": 701.76323660653,
    "num_complex": 8
  },
  "file_count": 13,
  "functions": {
    "cc_concentration": 0.4990154523912826,
    "cc_extreme_count": 0,
    "cc_high_count": 8,
    "cc_max": 23,
    "cc_mean": 4.349397590361446,
    "cc_normalized": 0.01372315002299201,
    "cc_std": 4.641892315298082,
    "cc_sum": 361,
    "cc_top20": 0.5623268698060941,
    "count": 83,
    "depth_max": 4,
    "extreme_cc_mean": 0.0,
    "high_cc_mean": 15.875,
    "lines_mean": 23.337349397590362,
    "lines_sum": 1937
  },
  "graph": {
    "cyclic_dependency_mass": 0.0,
    "dependency_entropy": 0.1426520595132048,
    "edge_count": 36,
    "node_count": 41,
    "propagation_cost": 0.032926829268292684
  },
  "lines": {
    "comments": 282,
    "loc": 2659,
    "multi_comment": 16,
    "single_comment": 312,
    "total_lines": 3655
  },
  "lint": {
    "counts": {
      "A002": 1,
      "ARG001": 2,
      "B006": 1,
      "B011": 2,
      "B904": 7,
      "BLE001": 14,
      "C901": 3,
      "DOC201": 24,
      "DOC501": 4,
      "E712": 50,
      "EM101": 7,
      "EM102": 12,
      "ERA001": 2,
      "EXE001": 11,
      "F401": 20,
      "F541": 22,
      "F821": 1,
      "FBT002": 2,
      "FBT003": 2,
      "FURB101": 1,
      "FURB103": 4,
      "FURB110": 1,
      "FURB118": 1,
      "FURB171": 2,
      "INP001": 2,
      "PIE810": 1,
      "PLC0415": 10,
      "PLC1901": 7,
      "PLR0124": 2,
      "PLR0911": 4,
      "PLR0912": 2,
      "PLR0914": 2,
      "PLR0915": 5,
      "PLR1714": 1,
      "PLR2004": 152,
      "PLR6201": 8,
      "PLW0603": 7,
      "PLW0604": 1,
      "PLW1510": 9,
      "PLW1514": 13,
      "PLW2901": 1,
      "PT015": 2,
      "PTH103": 1,
      "PTH108": 20,
      "PTH110": 8,
      "PTH123": 14,
      "Q001": 19,
      "S101": 54,
      "S108": 24,
      "S113": 70,
      "S324": 2,
      "S404": 6,
      "S602": 2,
      "S603": 13,
      "S607": 5,
      "SIM300": 1,
      "TRY003": 19,
      "TRY300": 5,
      "TRY301": 5,
      "UP015": 1,
      "UP024": 1
    },
    "errors": 695,
    "fixable": 119
  },
  "redundancy": {
    "clone_lines": 145,
    "clone_ratio_sum": 0.5348298429062659,
    "cloned_sloc_lines": 145,
    "files_with_clones": 13
  },
  "source_files": [],
  "symbols": {
    "classes": 8,
    "expressions": 2183,
    "expressions_top_level": 80,
    "functions": 74,
    "globals": 111,
    "imports": 96,
    "max_imports": 16,
    "methods": 9,
    "statements": 492,
    "total": 202,
    "type_aliases": 0,
    "variables": 111
  },
  "verbosity_flagged_sloc_lines": 145,
  "waste": {
    "single_use_functions": 51,
    "trivial_wrappers": 0,
    "unused_variables": 39
  }
}