{
  "ast_grep": {
    "category_counts": {},
    "category_weighted": {},
    "counts": {},
    "rules_checked": 355,
    "violation_lines": 0,
    "violations": 0,
    "weighted": 0
  },
  "classes": {
    "attribute_counts_mean": 3.1052631578947367,
    "attribute_counts_sum": 59,
    "count": 19,
    "method_counts_mean": 1.2105263157894737,
    "method_counts_sum": 23
  },
  "complexity": {
    "cc_max": 60,
    "cc_ratings": {
      "A": 44,
      "B": 4,
      "C": 1,
      "D": 3,
      "E": 0,
      "F": 1
    },
    "cc_sum": 227,
    "mi_min": 18.876143856443722,
    "mi_ratings": {
      "A": 0,
      "B": 1,
      "C": 0
    },
    "mi_sum": 18.876143856443722,
    "num_complex": 5
  },
  "file_count": 1,
  "functions": {
    "cc_concentration": 0.6056338028169014,
    "cc_extreme_count": 0,
    "cc_high_count": 3,
    "cc_max": 27,
    "cc_mean": 4.4375,
    "cc_normalized": 0.06818283622681112,
    "cc_std": 6.554670829066808,
    "cc_sum": 142,
    "cc_top20": 0.7183098591549296,
    "count": 32,
    "depth_max": 3,
    "extreme_cc_mean": 0.0,
    "high_cc_mean": 21.333333333333332,
    "lines_mean": 20.15625,
    "lines_sum": 645
  },
  "graph": {
    "cyclic_dependency_mass": 0.0,
    "dependency_entropy": 0.09216789266528937,
    "edge_count": 26,
    "node_count": 31,
    "propagation_cost": 0.05161290322580645
  },
  "lines": {
    "comments": 62,
    "loc": 574,
    "multi_comment": 3,
    "single_comment": 77,
    "total_lines": 788
  },
  "lint": {
    "counts": {
      "A001": 1,
      "B904": 1,
      "C901": 2,
      "DOC201": 10,
      "DOC501": 12,
      "EM101": 6,
      "EM102": 10,
      "ERA001": 1,
      "EXE001": 1,
      "F541": 2,
      "F821": 1,
      "F841": 1,
      "FBT001": 2,
      "FURB101": 1,
      "PLR0911": 1,
      "PLR0912": 2,
      "PLR0913": 1,
      "PLR0915": 1,
      "PLR0917": 1,
      "PLR1714": 1,
      "PLR6201": 2,
      "PLW1514": 1,
      "PTH123": 1,
      "RET505": 1,
      "RET506": 1,
      "RET508": 1,
      "RUF005": 1,
      "RUF059": 1,
      "S105": 5,
      "TRY003": 16,
      "TRY300": 1,
      "UP015": 1,
      "UP045": 34
    },
    "errors": 124,
    "fixable": 42
  },
  "redundancy": {
    "clone_lines": 84,
    "clone_ratio_sum": 0.14634146341463414,
    "cloned_sloc_lines": 84,
    "files_with_clones": 1
  },
  "source_files": [],
  "symbols": {
    "classes": 19,
    "expressions": 1206,
    "expressions_top_level": 27,
    "functions": 9,
    "globals": 2,
    "imports": 6,
    "max_imports": 6,
    "methods": 23,
    "statements": 223,
    "total": 53,
    "type_aliases": 0,
    "variables": 2
  },
  "verbosity_flagged_sloc_lines": 84,
  "waste": {
    "single_use_functions": 6,
    "trivial_wrappers": 0,
    "unused_variables": 24
  }
}