{
  "ast_grep": {
    "category_counts": {},
    "category_weighted": {},
    "counts": {},
    "rules_checked": 355,
    "violation_lines": 0,
    "violations": 0,
    "weighted": 0
  },
  "classes": {
    "attribute_counts_mean": 1.5,
    "attribute_counts_sum": 12,
    "count": 8,
    "method_counts_mean": 1.75,
    "method_counts_sum": 14
  },
  "complexity": {
    "cc_max": 44,
    "cc_ratings": {
      "A": 22,
      "B": 7,
      "C": 7,
      "D": 3,
      "E": 1,
      "F": 1
    },
    "cc_sum": 334,
    "mi_min": 10.558962336115005,
    "mi_ratings": {
      "A": 3,
      "B": 1,
      "C": 0
    },
    "mi_sum": 231.19843939145247,
    "num_complex": 12
  },
  "file_count": 4,
  "functions": {
    "cc_concentration": 0.4656084656084656,
    "cc_extreme_count": 1,
    "cc_high_count": 9,
    "cc_max": 36,
    "cc_mean": 8.814814814814815,
    "cc_normalized": 0.03182766319197362,
    "cc_std": 8.171418467566067,
    "cc_sum": 238,
    "cc_top20": 0.5168067226890757,
    "count": 27,
    "depth_max": 5,
    "extreme_cc_mean": 36.0,
    "high_cc_mean": 17.77777777777778,
    "lines_mean": 53.074074074074076,
    "lines_sum": 1433
  },
  "graph": {
    "cyclic_dependency_mass": 0.0,
    "dependency_entropy": 0.24744674481420278,
    "edge_count": 13,
    "node_count": 16,
    "propagation_cost": 0.08333333333333333
  },
  "lines": {
    "comments": 96,
    "loc": 1185,
    "multi_comment": 5,
    "single_comment": 120,
    "total_lines": 1618
  },
  "lint": {
    "counts": {
      "ANN401": 2,
      "ARG001": 2,
      "ARG002": 2,
      "B905": 6,
      "BLE001": 1,
      "C401": 2,
      "C901": 4,
      "DOC201": 17,
      "DOC402": 1,
      "DOC501": 1,
      "EM102": 1,
      "ERA001": 3,
      "EXE001": 2,
      "F401": 4,
      "F541": 1,
      "F811": 1,
      "F841": 2,
      "FURB122": 1,
      "PERF203": 1,
      "PLC1901": 1,
      "PLR0911": 2,
      "PLR0912": 4,
      "PLR0914": 2,
      "PLR0915": 2,
      "PLR2004": 2,
      "PLR6301": 4,
      "PLW1514": 2,
      "PLW2901": 2,
      "PTH110": 1,
      "PTH118": 2,
      "PTH123": 10,
      "Q001": 6,
      "RET503": 1,
      "RET504": 1,
      "RET505": 5,
      "RUF010": 2,
      "RUF015": 1,
      "S324": 1,
      "SIM114": 2,
      "TRY003": 1,
      "UP006": 36,
      "UP015": 9,
      "UP035": 7,
      "UP045": 12
    },
    "errors": 172,
    "fixable": 89
  },
  "redundancy": {
    "clone_lines": 257,
    "clone_ratio_sum": 0.5896020229995785,
    "cloned_sloc_lines": 237,
    "files_with_clones": 4
  },
  "source_files": [],
  "symbols": {
    "classes": 8,
    "expressions": 1114,
    "expressions_top_level": 13,
    "functions": 13,
    "globals": 6,
    "imports": 22,
    "max_imports": 11,
    "methods": 14,
    "statements": 324,
    "total": 41,
    "type_aliases": 0,
    "variables": 6
  },
  "verbosity_flagged_sloc_lines": 237,
  "waste": {
    "single_use_functions": 9,
    "trivial_wrappers": 0,
    "unused_variables": 6
  }
}