{
  "ast_grep": {
    "category_counts": {},
    "category_weighted": {},
    "counts": {},
    "rules_checked": 355,
    "violation_lines": 0,
    "violations": 0,
    "weighted": 0
  },
  "classes": {
    "attribute_counts_mean": 2.0,
    "attribute_counts_sum": 22,
    "count": 11,
    "method_counts_mean": 3.0,
    "method_counts_sum": 33
  },
  "complexity": {
    "cc_max": 76,
    "cc_ratings": {
      "A": 45,
      "B": 10,
      "C": 7,
      "D": 2,
      "E": 2,
      "F": 3
    },
    "cc_sum": 562,
    "mi_min": 0.0,
    "mi_ratings": {
      "A": 0,
      "B": 0,
      "C": 1
    },
    "mi_sum": 0.0,
    "num_complex": 14
  },
  "file_count": 1,
  "functions": {
    "cc_concentration": 0.5825208085612367,
    "cc_extreme_count": 2,
    "cc_high_count": 11,
    "cc_max": 76,
    "cc_mean": 7.5,
    "cc_normalized": 0.04015056799085837,
    "cc_std": 11.445139932310807,
    "cc_sum": 435,
    "cc_top20": 0.6413793103448275,
    "count": 58,
    "depth_max": 5,
    "extreme_cc_mean": 54.0,
    "high_cc_mean": 24.454545454545453,
    "lines_mean": 29.982758620689655,
    "lines_sum": 1739
  },
  "graph": {
    "cyclic_dependency_mass": 0.15976331360946747,
    "dependency_entropy": 0.377571479349084,
    "edge_count": 111,
    "node_count": 58,
    "propagation_cost": 0.17120387174833634
  },
  "lines": {
    "comments": 137,
    "loc": 1423,
    "multi_comment": 0,
    "single_comment": 182,
    "total_lines": 1879
  },
  "lint": {
    "counts": {
      "ANN401": 9,
      "ARG001": 2,
      "B007": 2,
      "B904": 4,
      "BLE001": 5,
      "C901": 11,
      "DOC201": 37,
      "DOC501": 22,
      "E721": 2,
      "EM101": 111,
      "EXE001": 1,
      "F401": 1,
      "F541": 8,
      "F811": 2,
      "F841": 5,
      "FBT003": 2,
      "FURB148": 2,
      "PERF203": 1,
      "PERF401": 1,
      "PIE790": 1,
      "PLC0415": 3,
      "PLR0911": 1,
      "PLR0912": 8,
      "PLR0913": 2,
      "PLR0914": 2,
      "PLR0915": 3,
      "PLR0917": 2,
      "PLR1714": 1,
      "PLR2004": 1,
      "PLR6201": 7,
      "PLR6301": 1,
      "RET505": 10,
      "RUF010": 2,
      "RUF012": 1,
      "S110": 2,
      "SIM114": 2,
      "SIM116": 1,
      "SIM118": 1,
      "TRY300": 2,
      "UP006": 84,
      "UP035": 3,
      "UP045": 3
    },
    "errors": 371,
    "fixable": 114
  },
  "redundancy": {
    "clone_lines": 550,
    "clone_ratio_sum": 0.3780744905130007,
    "cloned_sloc_lines": 533,
    "files_with_clones": 1
  },
  "source_files": [],
  "symbols": {
    "classes": 11,
    "expressions": 1851,
    "expressions_top_level": 4,
    "functions": 25,
    "globals": 0,
    "imports": 8,
    "max_imports": 8,
    "methods": 33,
    "statements": 617,
    "total": 69,
    "type_aliases": 0,
    "variables": 0
  },
  "verbosity_flagged_sloc_lines": 533,
  "waste": {
    "single_use_functions": 9,
    "trivial_wrappers": 0,
    "unused_variables": 8
  }
}