{
  "ast_grep": {
    "category_counts": {},
    "category_weighted": {},
    "counts": {},
    "rules_checked": 355,
    "violation_lines": 0,
    "violations": 0,
    "weighted": 0
  },
  "classes": {
    "attribute_counts_mean": 6.0,
    "attribute_counts_sum": 6,
    "count": 1,
    "method_counts_mean": 8.0,
    "method_counts_sum": 8
  },
  "complexity": {
    "cc_max": 24,
    "cc_ratings": {
      "A": 34,
      "B": 8,
      "C": 3,
      "D": 2,
      "E": 0,
      "F": 0
    },
    "cc_sum": 251,
    "mi_min": 16.14542276772758,
    "mi_ratings": {
      "A": 1,
      "B": 1,
      "C": 0
    },
    "mi_sum": 51.072626152171125,
    "num_complex": 5
  },
  "file_count": 2,
  "functions": {
    "cc_concentration": 0.4294641942423932,
    "cc_extreme_count": 0,
    "cc_high_count": 4,
    "cc_max": 23,
    "cc_mean": 5.27906976744186,
    "cc_normalized": 0.019961020562623548,
    "cc_std": 4.890834875635335,
    "cc_sum": 227,
    "cc_top20": 0.5066079295154186,
    "count": 43,
    "depth_max": 4,
    "extreme_cc_mean": 0.0,
    "high_cc_mean": 18.5,
    "lines_mean": 25.58139534883721,
    "lines_sum": 1100
  },
  "graph": {
    "cyclic_dependency_mass": 0.0,
    "dependency_entropy": 0.21882925567377617,
    "edge_count": 29,
    "node_count": 31,
    "propagation_cost": 0.04838709677419355
  },
  "lines": {
    "comments": 105,
    "loc": 853,
    "multi_comment": 11,
    "single_comment": 134,
    "total_lines": 1239
  },
  "lint": {
    "counts": {
      "ARG001": 1,
      "ARG002": 2,
      "B007": 1,
      "B904": 6,
      "BLE001": 9,
      "C901": 3,
      "DOC201": 32,
      "DOC501": 7,
      "E722": 1,
      "EM101": 10,
      "EM102": 7,
      "ERA001": 1,
      "EXE001": 2,
      "F401": 1,
      "FURB101": 1,
      "FURB148": 1,
      "PERF203": 3,
      "PERF401": 1,
      "PLC0415": 2,
      "PLC1901": 2,
      "PLR0911": 2,
      "PLR0912": 2,
      "PLR0914": 1,
      "PLR0915": 1,
      "PLR2004": 4,
      "PLR6201": 7,
      "PLR6301": 3,
      "PLW1514": 6,
      "PTH108": 6,
      "PTH110": 2,
      "PTH123": 3,
      "RET505": 3,
      "RUF001": 1,
      "RUF002": 1,
      "RUF003": 1,
      "RUF012": 1,
      "RUF029": 2,
      "S110": 2,
      "S310": 3,
      "S404": 1,
      "S603": 2,
      "SIM108": 1,
      "SIM117": 1,
      "TRY003": 17,
      "TRY300": 6,
      "TRY301": 3,
      "UP015": 2
    },
    "errors": 177,
    "fixable": 18
  },
  "redundancy": {
    "clone_lines": 219,
    "clone_ratio_sum": 0.5557599355531686,
    "cloned_sloc_lines": 207,
    "files_with_clones": 2
  },
  "source_files": [],
  "symbols": {
    "classes": 1,
    "expressions": 1062,
    "expressions_top_level": 24,
    "functions": 35,
    "globals": 3,
    "imports": 25,
    "max_imports": 15,
    "methods": 8,
    "statements": 344,
    "total": 47,
    "type_aliases": 0,
    "variables": 3
  },
  "verbosity_flagged_sloc_lines": 207,
  "waste": {
    "single_use_functions": 28,
    "trivial_wrappers": 1,
    "unused_variables": 15
  }
}