{
  "ast_grep": {
    "category_counts": {},
    "category_weighted": {},
    "counts": {},
    "rules_checked": 355,
    "violation_lines": 0,
    "violations": 0,
    "weighted": 0
  },
  "classes": {
    "attribute_counts_mean": 4.172413793103448,
    "attribute_counts_sum": 121,
    "count": 29,
    "method_counts_mean": 1.6551724137931034,
    "method_counts_sum": 48
  },
  "complexity": {
    "cc_max": 97,
    "cc_ratings": {
      "A": 66,
      "B": 22,
      "C": 10,
      "D": 7,
      "E": 1,
      "F": 2
    },
    "cc_sum": 749,
    "mi_min": 0.0,
    "mi_ratings": {
      "A": 0,
      "B": 0,
      "C": 1
    },
    "mi_sum": 0.0,
    "num_complex": 20
  },
  "file_count": 1,
  "functions": {
    "cc_concentration": 0.48323876036665214,
    "cc_extreme_count": 1,
    "cc_high_count": 17,
    "cc_max": 32,
    "cc_mean": 7.341772151898734,
    "cc_normalized": 0.01215677307234977,
    "cc_std": 7.194880793990083,
    "cc_sum": 580,
    "cc_top20": 0.553448275862069,
    "count": 79,
    "depth_max": 7,
    "extreme_cc_mean": 32.0,
    "high_cc_mean": 19.529411764705884,
    "lines_mean": 21.50632911392405,
    "lines_sum": 1699
  },
  "graph": {
    "cyclic_dependency_mass": 0.09669211195928754,
    "dependency_entropy": 0.451944543120273,
    "edge_count": 148,
    "node_count": 79,
    "propagation_cost": 0.06848425835767608
  },
  "lines": {
    "comments": 182,
    "loc": 1594,
    "multi_comment": 4,
    "single_comment": 192,
    "total_lines": 2151
  },
  "lint": {
    "counts": {
      "ANN401": 14,
      "ARG001": 2,
      "B007": 7,
      "B904": 1,
      "BLE001": 1,
      "C416": 1,
      "C901": 16,
      "DOC201": 34,
      "DOC501": 5,
      "E721": 1,
      "EM101": 23,
      "EM102": 11,
      "EXE001": 1,
      "F401": 1,
      "F541": 1,
      "F841": 7,
      "FBT001": 1,
      "FBT002": 1,
      "FURB103": 1,
      "PERF102": 5,
      "PERF401": 1,
      "PERF403": 3,
      "PLC0206": 2,
      "PLR0904": 1,
      "PLR0911": 5,
      "PLR0912": 11,
      "PLR0915": 2,
      "PLR1702": 3,
      "PLR1714": 2,
      "PLR2004": 4,
      "PLR6201": 2,
      "PLW2901": 1,
      "PTH123": 2,
      "RET504": 1,
      "RET505": 14,
      "RUF001": 1,
      "RUF005": 1,
      "RUF010": 2,
      "RUF012": 1,
      "RUF013": 3,
      "RUF015": 3,
      "SIM102": 7,
      "SIM114": 4,
      "SIM118": 3,
      "TRY003": 34,
      "TRY301": 5,
      "UP006": 106,
      "UP015": 1,
      "UP035": 4,
      "UP045": 12
    },
    "errors": 375,
    "fixable": 147
  },
  "redundancy": {
    "clone_lines": 177,
    "clone_ratio_sum": 0.10225846925972397,
    "cloned_sloc_lines": 163,
    "files_with_clones": 1
  },
  "source_files": [],
  "symbols": {
    "classes": 29,
    "expressions": 4003,
    "expressions_top_level": 22,
    "functions": 31,
    "globals": 0,
    "imports": 6,
    "max_imports": 6,
    "methods": 48,
    "statements": 789,
    "total": 108,
    "type_aliases": 0,
    "variables": 0
  },
  "verbosity_flagged_sloc_lines": 163,
  "waste": {
    "single_use_functions": 17,
    "trivial_wrappers": 0,
    "unused_variables": 14
  }
}