{
  "ast_grep": {
    "category_counts": {},
    "category_weighted": {},
    "counts": {},
    "rules_checked": 355,
    "violation_lines": 0,
    "violations": 0,
    "weighted": 0
  },
  "classes": {
    "attribute_counts_mean": 0.5,
    "attribute_counts_sum": 1,
    "count": 2,
    "method_counts_mean": 1.0,
    "method_counts_sum": 2
  },
  "complexity": {
    "cc_max": 29,
    "cc_ratings": {
      "A": 36,
      "B": 5,
      "C": 4,
      "D": 1,
      "E": 0,
      "F": 0
    },
    "cc_sum": 166,
    "mi_min": 24.371200620762497,
    "mi_ratings": {
      "A": 12,
      "B": 0,
      "C": 0
    },
    "mi_sum": 1004.8391542298078,
    "num_complex": 5
  },
  "file_count": 12,
  "functions": {
    "cc_concentration": 0.5323998697492673,
    "cc_extreme_count": 0,
    "cc_high_count": 5,
    "cc_max": 29,
    "cc_mean": 4.486486486486487,
    "cc_normalized": 0.039805809583716385,
    "cc_std": 5.444781505776485,
    "cc_sum": 166,
    "cc_top20": 0.5963855421686747,
    "count": 37,
    "depth_max": 4,
    "extreme_cc_mean": 0.0,
    "high_cc_mean": 15.0,
    "lines_mean": 18.10810810810811,
    "lines_sum": 670
  },
  "graph": {
    "cyclic_dependency_mass": 0.0,
    "dependency_entropy": 0.20963171999097757,
    "edge_count": 22,
    "node_count": 22,
    "propagation_cost": 0.10173160173160173
  },
  "lines": {
    "comments": 59,
    "loc": 568,
    "multi_comment": 45,
    "single_comment": 75,
    "total_lines": 858
  },
  "lint": {
    "counts": {
      "ARG001": 1,
      "B904": 1,
      "B905": 1,
      "C901": 1,
      "DOC201": 21,
      "DOC501": 2,
      "EM101": 1,
      "EM102": 14,
      "ERA001": 1,
      "EXE001": 1,
      "F821": 14,
      "F822": 9,
      "F841": 2,
      "FIX002": 1,
      "FURB101": 1,
      "FURB118": 1,
      "INP001": 7,
      "PLR0911": 1,
      "PLR0912": 1,
      "PLR0913": 2,
      "PLR0914": 1,
      "PLR0917": 2,
      "PLR6201": 3,
      "PTH112": 1,
      "PTH113": 1,
      "PTH123": 2,
      "RET505": 1,
      "RUF005": 3,
      "RUF022": 4,
      "RUF034": 2,
      "S105": 1,
      "TD002": 1,
      "TD003": 1,
      "TRY003": 15,
      "TRY004": 2,
      "UP006": 33,
      "UP015": 2,
      "UP035": 4,
      "UP045": 2
    },
    "errors": 164,
    "fixable": 47
  },
  "redundancy": {
    "clone_lines": 12,
    "clone_ratio_sum": 0.028169014084507043,
    "cloned_sloc_lines": 12,
    "files_with_clones": 12
  },
  "source_files": [],
  "symbols": {
    "classes": 2,
    "expressions": 546,
    "expressions_top_level": 7,
    "functions": 35,
    "globals": 7,
    "imports": 19,
    "max_imports": 11,
    "methods": 2,
    "statements": 183,
    "total": 46,
    "type_aliases": 0,
    "variables": 7
  },
  "verbosity_flagged_sloc_lines": 12,
  "waste": {
    "single_use_functions": 29,
    "trivial_wrappers": 3,
    "unused_variables": 15
  }
}