{
  "ast_grep": {
    "category_counts": {},
    "category_weighted": {},
    "counts": {},
    "rules_checked": 355,
    "violation_lines": 0,
    "violations": 0,
    "weighted": 0
  },
  "classes": {
    "attribute_counts_mean": 6.0,
    "attribute_counts_sum": 6,
    "count": 1,
    "method_counts_mean": 8.0,
    "method_counts_sum": 8
  },
  "complexity": {
    "cc_max": 24,
    "cc_ratings": {
      "A": 35,
      "B": 9,
      "C": 3,
      "D": 3,
      "E": 0,
      "F": 0
    },
    "cc_sum": 285,
    "mi_min": 10.299624411534854,
    "mi_ratings": {
      "A": 1,
      "B": 1,
      "C": 0
    },
    "mi_sum": 45.226827795978394,
    "num_complex": 6
  },
  "file_count": 2,
  "functions": {
    "cc_concentration": 0.43853073463268366,
    "cc_extreme_count": 0,
    "cc_high_count": 5,
    "cc_max": 24,
    "cc_mean": 5.673913043478261,
    "cc_normalized": 0.019599438254478546,
    "cc_std": 5.3874518727464675,
    "cc_sum": 261,
    "cc_top20": 0.524904214559387,
    "count": 46,
    "depth_max": 4,
    "extreme_cc_mean": 0.0,
    "high_cc_mean": 19.0,
    "lines_mean": 27.08695652173913,
    "lines_sum": 1246
  },
  "graph": {
    "cyclic_dependency_mass": 0.0,
    "dependency_entropy": 0.1986747475325916,
    "edge_count": 32,
    "node_count": 34,
    "propagation_cost": 0.04367201426024955
  },
  "lines": {
    "comments": 127,
    "loc": 951,
    "multi_comment": 22,
    "single_comment": 155,
    "total_lines": 1397
  },
  "lint": {
    "counts": {
      "ARG001": 1,
      "ARG002": 2,
      "B007": 1,
      "B904": 6,
      "BLE001": 10,
      "C901": 4,
      "DOC201": 35,
      "DOC501": 7,
      "E722": 1,
      "EM101": 10,
      "EM102": 7,
      "ERA001": 1,
      "EXE001": 2,
      "F401": 2,
      "FURB101": 1,
      "FURB148": 1,
      "PERF203": 3,
      "PERF401": 1,
      "PLC1901": 4,
      "PLR0911": 2,
      "PLR0912": 3,
      "PLR0914": 2,
      "PLR0915": 2,
      "PLR2004": 6,
      "PLR6201": 7,
      "PLR6301": 3,
      "PLW1514": 6,
      "PTH108": 6,
      "PTH110": 2,
      "PTH123": 3,
      "RET505": 2,
      "RUF001": 1,
      "RUF002": 1,
      "RUF003": 1,
      "RUF012": 1,
      "RUF029": 2,
      "S110": 2,
      "S310": 3,
      "S404": 1,
      "S603": 2,
      "SIM108": 1,
      "SIM117": 1,
      "TRY003": 17,
      "TRY300": 6,
      "TRY301": 3,
      "UP015": 2
    },
    "errors": 187,
    "fixable": 18
  },
  "redundancy": {
    "clone_lines": 217,
    "clone_ratio_sum": 0.5250737122044284,
    "cloned_sloc_lines": 205,
    "files_with_clones": 2
  },
  "source_files": [],
  "symbols": {
    "classes": 1,
    "expressions": 1130,
    "expressions_top_level": 24,
    "functions": 38,
    "globals": 3,
    "imports": 26,
    "max_imports": 16,
    "methods": 8,
    "statements": 387,
    "total": 50,
    "type_aliases": 0,
    "variables": 3
  },
  "verbosity_flagged_sloc_lines": 205,
  "waste": {
    "single_use_functions": 31,
    "trivial_wrappers": 1,
    "unused_variables": 15
  }
}