{
  "ast_grep": {
    "category_counts": {},
    "category_weighted": {},
    "counts": {},
    "rules_checked": 355,
    "violation_lines": 0,
    "violations": 0,
    "weighted": 0
  },
  "classes": {
    "attribute_counts_mean": 2.230769230769231,
    "attribute_counts_sum": 29,
    "count": 13,
    "method_counts_mean": 8.0,
    "method_counts_sum": 104
  },
  "complexity": {
    "cc_max": 290,
    "cc_ratings": {
      "A": 100,
      "B": 27,
      "C": 22,
      "D": 4,
      "E": 2,
      "F": 2
    },
    "cc_sum": 1206,
    "mi_min": 0.0,
    "mi_ratings": {
      "A": 4,
      "B": 2,
      "C": 1
    },
    "mi_sum": 209.45274120692815,
    "num_complex": 30
  },
  "file_count": 7,
  "functions": {
    "cc_concentration": 0.5295785154792988,
    "cc_extreme_count": 1,
    "cc_high_count": 24,
    "cc_max": 36,
    "cc_mean": 5.4714285714285715,
    "cc_normalized": 0.008635751720801573,
    "cc_std": 6.016096941118319,
    "cc_sum": 766,
    "cc_top20": 0.5639686684073107,
    "count": 140,
    "depth_max": 5,
    "extreme_cc_mean": 36.0,
    "high_cc_mean": 16.416666666666668,
    "lines_mean": 16.385714285714286,
    "lines_sum": 2294
  },
  "graph": {
    "cyclic_dependency_mass": 0.0,
    "dependency_entropy": 0.2806222155717206,
    "edge_count": 197,
    "node_count": 138,
    "propagation_cost": 0.026711097006241406
  },
  "lines": {
    "comments": 26,
    "loc": 2181,
    "multi_comment": 3,
    "single_comment": 34,
    "total_lines": 2669
  },
  "lint": {
    "counts": {
      "A002": 1,
      "ARG001": 5,
      "ARG002": 6,
      "ARG004": 1,
      "ARG005": 4,
      "B007": 2,
      "B904": 7,
      "BLE001": 10,
      "C401": 2,
      "C901": 11,
      "DOC201": 2,
      "E741": 13,
      "EM101": 14,
      "EM102": 10,
      "EXE001": 2,
      "F401": 4,
      "FBT002": 1,
      "FURB110": 1,
      "FURB118": 8,
      "FURB171": 3,
      "FURB188": 1,
      "INP001": 5,
      "PERF102": 1,
      "PERF203": 2,
      "PERF401": 2,
      "PIE810": 1,
      "PLC1901": 1,
      "PLR0904": 1,
      "PLR0911": 10,
      "PLR0912": 5,
      "PLR0913": 5,
      "PLR0914": 3,
      "PLR0915": 2,
      "PLR0917": 5,
      "PLR2004": 31,
      "PLR6201": 25,
      "PLR6301": 3,
      "PLW2901": 3,
      "PTH119": 1,
      "RSE102": 2,
      "RUF022": 1,
      "RUF031": 2,
      "RUF059": 1,
      "S104": 2,
      "S110": 1,
      "S112": 1,
      "S506": 1,
      "SIM114": 1,
      "SIM118": 1,
      "TRY003": 22,
      "TRY300": 2
    },
    "errors": 251,
    "fixable": 12
  },
  "redundancy": {
    "clone_lines": 292,
    "clone_ratio_sum": 0.24851063829787234,
    "cloned_sloc_lines": 292,
    "files_with_clones": 7
  },
  "source_files": [
    "rego_engine.py",
    "server.py",
    "stores.py",
    "schema_validation.py",
    "parsers.py",
    "json_utils.py"
  ],
  "symbols": {
    "classes": 13,
    "expressions": 5302,
    "expressions_top_level": 48,
    "functions": 36,
    "globals": 4,
    "imports": 44,
    "max_imports": 21,
    "methods": 104,
    "statements": 1256,
    "total": 157,
    "type_aliases": 0,
    "variables": 4
  },
  "verbosity_flagged_sloc_lines": 292,
  "waste": {
    "single_use_functions": 26,
    "trivial_wrappers": 0,
    "unused_variables": 33
  }
}