{
  "model": "pangu",
  "thinking": "none",
  "prompt": "just-solve",
  "agent_type": "claude_code",
  "agent_version": "2.0.51",
  "num_problems": 2,
  "num_checkpoints": 5,
  "expected_checkpoints": 8,
  "costs": {
    "checkpoint": {
      "mean": 3.3094565999999994,
      "stddev": 3.5556008793004725,
      "min": 0.0,
      "max": 8.368826999999998,
      "median": 3.127233,
      "count": 5
    },
    "problem": {
      "mean": 8.273641499999998,
      "stddev": 4.557187946341966,
      "min": 5.0512229999999985,
      "max": 11.496059999999998,
      "median": 8.273641499999998,
      "count": 2
    },
    "total": 16.547282999999997
  },
  "time": {
    "checkpoint": {
      "mean": 2253.787567,
      "stddev": 1055.9289514553268,
      "min": 1167.431072,
      "max": 3763.895425,
      "median": 2180.182019,
      "count": 5
    },
    "problem": {
      "mean": 5634.4689175,
      "stddev": 979.6258315294723,
      "min": 4941.768849,
      "max": 6327.168986000001,
      "median": 5634.4689175,
      "count": 2
    }
  },
  "tokens": {
    "input": 5096916,
    "output": 83769,
    "cache_read": 0,
    "cache_write": 0,
    "reasoning": 0,
    "problem": {
      "input": 2548458.0,
      "output": 41884.5,
      "cache_read": 0.0,
      "cache_write": 0.0,
      "reasoning": 0.0
    },
    "checkpoint": {
      "input": 1019383.2,
      "output": 16753.8,
      "cache_read": 0.0,
      "cache_write": 0.0,
      "reasoning": 0.0
    }
  },
  "steps": {
    "checkpoint": {
      "mean": 2.6,
      "stddev": 3.1304951684997055,
      "min": 0.0,
      "max": 6.0,
      "median": 1.0,
      "count": 5
    },
    "problem": {
      "mean": 6.5,
      "stddev": 0.7071067811865476,
      "min": 6.0,
      "max": 7.0,
      "median": 6.5,
      "count": 2
    }
  },
  "checkpoints_solved": 0,
  "checkpoints_iso_solved": 0,
  "checkpoints_core_solved": 0,
  "problem_solved": 0.0,
  "problem_partial": 0.0,
  "pct_checkpoints_solved": 0.0,
  "pct_checkpoints_iso_solved": 0.0,
  "pct_problems_solved": 0.0,
  "pct_problems_partial": 0.0,
  "pct_checkpoints_core_solved": 0.0,
  "pass_rates": {
    "problem": {
      "core": 0.2638888888888889,
      "total": 0.255445580320052,
      "error": 0.32901234567901233,
      "functionality": 0.25414781297134237,
      "regression": 0.0851063829787234
    },
    "checkpoint": {
      "core": 0.31666666666666665,
      "total": 0.3065346963840624,
      "error": 0.6580246913580247,
      "functionality": 0.3049773755656109,
      "regression": 0.0851063829787234
    }
  },
  "cc": {
    "high_count": {
      "mean": 170.8,
      "stddev": 151.47838129581396,
      "min": 0.0,
      "max": 289.0,
      "median": 275.0,
      "count": 5
    },
    "high_mean": {
      "mean": 14.54548164292455,
      "stddev": 8.157041412075356,
      "min": 0.0,
      "max": 19.3,
      "median": 17.860714285714284,
      "count": 5
    },
    "max": {
      "mean": 96.4,
      "stddev": 74.26169941497434,
      "min": 0.0,
      "max": 150.0,
      "median": 150.0,
      "count": 5
    }
  },
  "ratios": {
    "rubric": {
      "mean": null,
      "stddev": null,
      "min": null,
      "max": null,
      "median": null,
      "count": 0
    },
    "lint": {
      "mean": 0.07999523041042954,
      "stddev": 0.04788649514414819,
      "min": 0.0,
      "max": 0.1296583850931677,
      "median": 0.09002076903106701,
      "count": 5
    },
    "violation_pct": {
      "mean": 0.0,
      "stddev": 0.0,
      "min": 0.0,
      "max": 0.0,
      "median": 0.0,
      "count": 5
    }
  },
  "verbosity": {
    "mean": 0.0,
    "stddev": null,
    "min": 0.0,
    "max": 0.0,
    "median": 0.0,
    "count": 1
  },
  "erosion": {
    "mean": 0.0,
    "stddev": null,
    "min": 0.0,
    "max": 0.0,
    "median": 0.0,
    "count": 1
  }
}