{
  "ast_grep": {
    "category_counts": {},
    "category_weighted": {},
    "counts": {},
    "rules_checked": 355,
    "violation_lines": 0,
    "violations": 0,
    "weighted": 0
  },
  "classes": {
    "attribute_counts_mean": 6.25,
    "attribute_counts_sum": 25,
    "count": 4,
    "method_counts_mean": 5.0,
    "method_counts_sum": 20
  },
  "complexity": {
    "cc_max": 67,
    "cc_ratings": {
      "A": 25,
      "B": 7,
      "C": 1,
      "D": 3,
      "E": 0,
      "F": 1
    },
    "cc_sum": 257,
    "mi_min": 2.428688705328047,
    "mi_ratings": {
      "A": 4,
      "B": 0,
      "C": 1
    },
    "mi_sum": 402.42868870532806,
    "num_complex": 5
  },
  "file_count": 5,
  "functions": {
    "cc_concentration": 0.49789915966386555,
    "cc_extreme_count": 0,
    "cc_high_count": 3,
    "cc_max": 27,
    "cc_mean": 6.071428571428571,
    "cc_normalized": 0.04219402793797258,
    "cc_std": 6.5992624247157,
    "cc_sum": 170,
    "cc_top20": 0.5705882352941176,
    "count": 28,
    "depth_max": 4,
    "extreme_cc_mean": 0.0,
    "high_cc_mean": 23.0,
    "lines_mean": 23.714285714285715,
    "lines_sum": 664
  },
  "graph": {
    "cyclic_dependency_mass": 0.0,
    "dependency_entropy": 0.18602275646572997,
    "edge_count": 17,
    "node_count": 26,
    "propagation_cost": 0.04461538461538461
  },
  "lines": {
    "comments": 17,
    "loc": 625,
    "multi_comment": 4,
    "single_comment": 18,
    "total_lines": 785
  },
  "lint": {
    "counts": {
      "ARG002": 7,
      "B007": 3,
      "B904": 1,
      "BLE001": 2,
      "C901": 3,
      "DOC201": 1,
      "EM101": 3,
      "EM102": 12,
      "ERA001": 1,
      "EXE001": 1,
      "F821": 9,
      "FIX002": 2,
      "FURB101": 2,
      "FURB103": 1,
      "FURB113": 1,
      "FURB148": 1,
      "INP001": 4,
      "PERF401": 3,
      "PLC0206": 1,
      "PLR0911": 2,
      "PLR0912": 3,
      "PLR0915": 1,
      "PLR6201": 6,
      "PLR6301": 6,
      "PLW2901": 1,
      "PTH112": 1,
      "PTH113": 1,
      "PTH118": 2,
      "PTH122": 1,
      "PTH123": 4,
      "RUF012": 2,
      "RUF021": 1,
      "RUF059": 1,
      "S105": 2,
      "SLF001": 1,
      "TD002": 2,
      "TD003": 2,
      "TRY003": 15,
      "TRY004": 3,
      "UP015": 3
    },
    "errors": 118,
    "fixable": 13
  },
  "redundancy": {
    "clone_lines": 16,
    "clone_ratio_sum": 0.025848142164781908,
    "cloned_sloc_lines": 16,
    "files_with_clones": 5
  },
  "source_files": [],
  "symbols": {
    "classes": 4,
    "expressions": 1308,
    "expressions_top_level": 11,
    "functions": 8,
    "globals": 5,
    "imports": 7,
    "max_imports": 7,
    "methods": 20,
    "statements": 312,
    "total": 37,
    "type_aliases": 0,
    "variables": 5
  },
  "verbosity_flagged_sloc_lines": 16,
  "waste": {
    "single_use_functions": 8,
    "trivial_wrappers": 0,
    "unused_variables": 9
  }
}