{
  "ast_grep": {
    "category_counts": {},
    "category_weighted": {},
    "counts": {},
    "rules_checked": 355,
    "violation_lines": 0,
    "violations": 0,
    "weighted": 0
  },
  "classes": {
    "attribute_counts_mean": 2.0434782608695654,
    "attribute_counts_sum": 47,
    "count": 23,
    "method_counts_mean": 2.739130434782609,
    "method_counts_sum": 63
  },
  "complexity": {
    "cc_max": 102,
    "cc_ratings": {
      "A": 64,
      "B": 13,
      "C": 7,
      "D": 1,
      "E": 2,
      "F": 3
    },
    "cc_sum": 616,
    "mi_min": 0.0,
    "mi_ratings": {
      "A": 0,
      "B": 0,
      "C": 1
    },
    "mi_sum": 0.0,
    "num_complex": 13
  },
  "file_count": 1,
  "functions": {
    "cc_concentration": 0.5097786927431807,
    "cc_extreme_count": 1,
    "cc_high_count": 8,
    "cc_max": 35,
    "cc_mean": 5.1940298507462686,
    "cc_normalized": 0.019635765102471406,
    "cc_std": 5.957523397301807,
    "cc_sum": 348,
    "cc_top20": 0.5632183908045977,
    "count": 67,
    "depth_max": 6,
    "extreme_cc_mean": 35.0,
    "high_cc_mean": 17.625,
    "lines_mean": 15.328358208955224,
    "lines_sum": 1027
  },
  "graph": {
    "cyclic_dependency_mass": 0.136,
    "dependency_entropy": 0.2593986705646498,
    "edge_count": 68,
    "node_count": 66,
    "propagation_cost": 0.057342657342657345
  },
  "lines": {
    "comments": 84,
    "loc": 922,
    "multi_comment": 3,
    "single_comment": 102,
    "total_lines": 1237
  },
  "lint": {
    "counts": {
      "ANN401": 6,
      "ARG002": 2,
      "B024": 1,
      "B904": 7,
      "BLE001": 3,
      "C901": 5,
      "DOC201": 16,
      "DOC501": 12,
      "DTZ007": 1,
      "EM101": 18,
      "EM102": 35,
      "EXE001": 1,
      "F401": 5,
      "F541": 1,
      "FURB101": 1,
      "FURB103": 1,
      "N818": 1,
      "PERF203": 2,
      "PIE790": 1,
      "PLC0415": 2,
      "PLR0911": 6,
      "PLR0912": 5,
      "PLR0915": 2,
      "PLR1702": 1,
      "PLR2004": 3,
      "PLR6201": 13,
      "PLR6301": 10,
      "PLW1514": 3,
      "PTH123": 3,
      "RET504": 1,
      "RET505": 15,
      "RET507": 1,
      "SIM114": 1,
      "TRY003": 53,
      "UP006": 50,
      "UP015": 2,
      "UP024": 2,
      "UP035": 5,
      "UP045": 10
    },
    "errors": 307,
    "fixable": 93
  },
  "redundancy": {
    "clone_lines": 55,
    "clone_ratio_sum": 0.05856832971800434,
    "cloned_sloc_lines": 54,
    "files_with_clones": 1
  },
  "source_files": [],
  "symbols": {
    "classes": 23,
    "expressions": 2996,
    "expressions_top_level": 21,
    "functions": 4,
    "globals": 0,
    "imports": 12,
    "max_imports": 12,
    "methods": 63,
    "statements": 776,
    "total": 90,
    "type_aliases": 0,
    "variables": 0
  },
  "verbosity_flagged_sloc_lines": 54,
  "waste": {
    "single_use_functions": 4,
    "trivial_wrappers": 0,
    "unused_variables": 13
  }
}