{
  "ast_grep": {
    "category_counts": {},
    "category_weighted": {},
    "counts": {},
    "rules_checked": 355,
    "violation_lines": 0,
    "violations": 0,
    "weighted": 0
  },
  "classes": {
    "attribute_counts_mean": 0.0,
    "attribute_counts_sum": 0,
    "count": 1,
    "method_counts_mean": 1.0,
    "method_counts_sum": 1
  },
  "complexity": {
    "cc_max": 21,
    "cc_ratings": {
      "A": 69,
      "B": 11,
      "C": 7,
      "D": 2,
      "E": 0,
      "F": 0
    },
    "cc_sum": 370,
    "mi_min": 0.0,
    "mi_ratings": {
      "A": 0,
      "B": 0,
      "C": 2
    },
    "mi_sum": 7.16085494665491,
    "num_complex": 9
  },
  "file_count": 2,
  "functions": {
    "cc_concentration": 0.44785585585585586,
    "cc_extreme_count": 0,
    "cc_high_count": 9,
    "cc_max": 21,
    "cc_mean": 4.933333333333334,
    "cc_normalized": 0.012027915424555308,
    "cc_std": 4.685611481434942,
    "cc_sum": 370,
    "cc_top20": 0.5135135135135135,
    "count": 75,
    "depth_max": 4,
    "extreme_cc_mean": 0.0,
    "high_cc_mean": 15.444444444444445,
    "lines_mean": 20.533333333333335,
    "lines_sum": 1540
  },
  "graph": {
    "cyclic_dependency_mass": 0.0,
    "dependency_entropy": 0.3430036496176455,
    "edge_count": 61,
    "node_count": 36,
    "propagation_cost": 0.1246031746031746
  },
  "lines": {
    "comments": 5,
    "loc": 1437,
    "multi_comment": 0,
    "single_comment": 40,
    "total_lines": 1740
  },
  "lint": {
    "counts": {
      "B007": 1,
      "B904": 2,
      "BLE001": 3,
      "C420": 5,
      "C901": 6,
      "DOC201": 33,
      "DOC501": 2,
      "EM101": 13,
      "EXE001": 2,
      "F541": 1,
      "FBT002": 1,
      "FURB101": 1,
      "PERF102": 2,
      "PERF203": 1,
      "PLC1901": 2,
      "PLR0911": 2,
      "PLR0912": 2,
      "PLR0913": 4,
      "PLR0914": 1,
      "PLR0917": 4,
      "PLR1733": 1,
      "PLR2004": 17,
      "PLR6201": 1,
      "PLW0602": 1,
      "PLW0603": 24,
      "PLW1510": 3,
      "PLW1514": 1,
      "PTH108": 30,
      "PTH113": 2,
      "PTH123": 2,
      "RET503": 1,
      "RUF005": 1,
      "RUF015": 3,
      "RUF059": 15,
      "S105": 1,
      "S404": 1,
      "S603": 7,
      "SIM115": 1,
      "TRY003": 13,
      "UP015": 2,
      "UP031": 36
    },
    "errors": 251,
    "fixable": 47
  },
  "redundancy": {
    "clone_lines": 140,
    "clone_ratio_sum": 0.1810682598598678,
    "cloned_sloc_lines": 140,
    "files_with_clones": 2
  },
  "source_files": [],
  "symbols": {
    "classes": 1,
    "expressions": 1253,
    "expressions_top_level": 18,
    "functions": 74,
    "globals": 13,
    "imports": 15,
    "max_imports": 9,
    "methods": 1,
    "statements": 454,
    "total": 89,
    "type_aliases": 0,
    "variables": 13
  },
  "verbosity_flagged_sloc_lines": 140,
  "waste": {
    "single_use_functions": 61,
    "trivial_wrappers": 0,
    "unused_variables": 30
  }
}