{
  "ast_grep": {
    "category_counts": {},
    "category_weighted": {},
    "counts": {},
    "rules_checked": 355,
    "violation_lines": 0,
    "violations": 0,
    "weighted": 0
  },
  "classes": {
    "attribute_counts_mean": 0.0,
    "attribute_counts_sum": 0,
    "count": 0,
    "method_counts_mean": 0.0,
    "method_counts_sum": 0
  },
  "complexity": {
    "cc_max": 36,
    "cc_ratings": {
      "A": 26,
      "B": 9,
      "C": 1,
      "D": 1,
      "E": 1,
      "F": 0
    },
    "cc_sum": 194,
    "mi_min": 22.86559679183238,
    "mi_ratings": {
      "A": 3,
      "B": 0,
      "C": 0
    },
    "mi_sum": 158.07263138454994,
    "num_complex": 3
  },
  "file_count": 3,
  "functions": {
    "cc_concentration": 0.526128688233203,
    "cc_extreme_count": 1,
    "cc_high_count": 3,
    "cc_max": 36,
    "cc_mean": 6.689655172413793,
    "cc_normalized": 0.047944217542474535,
    "cc_std": 7.888071683044424,
    "cc_sum": 194,
    "cc_top20": 0.5618556701030928,
    "count": 29,
    "depth_max": 5,
    "extreme_cc_mean": 36.0,
    "high_cc_mean": 26.666666666666668,
    "lines_mean": 25.413793103448278,
    "lines_sum": 737
  },
  "graph": {
    "cyclic_dependency_mass": 0.0,
    "dependency_entropy": 0.14679930725604914,
    "edge_count": 12,
    "node_count": 18,
    "propagation_cost": 0.042483660130718956
  },
  "lines": {
    "comments": 81,
    "loc": 565,
    "multi_comment": 9,
    "single_comment": 98,
    "total_lines": 856
  },
  "lint": {
    "counts": {
      "ARG001": 2,
      "B007": 5,
      "B904": 2,
      "BLE001": 3,
      "C901": 1,
      "DOC201": 19,
      "DOC501": 4,
      "E712": 2,
      "EXE001": 3,
      "F841": 1,
      "FAST002": 5,
      "FBT001": 1,
      "FBT003": 10,
      "FURB118": 6,
      "FURB142": 1,
      "PERF102": 5,
      "PERF203": 2,
      "PERF401": 4,
      "PLC0415": 2,
      "PLR0911": 1,
      "PLR0912": 1,
      "PLR0914": 2,
      "PLR0915": 1,
      "PLR2004": 11,
      "PLR6201": 4,
      "PLW0602": 2,
      "PTH123": 1,
      "RET504": 1,
      "RET505": 1,
      "RUF010": 2,
      "RUF013": 1,
      "RUF029": 1,
      "S101": 17,
      "S110": 2,
      "S113": 6,
      "SIM105": 1,
      "SIM115": 3,
      "UP006": 19,
      "UP015": 1,
      "UP035": 2,
      "UP045": 4
    },
    "errors": 162,
    "fixable": 29
  },
  "redundancy": {
    "clone_lines": 37,
    "clone_ratio_sum": 0.09158415841584158,
    "cloned_sloc_lines": 37,
    "files_with_clones": 3
  },
  "source_files": [],
  "symbols": {
    "classes": 0,
    "expressions": 722,
    "expressions_top_level": 64,
    "functions": 29,
    "globals": 9,
    "imports": 21,
    "max_imports": 10,
    "methods": 0,
    "statements": 158,
    "total": 38,
    "type_aliases": 0,
    "variables": 9
  },
  "verbosity_flagged_sloc_lines": 37,
  "waste": {
    "single_use_functions": 24,
    "trivial_wrappers": 0,
    "unused_variables": 12
  }
}