{
  "ast_grep": {
    "category_counts": {},
    "category_weighted": {},
    "counts": {},
    "rules_checked": 355,
    "violation_lines": 0,
    "violations": 0,
    "weighted": 0
  },
  "classes": {
    "attribute_counts_mean": 2.642857142857143,
    "attribute_counts_sum": 37,
    "count": 14,
    "method_counts_mean": 2.357142857142857,
    "method_counts_sum": 33
  },
  "complexity": {
    "cc_max": 99,
    "cc_ratings": {
      "A": 43,
      "B": 11,
      "C": 8,
      "D": 1,
      "E": 2,
      "F": 2
    },
    "cc_sum": 544,
    "mi_min": 0.0,
    "mi_ratings": {
      "A": 0,
      "B": 0,
      "C": 1
    },
    "mi_sum": 0.0,
    "num_complex": 13
  },
  "file_count": 1,
  "functions": {
    "cc_concentration": 0.49695767195767193,
    "cc_extreme_count": 1,
    "cc_high_count": 10,
    "cc_max": 36,
    "cc_mean": 7.466666666666667,
    "cc_normalized": 0.022314181354359926,
    "cc_std": 7.482099851099167,
    "cc_sum": 336,
    "cc_top20": 0.5267857142857143,
    "count": 45,
    "depth_max": 4,
    "extreme_cc_mean": 36.0,
    "high_cc_mean": 18.8,
    "lines_mean": 22.288888888888888,
    "lines_sum": 1003
  },
  "graph": {
    "cyclic_dependency_mass": 0.23376623376623376,
    "dependency_entropy": 0.2330149236351109,
    "edge_count": 49,
    "node_count": 44,
    "propagation_cost": 0.049682875264270614
  },
  "lines": {
    "comments": 62,
    "loc": 883,
    "multi_comment": 4,
    "single_comment": 72,
    "total_lines": 1164
  },
  "lint": {
    "counts": {
      "B904": 4,
      "BLE001": 1,
      "C420": 1,
      "C901": 8,
      "DOC201": 14,
      "DOC501": 9,
      "EM101": 52,
      "EM102": 4,
      "EXE001": 1,
      "F401": 1,
      "F841": 1,
      "FBT001": 4,
      "FURB101": 1,
      "FURB116": 2,
      "FURB118": 1,
      "N806": 3,
      "PLR0911": 4,
      "PLR0912": 7,
      "PLR0914": 2,
      "PLR0915": 1,
      "PLR2004": 3,
      "PLR5501": 2,
      "PLR6104": 3,
      "PLR6201": 18,
      "PLR6301": 3,
      "PLW1514": 1,
      "PTH123": 1,
      "RET505": 1,
      "RUF005": 1,
      "RUF013": 7,
      "RUF021": 4,
      "SIM102": 1,
      "TRY003": 4,
      "UP006": 4,
      "UP007": 1,
      "UP015": 1,
      "UP024": 1,
      "UP035": 2,
      "UP045": 2
    },
    "errors": 181,
    "fixable": 20
  },
  "redundancy": {
    "clone_lines": 62,
    "clone_ratio_sum": 0.07021517553793885,
    "cloned_sloc_lines": 62,
    "files_with_clones": 1
  },
  "source_files": [],
  "symbols": {
    "classes": 14,
    "expressions": 2205,
    "expressions_top_level": 10,
    "functions": 12,
    "globals": 8,
    "imports": 5,
    "max_imports": 5,
    "methods": 33,
    "statements": 646,
    "total": 67,
    "type_aliases": 0,
    "variables": 8
  },
  "verbosity_flagged_sloc_lines": 62,
  "waste": {
    "single_use_functions": 6,
    "trivial_wrappers": 1,
    "unused_variables": 10
  }
}