{
  "ast_grep": {
    "category_counts": {},
    "category_weighted": {},
    "counts": {},
    "rules_checked": 355,
    "violation_lines": 0,
    "violations": 0,
    "weighted": 0
  },
  "classes": {
    "attribute_counts_mean": 5.0,
    "attribute_counts_sum": 15,
    "count": 3,
    "method_counts_mean": 3.6666666666666665,
    "method_counts_sum": 11
  },
  "complexity": {
    "cc_max": 156,
    "cc_ratings": {
      "A": 29,
      "B": 5,
      "C": 1,
      "D": 0,
      "E": 1,
      "F": 4
    },
    "cc_sum": 438,
    "mi_min": 5.666395835888438,
    "mi_ratings": {
      "A": 2,
      "B": 0,
      "C": 1
    },
    "mi_sum": 67.21252093505525,
    "num_complex": 6
  },
  "file_count": 3,
  "functions": {
    "cc_concentration": 0.6451455123502079,
    "cc_extreme_count": 4,
    "cc_high_count": 5,
    "cc_max": 55,
    "cc_mean": 9.724137931034482,
    "cc_normalized": 0.08684080996213184,
    "cc_std": 15.431638538415017,
    "cc_sum": 282,
    "cc_top20": 0.7304964539007093,
    "count": 29,
    "depth_max": 7,
    "extreme_cc_mean": 46.25,
    "high_cc_mean": 39.2,
    "lines_mean": 36.44827586206897,
    "lines_sum": 1057
  },
  "graph": {
    "cyclic_dependency_mass": 0.0,
    "dependency_entropy": 0.15524258946306568,
    "edge_count": 11,
    "node_count": 12,
    "propagation_cost": 0.10606060606060606
  },
  "lines": {
    "comments": 31,
    "loc": 1011,
    "multi_comment": 0,
    "single_comment": 48,
    "total_lines": 1206
  },
  "lint": {
    "counts": {
      "A002": 1,
      "ANN401": 1,
      "B007": 2,
      "B904": 1,
      "BLE001": 4,
      "C901": 4,
      "DOC201": 16,
      "DOC501": 1,
      "E712": 4,
      "EM101": 14,
      "EM102": 10,
      "EXE001": 3,
      "F401": 3,
      "F541": 3,
      "F841": 5,
      "FURB101": 1,
      "FURB110": 2,
      "FURB113": 1,
      "PERF401": 1,
      "PLC0415": 1,
      "PLC1901": 1,
      "PLR0912": 4,
      "PLR0914": 3,
      "PLR0915": 4,
      "PLR1702": 9,
      "PLR2004": 10,
      "PLR5501": 2,
      "PLR6201": 9,
      "PLR6301": 3,
      "PLW0602": 2,
      "PLW0603": 3,
      "PTH119": 1,
      "PTH123": 1,
      "PTH207": 1,
      "RET505": 2,
      "RUF010": 5,
      "S101": 38,
      "S104": 1,
      "S110": 1,
      "S404": 2,
      "S602": 2,
      "S607": 1,
      "SIM102": 1,
      "SIM108": 1,
      "SIM114": 2,
      "SIM118": 1,
      "TRY003": 24,
      "TRY004": 10,
      "TRY300": 1,
      "UP007": 1,
      "UP015": 1
    },
    "errors": 225,
    "fixable": 22
  },
  "redundancy": {
    "clone_lines": 24,
    "clone_ratio_sum": 0.03902439024390244,
    "cloned_sloc_lines": 24,
    "files_with_clones": 3
  },
  "source_files": [],
  "symbols": {
    "classes": 3,
    "expressions": 1721,
    "expressions_top_level": 66,
    "functions": 18,
    "globals": 8,
    "imports": 32,
    "max_imports": 20,
    "methods": 11,
    "statements": 386,
    "total": 40,
    "type_aliases": 0,
    "variables": 8
  },
  "verbosity_flagged_sloc_lines": 24,
  "waste": {
    "single_use_functions": 16,
    "trivial_wrappers": 0,
    "unused_variables": 11
  }
}