{
  "ast_grep": {
    "category_counts": {},
    "category_weighted": {},
    "counts": {},
    "rules_checked": 355,
    "violation_lines": 0,
    "violations": 0,
    "weighted": 0
  },
  "classes": {
    "attribute_counts_mean": 0.0,
    "attribute_counts_sum": 0,
    "count": 0,
    "method_counts_mean": 0.0,
    "method_counts_sum": 0
  },
  "complexity": {
    "cc_max": 36,
    "cc_ratings": {
      "A": 27,
      "B": 2,
      "C": 2,
      "D": 1,
      "E": 2,
      "F": 0
    },
    "cc_sum": 196,
    "mi_min": 19.784025009460944,
    "mi_ratings": {
      "A": 19,
      "B": 0,
      "C": 0
    },
    "mi_sum": 1819.784025009461,
    "num_complex": 5
  },
  "file_count": 19,
  "functions": {
    "cc_concentration": 0.6150598170302604,
    "cc_extreme_count": 2,
    "cc_high_count": 5,
    "cc_max": 36,
    "cc_mean": 6.758620689655173,
    "cc_normalized": 0.07455412923186767,
    "cc_std": 9.937861125204073,
    "cc_sum": 196,
    "cc_top20": 0.7040816326530612,
    "count": 29,
    "depth_max": 6,
    "extreme_cc_mean": 36.0,
    "high_cc_mean": 25.8,
    "lines_mean": 34.48275862068966,
    "lines_sum": 1000
  },
  "graph": {
    "cyclic_dependency_mass": 0.0,
    "dependency_entropy": 0.36340400774015424,
    "edge_count": 31,
    "node_count": 21,
    "propagation_cost": 0.11190476190476191
  },
  "lines": {
    "comments": 113,
    "loc": 730,
    "multi_comment": 37,
    "single_comment": 115,
    "total_lines": 1066
  },
  "lint": {
    "counts": {
      "ANN401": 1,
      "B007": 2,
      "B904": 2,
      "B905": 1,
      "BLE001": 1,
      "C901": 4,
      "DOC201": 21,
      "DOC501": 2,
      "EM101": 1,
      "EM102": 18,
      "EXE001": 1,
      "F401": 2,
      "F821": 7,
      "FURB101": 2,
      "FURB103": 1,
      "FURB118": 4,
      "FURB140": 1,
      "INP001": 18,
      "PERF203": 1,
      "PERF401": 2,
      "PIE790": 2,
      "PLR0911": 1,
      "PLR0912": 3,
      "PLR0914": 2,
      "PLR0915": 3,
      "PLR1702": 1,
      "PLR6201": 8,
      "PTH123": 4,
      "RET504": 2,
      "RUF019": 2,
      "SIM102": 1,
      "SIM114": 1,
      "TRY003": 19,
      "TRY004": 5,
      "UP006": 41,
      "UP015": 3,
      "UP024": 2,
      "UP035": 4
    },
    "errors": 196,
    "fixable": 61
  },
  "redundancy": {
    "clone_lines": 36,
    "clone_ratio_sum": 0.05187319884726225,
    "cloned_sloc_lines": 36,
    "files_with_clones": 19
  },
  "source_files": [],
  "symbols": {
    "classes": 0,
    "expressions": 693,
    "expressions_top_level": 15,
    "functions": 29,
    "globals": 5,
    "imports": 15,
    "max_imports": 15,
    "methods": 0,
    "statements": 206,
    "total": 34,
    "type_aliases": 0,
    "variables": 5
  },
  "verbosity_flagged_sloc_lines": 36,
  "waste": {
    "single_use_functions": 21,
    "trivial_wrappers": 0,
    "unused_variables": 5
  }
}