{
  "ast_grep": {
    "category_counts": {},
    "category_weighted": {},
    "counts": {},
    "rules_checked": 355,
    "violation_lines": 0,
    "violations": 0,
    "weighted": 0
  },
  "classes": {
    "attribute_counts_mean": 1.3571428571428572,
    "attribute_counts_sum": 19,
    "count": 14,
    "method_counts_mean": 2.2142857142857144,
    "method_counts_sum": 31
  },
  "complexity": {
    "cc_max": 70,
    "cc_ratings": {
      "A": 61,
      "B": 20,
      "C": 12,
      "D": 1,
      "E": 0,
      "F": 1
    },
    "cc_sum": 534,
    "mi_min": 19.13557089727235,
    "mi_ratings": {
      "A": 8,
      "B": 0,
      "C": 0
    },
    "mi_sum": 401.73399507685923,
    "num_complex": 14
  },
  "file_count": 8,
  "functions": {
    "cc_concentration": 0.45972217766513745,
    "cc_extreme_count": 0,
    "cc_high_count": 11,
    "cc_max": 27,
    "cc_mean": 5.8493150684931505,
    "cc_normalized": 0.010962173994384997,
    "cc_std": 5.232566910111859,
    "cc_sum": 427,
    "cc_top20": 0.4964871194379391,
    "count": 73,
    "depth_max": 5,
    "extreme_cc_mean": 0.0,
    "high_cc_mean": 15.727272727272727,
    "lines_mean": 15.876712328767123,
    "lines_sum": 1159
  },
  "graph": {
    "cyclic_dependency_mass": 0.0,
    "dependency_entropy": 0.0,
    "edge_count": 0,
    "node_count": 0,
    "propagation_cost": 0.0
  },
  "lines": {
    "comments": 54,
    "loc": 1061,
    "multi_comment": 8,
    "single_comment": 98,
    "total_lines": 1442
  },
  "lint": {
    "counts": {
      "ARG001": 1,
      "ARG002": 2,
      "B007": 2,
      "B904": 2,
      "B905": 1,
      "BLE001": 6,
      "C901": 7,
      "DOC201": 20,
      "DOC501": 6,
      "E722": 1,
      "EM101": 3,
      "EM102": 13,
      "EXE001": 2,
      "F401": 5,
      "F841": 2,
      "FBT001": 1,
      "INP001": 6,
      "PD011": 2,
      "PD015": 2,
      "PERF203": 3,
      "PERF401": 1,
      "PERF402": 2,
      "PIE790": 4,
      "PIE810": 1,
      "PLR0912": 5,
      "PLR2004": 2,
      "PLR6201": 9,
      "PLR6301": 10,
      "PLW1514": 2,
      "PLW2901": 1,
      "PTH108": 1,
      "PTH118": 1,
      "PTH123": 1,
      "PTH207": 1,
      "RET505": 4,
      "RET507": 6,
      "RUF005": 1,
      "RUF015": 1,
      "S307": 1,
      "SIM102": 2,
      "SIM114": 1,
      "TRY003": 16,
      "TRY300": 1,
      "UP006": 15,
      "UP015": 1,
      "UP035": 6,
      "UP045": 4
    },
    "errors": 187,
    "fixable": 42
  },
  "redundancy": {
    "clone_lines": 52,
    "clone_ratio_sum": 0.2735179328589058,
    "cloned_sloc_lines": 52,
    "files_with_clones": 8
  },
  "source_files": null,
  "symbols": {
    "classes": 14,
    "expressions": 2028,
    "expressions_top_level": 10,
    "functions": 42,
    "globals": 8,
    "imports": 37,
    "max_imports": 7,
    "methods": 31,
    "statements": 499,
    "total": 95,
    "type_aliases": 0,
    "variables": 8
  },
  "verbosity_flagged_sloc_lines": 52,
  "waste": {
    "single_use_functions": 33,
    "trivial_wrappers": 1,
    "unused_variables": 16
  }
}