{
  "ast_grep": {
    "category_counts": {},
    "category_weighted": {},
    "counts": {},
    "rules_checked": 355,
    "violation_lines": 0,
    "violations": 0,
    "weighted": 0
  },
  "classes": {
    "attribute_counts_mean": 1.5,
    "attribute_counts_sum": 3,
    "count": 2,
    "method_counts_mean": 17.0,
    "method_counts_sum": 34
  },
  "complexity": {
    "cc_max": 265,
    "cc_ratings": {
      "A": 19,
      "B": 9,
      "C": 8,
      "D": 3,
      "E": 0,
      "F": 2
    },
    "cc_sum": 620,
    "mi_min": 0.0,
    "mi_ratings": {
      "A": 0,
      "B": 0,
      "C": 1
    },
    "mi_sum": 0.0,
    "num_complex": 13
  },
  "file_count": 1,
  "functions": {
    "cc_concentration": 0.48422963467211255,
    "cc_extreme_count": 1,
    "cc_high_count": 11,
    "cc_max": 42,
    "cc_mean": 8.692307692307692,
    "cc_normalized": 0.02611588097819143,
    "cc_std": 8.772426436684695,
    "cc_sum": 339,
    "cc_top20": 0.5368731563421829,
    "count": 39,
    "depth_max": 6,
    "extreme_cc_mean": 42.0,
    "high_cc_mean": 19.727272727272727,
    "lines_mean": 39.15384615384615,
    "lines_sum": 1527
  },
  "graph": {
    "cyclic_dependency_mass": 0.0,
    "dependency_entropy": 0.18877996383209586,
    "edge_count": 36,
    "node_count": 37,
    "propagation_cost": 0.08183183183183183
  },
  "lines": {
    "comments": 182,
    "loc": 1096,
    "multi_comment": 0,
    "single_comment": 214,
    "total_lines": 1586
  },
  "lint": {
    "counts": {
      "ANN401": 2,
      "ARG002": 8,
      "B007": 3,
      "B904": 5,
      "B905": 1,
      "BLE001": 7,
      "C901": 8,
      "DOC201": 32,
      "DOC501": 9,
      "EM101": 3,
      "EM102": 12,
      "EXE001": 1,
      "F841": 4,
      "FBT001": 1,
      "FURB101": 1,
      "FURB110": 5,
      "PD011": 9,
      "PD015": 1,
      "PERF203": 1,
      "PERF401": 1,
      "PERF403": 1,
      "PLR0911": 2,
      "PLR0912": 5,
      "PLR0913": 3,
      "PLR0914": 5,
      "PLR0915": 4,
      "PLR0917": 3,
      "PLR1702": 1,
      "PLR5501": 1,
      "PLR6201": 1,
      "PLR6301": 15,
      "PLW1514": 1,
      "PLW2901": 4,
      "PTH112": 1,
      "PTH113": 1,
      "PTH123": 1,
      "PTH207": 1,
      "RET504": 2,
      "RET505": 4,
      "RUF005": 1,
      "RUF013": 1,
      "RUF055": 1,
      "TRY003": 15,
      "TRY300": 1,
      "TRY301": 1,
      "UP006": 45,
      "UP015": 1,
      "UP035": 2,
      "UP045": 13
    },
    "errors": 251,
    "fixable": 68
  },
  "redundancy": {
    "clone_lines": 195,
    "clone_ratio_sum": 0.17153284671532848,
    "cloned_sloc_lines": 188,
    "files_with_clones": 1
  },
  "source_files": [],
  "symbols": {
    "classes": 2,
    "expressions": 2868,
    "expressions_top_level": 5,
    "functions": 5,
    "globals": 0,
    "imports": 9,
    "max_imports": 9,
    "methods": 34,
    "statements": 641,
    "total": 41,
    "type_aliases": 0,
    "variables": 0
  },
  "verbosity_flagged_sloc_lines": 188,
  "waste": {
    "single_use_functions": 5,
    "trivial_wrappers": 0,
    "unused_variables": 9
  }
}