{
  "model": "glm-5-kimi",
  "thinking": "none",
  "prompt": "just-solve",
  "agent_type": "claude_code",
  "agent_version": "2.0.51",
  "num_problems": 1,
  "num_checkpoints": 5,
  "expected_checkpoints": 5,
  "costs": {
    "checkpoint": {
      "mean": 8.1583416,
      "stddev": 6.965387314454403,
      "min": 2.0146560000000004,
      "max": 17.675334000000003,
      "median": 5.484716999999997,
      "count": 5
    },
    "problem": {
      "mean": 40.79170800000001,
      "stddev": null,
      "min": 40.79170800000001,
      "max": 40.79170800000001,
      "median": 40.79170800000001,
      "count": 1
    },
    "total": 40.79170800000001
  },
  "time": {
    "checkpoint": {
      "mean": 1897.858503,
      "stddev": 1288.6031780025774,
      "min": 327.338619,
      "max": 3481.698808,
      "median": 2253.981767,
      "count": 5
    },
    "problem": {
      "mean": 9489.292515000001,
      "stddev": null,
      "min": 9489.292515000001,
      "max": 9489.292515000001,
      "median": 9489.292515000001,
      "count": 1
    }
  },
  "tokens": {
    "input": 12748734,
    "output": 76862,
    "cache_read": 0,
    "cache_write": 0,
    "reasoning": 0,
    "problem": {
      "input": 12748734.0,
      "output": 76862.0,
      "cache_read": 0.0,
      "cache_write": 0.0,
      "reasoning": 0.0
    },
    "checkpoint": {
      "input": 2549746.8,
      "output": 15372.4,
      "cache_read": 0.0,
      "cache_write": 0.0,
      "reasoning": 0.0
    }
  },
  "steps": {
    "checkpoint": {
      "mean": 58.6,
      "stddev": 32.207142065076184,
      "min": 31.0,
      "max": 94.0,
      "median": 43.0,
      "count": 5
    },
    "problem": {
      "mean": 293.0,
      "stddev": null,
      "min": 293.0,
      "max": 293.0,
      "median": 293.0,
      "count": 1
    }
  },
  "checkpoints_solved": 2,
  "checkpoints_iso_solved": 2,
  "checkpoints_core_solved": 2,
  "problem_solved": 0.0,
  "problem_partial": 1.0,
  "pct_checkpoints_solved": 40.0,
  "pct_checkpoints_iso_solved": 40.0,
  "pct_problems_solved": 0.0,
  "pct_problems_partial": 100.0,
  "pct_checkpoints_core_solved": 40.0,
  "pass_rates": {
    "problem": {
      "core": 0.8917582417582418,
      "total": 0.8924948172394981,
      "error": 1.0,
      "functionality": 0.7785714285714286,
      "regression": 0.9127659574468086
    },
    "checkpoint": {
      "core": 0.8917582417582418,
      "total": 0.8924948172394981,
      "error": 1.0,
      "functionality": 0.7785714285714286,
      "regression": 0.9127659574468086
    }
  },
  "cc": {
    "high_count": {
      "mean": 4.4,
      "stddev": 3.286335345030997,
      "min": 1.0,
      "max": 8.0,
      "median": 5.0,
      "count": 5
    },
    "high_mean": {
      "mean": 22.164285714285715,
      "stddev": 5.697049898940715,
      "min": 15.0,
      "max": 28.0,
      "median": 20.25,
      "count": 5
    },
    "max": {
      "mean": 33.4,
      "stddev": 6.9498201415576215,
      "min": 28.0,
      "max": 41.0,
      "median": 29.0,
      "count": 5
    }
  },
  "ratios": {
    "rubric": {
      "mean": null,
      "stddev": null,
      "min": null,
      "max": null,
      "median": null,
      "count": 0
    },
    "lint": {
      "mean": 0.210884331742416,
      "stddev": 0.047630967720536564,
      "min": 0.16601307189542483,
      "max": 0.27205882352941174,
      "median": 0.19114219114219114,
      "count": 5
    },
    "violation_pct": {
      "mean": 0.0,
      "stddev": 0.0,
      "min": 0.0,
      "max": 0.0,
      "median": 0.0,
      "count": 5
    }
  },
  "verbosity": {
    "mean": null,
    "stddev": null,
    "min": null,
    "max": null,
    "median": null,
    "count": 0
  },
  "erosion": {
    "mean": null,
    "stddev": null,
    "min": null,
    "max": null,
    "median": null,
    "count": 0
  }
}