{
  "ast_grep": {
    "category_counts": {},
    "category_weighted": {},
    "counts": {},
    "rules_checked": 355,
    "violation_lines": 0,
    "violations": 0,
    "weighted": 0
  },
  "classes": {
    "attribute_counts_mean": 2.888888888888889,
    "attribute_counts_sum": 78,
    "count": 27,
    "method_counts_mean": 1.4074074074074074,
    "method_counts_sum": 38
  },
  "complexity": {
    "cc_max": 100,
    "cc_ratings": {
      "A": 57,
      "B": 10,
      "C": 6,
      "D": 1,
      "E": 2,
      "F": 1
    },
    "cc_sum": 422,
    "mi_min": 0.0,
    "mi_ratings": {
      "A": 0,
      "B": 0,
      "C": 1
    },
    "mi_sum": 0.0,
    "num_complex": 10
  },
  "file_count": 1,
  "functions": {
    "cc_concentration": 0.5345985401459854,
    "cc_extreme_count": 1,
    "cc_high_count": 8,
    "cc_max": 33,
    "cc_mean": 5.48,
    "cc_normalized": 0.027162679233342864,
    "cc_std": 6.386337457608154,
    "cc_sum": 274,
    "cc_top20": 0.5656934306569343,
    "count": 50,
    "depth_max": 6,
    "extreme_cc_mean": 33.0,
    "high_cc_mean": 17.0,
    "lines_mean": 19.84,
    "lines_sum": 992
  },
  "graph": {
    "cyclic_dependency_mass": 0.1348314606741573,
    "dependency_entropy": 0.32361683855552087,
    "edge_count": 79,
    "node_count": 49,
    "propagation_cost": 0.11777210884353742
  },
  "lines": {
    "comments": 58,
    "loc": 1018,
    "multi_comment": 3,
    "single_comment": 67,
    "total_lines": 1285
  },
  "lint": {
    "counts": {
      "A001": 1,
      "ANN401": 2,
      "ARG001": 2,
      "ARG002": 2,
      "BLE001": 5,
      "C901": 7,
      "DOC201": 9,
      "DOC501": 3,
      "EM101": 8,
      "EM102": 15,
      "EXE001": 1,
      "F811": 1,
      "F841": 1,
      "FURB101": 1,
      "PIE790": 2,
      "PIE810": 1,
      "PLR0904": 1,
      "PLR0911": 4,
      "PLR0912": 3,
      "PLR0913": 3,
      "PLR0914": 1,
      "PLR0915": 1,
      "PLR0917": 3,
      "PLR1702": 1,
      "PLR1714": 1,
      "PLR1730": 1,
      "PLR2004": 2,
      "PLR6201": 2,
      "PLR6301": 4,
      "PLW1514": 2,
      "PLW2901": 2,
      "PTH103": 3,
      "PTH107": 1,
      "PTH110": 1,
      "PTH113": 1,
      "PTH118": 3,
      "PTH123": 3,
      "PTH208": 1,
      "RET504": 2,
      "RET505": 8,
      "RUF010": 1,
      "RUF012": 1,
      "RUF027": 1,
      "S105": 3,
      "S110": 1,
      "S404": 1,
      "S602": 1,
      "SIM102": 1,
      "TRY003": 23,
      "UP015": 1,
      "UP045": 23
    },
    "errors": 172,
    "fixable": 47
  },
  "redundancy": {
    "clone_lines": 45,
    "clone_ratio_sum": 0.04420432220039293,
    "cloned_sloc_lines": 45,
    "files_with_clones": 1
  },
  "source_files": [],
  "symbols": {
    "classes": 27,
    "expressions": 2045,
    "expressions_top_level": 23,
    "functions": 12,
    "globals": 0,
    "imports": 12,
    "max_imports": 12,
    "methods": 38,
    "statements": 466,
    "total": 77,
    "type_aliases": 0,
    "variables": 0
  },
  "verbosity_flagged_sloc_lines": 45,
  "waste": {
    "single_use_functions": 8,
    "trivial_wrappers": 0,
    "unused_variables": 19
  }
}