{
  "ast_grep": {
    "category_counts": {},
    "category_weighted": {},
    "counts": {},
    "rules_checked": 355,
    "violation_lines": 0,
    "violations": 0,
    "weighted": 0
  },
  "classes": {
    "attribute_counts_mean": 3.764705882352941,
    "attribute_counts_sum": 64,
    "count": 17,
    "method_counts_mean": 2.9411764705882355,
    "method_counts_sum": 50
  },
  "complexity": {
    "cc_max": 51,
    "cc_ratings": {
      "A": 74,
      "B": 5,
      "C": 9,
      "D": 2,
      "E": 0,
      "F": 4
    },
    "cc_sum": 517,
    "mi_min": 0.0,
    "mi_ratings": {
      "A": 0,
      "B": 0,
      "C": 1
    },
    "mi_sum": 0.0,
    "num_complex": 15
  },
  "file_count": 1,
  "functions": {
    "cc_concentration": 0.6118732851085059,
    "cc_extreme_count": 2,
    "cc_high_count": 13,
    "cc_max": 51,
    "cc_mean": 5.552631578947368,
    "cc_normalized": 0.03282555797638568,
    "cc_std": 8.770244750430637,
    "cc_sum": 422,
    "cc_top20": 0.6966824644549763,
    "count": 76,
    "depth_max": 6,
    "extreme_cc_mean": 46.0,
    "high_cc_mean": 20.384615384615383,
    "lines_mean": 16.67105263157895,
    "lines_sum": 1267
  },
  "graph": {
    "cyclic_dependency_mass": 0.053475935828877004,
    "dependency_entropy": 0.21954388756432486,
    "edge_count": 86,
    "node_count": 73,
    "propagation_cost": 0.031012176560121764
  },
  "lines": {
    "comments": 129,
    "loc": 1094,
    "multi_comment": 8,
    "single_comment": 134,
    "total_lines": 1481
  },
  "lint": {
    "counts": {
      "ANN401": 8,
      "ARG001": 2,
      "B007": 8,
      "B905": 1,
      "BLE001": 1,
      "C416": 1,
      "C901": 8,
      "DOC201": 19,
      "DOC501": 2,
      "E721": 1,
      "EM101": 1,
      "EM102": 7,
      "ERA001": 1,
      "EXE001": 1,
      "F841": 3,
      "FBT003": 2,
      "FURB103": 1,
      "FURB140": 1,
      "PERF102": 2,
      "PERF403": 4,
      "PLR0911": 4,
      "PLR0912": 7,
      "PLR0913": 1,
      "PLR0915": 2,
      "PLR0917": 1,
      "PLR1702": 5,
      "PLR2004": 3,
      "PLR6201": 4,
      "PLW1514": 2,
      "PLW2901": 1,
      "PTH123": 2,
      "RET505": 1,
      "RUF010": 4,
      "RUF015": 3,
      "RUF034": 1,
      "SIM102": 1,
      "SIM110": 1,
      "SIM118": 2,
      "TRY003": 8,
      "UP015": 1,
      "UP045": 11
    },
    "errors": 139,
    "fixable": 21
  },
  "redundancy": {
    "clone_lines": 278,
    "clone_ratio_sum": 0.2312614259597806,
    "cloned_sloc_lines": 253,
    "files_with_clones": 1
  },
  "source_files": [],
  "symbols": {
    "classes": 17,
    "expressions": 2578,
    "expressions_top_level": 17,
    "functions": 26,
    "globals": 1,
    "imports": 5,
    "max_imports": 5,
    "methods": 50,
    "statements": 584,
    "total": 94,
    "type_aliases": 0,
    "variables": 1
  },
  "verbosity_flagged_sloc_lines": 253,
  "waste": {
    "single_use_functions": 21,
    "trivial_wrappers": 0,
    "unused_variables": 16
  }
}