{
  "ast_grep": {
    "category_counts": {},
    "category_weighted": {},
    "counts": {},
    "rules_checked": 355,
    "violation_lines": 0,
    "violations": 0,
    "weighted": 0
  },
  "classes": {
    "attribute_counts_mean": 0.0,
    "attribute_counts_sum": 0,
    "count": 0,
    "method_counts_mean": 0.0,
    "method_counts_sum": 0
  },
  "complexity": {
    "cc_max": 91,
    "cc_ratings": {
      "A": 62,
      "B": 4,
      "C": 5,
      "D": 0,
      "E": 3,
      "F": 1
    },
    "cc_sum": 354,
    "mi_min": 0.3469846471250033,
    "mi_ratings": {
      "A": 5,
      "B": 0,
      "C": 1
    },
    "mi_sum": 286.18335611242935,
    "num_complex": 9
  },
  "file_count": 6,
  "functions": {
    "cc_concentration": 0.666272500328472,
    "cc_extreme_count": 4,
    "cc_high_count": 9,
    "cc_max": 91,
    "cc_mean": 8.232558139534884,
    "cc_normalized": 0.08105832265556483,
    "cc_std": 15.36978670314298,
    "cc_sum": 354,
    "cc_top20": 0.7288135593220338,
    "count": 43,
    "depth_max": 5,
    "extreme_cc_mean": 46.5,
    "high_cc_mean": 28.666666666666668,
    "lines_mean": 28.813953488372093,
    "lines_sum": 1239
  },
  "graph": {
    "cyclic_dependency_mass": 0.0,
    "dependency_entropy": 0.11878895599472988,
    "edge_count": 17,
    "node_count": 25,
    "propagation_cost": 0.04
  },
  "lines": {
    "comments": 111,
    "loc": 1083,
    "multi_comment": 27,
    "single_comment": 102,
    "total_lines": 1456
  },
  "lint": {
    "counts": {
      "ARG001": 1,
      "B007": 7,
      "BLE001": 4,
      "C901": 7,
      "DOC201": 7,
      "DOC501": 2,
      "E712": 2,
      "ERA001": 4,
      "EXE001": 6,
      "F401": 3,
      "F821": 19,
      "F841": 2,
      "FAST002": 1,
      "FBT001": 2,
      "FBT002": 1,
      "FBT003": 2,
      "FURB118": 2,
      "FURB154": 1,
      "N806": 7,
      "PERF102": 1,
      "PERF203": 10,
      "PLC0206": 1,
      "PLC0415": 1,
      "PLR0912": 5,
      "PLR0914": 2,
      "PLR0915": 4,
      "PLR1714": 1,
      "PLR2004": 14,
      "PLR6104": 1,
      "PLW0602": 11,
      "PLW0603": 2,
      "PLW1514": 2,
      "PLW2901": 2,
      "PTH100": 2,
      "PTH118": 4,
      "PTH120": 2,
      "PTH123": 6,
      "RET504": 1,
      "RET505": 1,
      "RUF013": 1,
      "RUF029": 1,
      "RUF056": 11,
      "S101": 17,
      "S110": 2,
      "S113": 6,
      "SIM102": 1,
      "SIM114": 2,
      "SIM115": 3,
      "TRY300": 1,
      "UP015": 3,
      "UP035": 1,
      "UP045": 5
    },
    "errors": 207,
    "fixable": 32
  },
  "redundancy": {
    "clone_lines": 10,
    "clone_ratio_sum": 0.12048192771084337,
    "cloned_sloc_lines": 10,
    "files_with_clones": 6
  },
  "source_files": [],
  "symbols": {
    "classes": 0,
    "expressions": 1384,
    "expressions_top_level": 71,
    "functions": 43,
    "globals": 32,
    "imports": 34,
    "max_imports": 11,
    "methods": 0,
    "statements": 393,
    "total": 75,
    "type_aliases": 0,
    "variables": 32
  },
  "verbosity_flagged_sloc_lines": 10,
  "waste": {
    "single_use_functions": 36,
    "trivial_wrappers": 2,
    "unused_variables": 37
  }
}