{
  "ast_grep": {
    "category_counts": {},
    "category_weighted": {},
    "counts": {},
    "rules_checked": 355,
    "violation_lines": 0,
    "violations": 0,
    "weighted": 0
  },
  "classes": {
    "attribute_counts_mean": 0.14285714285714285,
    "attribute_counts_sum": 1,
    "count": 7,
    "method_counts_mean": 1.0,
    "method_counts_sum": 7
  },
  "complexity": {
    "cc_max": 23,
    "cc_ratings": {
      "A": 123,
      "B": 5,
      "C": 6,
      "D": 2,
      "E": 0,
      "F": 0
    },
    "cc_sum": 233,
    "mi_min": 11.98356371732709,
    "mi_ratings": {
      "A": 9,
      "B": 1,
      "C": 0
    },
    "mi_sum": 577.4571648889649,
    "num_complex": 8
  },
  "file_count": 10,
  "functions": {
    "cc_concentration": 0.5574712643678161,
    "cc_extreme_count": 0,
    "cc_high_count": 8,
    "cc_max": 23,
    "cc_mean": 5.155555555555556,
    "cc_normalized": 0.03081845881526321,
    "cc_std": 6.071376792920709,
    "cc_sum": 232,
    "cc_top20": 0.6206896551724138,
    "count": 45,
    "depth_max": 4,
    "extreme_cc_mean": 0.0,
    "high_cc_mean": 16.875,
    "lines_mean": 29.511111111111113,
    "lines_sum": 1328
  },
  "graph": {
    "cyclic_dependency_mass": 0.0,
    "dependency_entropy": 0.23809523809523808,
    "edge_count": 20,
    "node_count": 21,
    "propagation_cost": 0.07142857142857142
  },
  "lines": {
    "comments": 208,
    "loc": 1551,
    "multi_comment": 0,
    "single_comment": 216,
    "total_lines": 2177
  },
  "lint": {
    "counts": {
      "ARG001": 1,
      "B006": 1,
      "B904": 6,
      "BLE001": 3,
      "C901": 6,
      "DOC201": 8,
      "DOC501": 2,
      "E712": 46,
      "EM101": 7,
      "EM102": 8,
      "ERA001": 2,
      "EXE001": 8,
      "F401": 9,
      "F541": 18,
      "F821": 1,
      "FBT002": 2,
      "FBT003": 2,
      "FURB118": 2,
      "FURB171": 2,
      "INP001": 2,
      "PIE810": 1,
      "PLC0415": 8,
      "PLC1901": 4,
      "PLR0124": 1,
      "PLR0911": 3,
      "PLR0912": 3,
      "PLR0914": 1,
      "PLR0915": 4,
      "PLR1714": 1,
      "PLR2004": 148,
      "PLR6201": 8,
      "PLW0603": 7,
      "PLW0604": 1,
      "PLW1514": 2,
      "PTH108": 2,
      "PTH123": 3,
      "RET505": 1,
      "S113": 69,
      "S324": 2,
      "S404": 4,
      "S602": 2,
      "S603": 2,
      "S607": 5,
      "SIM102": 1,
      "SIM114": 1,
      "TRY003": 15,
      "TRY300": 2,
      "TRY301": 5
    },
    "errors": 442,
    "fixable": 31
  },
  "redundancy": {
    "clone_lines": 36,
    "clone_ratio_sum": 0.19669724770642202,
    "cloned_sloc_lines": 36,
    "files_with_clones": 10
  },
  "source_files": [],
  "symbols": {
    "classes": 7,
    "expressions": 1728,
    "expressions_top_level": 55,
    "functions": 38,
    "globals": 84,
    "imports": 72,
    "max_imports": 16,
    "methods": 7,
    "statements": 331,
    "total": 136,
    "type_aliases": 0,
    "variables": 84
  },
  "verbosity_flagged_sloc_lines": 36,
  "waste": {
    "single_use_functions": 23,
    "trivial_wrappers": 0,
    "unused_variables": 30
  }
}