{
  "ast_grep": {
    "category_counts": {},
    "category_weighted": {},
    "counts": {},
    "rules_checked": 355,
    "violation_lines": 0,
    "violations": 0,
    "weighted": 0
  },
  "classes": {
    "attribute_counts_mean": 3.875,
    "attribute_counts_sum": 31,
    "count": 8,
    "method_counts_mean": 0.125,
    "method_counts_sum": 1
  },
  "complexity": {
    "cc_max": 52,
    "cc_ratings": {
      "A": 24,
      "B": 12,
      "C": 9,
      "D": 0,
      "E": 4,
      "F": 1
    },
    "cc_sum": 448,
    "mi_min": 0.0,
    "mi_ratings": {
      "A": 0,
      "B": 0,
      "C": 1
    },
    "mi_sum": 0.0,
    "num_complex": 14
  },
  "file_count": 1,
  "functions": {
    "cc_concentration": 0.45041023166023164,
    "cc_extreme_count": 5,
    "cc_high_count": 14,
    "cc_max": 52,
    "cc_mean": 12.108108108108109,
    "cc_normalized": 0.02403511860473356,
    "cc_std": 11.418269434414169,
    "cc_sum": 448,
    "cc_top20": 0.5379464285714286,
    "count": 37,
    "depth_max": 9,
    "extreme_cc_mean": 37.2,
    "high_cc_mean": 22.857142857142858,
    "lines_mean": 40.78378378378378,
    "lines_sum": 1509
  },
  "graph": {
    "cyclic_dependency_mass": 0.0,
    "dependency_entropy": 0.18042238104142386,
    "edge_count": 44,
    "node_count": 33,
    "propagation_cost": 0.09090909090909091
  },
  "lines": {
    "comments": 95,
    "loc": 1182,
    "multi_comment": 8,
    "single_comment": 125,
    "total_lines": 1639
  },
  "lint": {
    "counts": {
      "ARG001": 5,
      "B007": 1,
      "C420": 1,
      "C901": 11,
      "DOC201": 30,
      "DOC501": 7,
      "EXE001": 1,
      "F401": 2,
      "F541": 1,
      "F841": 2,
      "FURB118": 5,
      "PERF102": 1,
      "PERF203": 1,
      "PERF401": 7,
      "PERF403": 1,
      "PIE810": 1,
      "PLR0911": 2,
      "PLR0912": 8,
      "PLR0914": 1,
      "PLR0915": 3,
      "PLR1702": 12,
      "PLR2004": 2,
      "PLR5501": 2,
      "PLR6201": 11,
      "PLW0603": 2,
      "PLW1514": 1,
      "PTH123": 1,
      "RET505": 1,
      "RUF005": 2,
      "RUF019": 2,
      "RUF034": 1,
      "SIM102": 6,
      "SIM114": 2,
      "TRY300": 1,
      "UP015": 1,
      "UP024": 1,
      "UP045": 19
    },
    "errors": 158,
    "fixable": 35
  },
  "redundancy": {
    "clone_lines": 277,
    "clone_ratio_sum": 0.2182741116751269,
    "cloned_sloc_lines": 256,
    "files_with_clones": 1
  },
  "source_files": [],
  "symbols": {
    "classes": 8,
    "expressions": 1432,
    "expressions_top_level": 34,
    "functions": 36,
    "globals": 5,
    "imports": 10,
    "max_imports": 10,
    "methods": 1,
    "statements": 428,
    "total": 50,
    "type_aliases": 0,
    "variables": 5
  },
  "verbosity_flagged_sloc_lines": 256,
  "waste": {
    "single_use_functions": 24,
    "trivial_wrappers": 0,
    "unused_variables": 10
  }
}