{
  "ast_grep": {
    "category_counts": {},
    "category_weighted": {},
    "counts": {},
    "rules_checked": 355,
    "violation_lines": 0,
    "violations": 0,
    "weighted": 0
  },
  "classes": {
    "attribute_counts_mean": 2.1333333333333333,
    "attribute_counts_sum": 64,
    "count": 30,
    "method_counts_mean": 10.0,
    "method_counts_sum": 300
  },
  "complexity": {
    "cc_max": 214,
    "cc_ratings": {
      "A": 224,
      "B": 90,
      "C": 21,
      "D": 21,
      "E": 4,
      "F": 6
    },
    "cc_sum": 2612,
    "mi_min": 0.0,
    "mi_ratings": {
      "A": 52,
      "B": 4,
      "C": 1
    },
    "mi_sum": 3654.9423036862527,
    "num_complex": 52
  },
  "file_count": 57,
  "functions": {
    "cc_concentration": 0.4647748000408723,
    "cc_extreme_count": 2,
    "cc_high_count": 23,
    "cc_max": 34,
    "cc_mean": 4.755627009646302,
    "cc_normalized": 0.003269768558992729,
    "cc_std": 4.795639031296448,
    "cc_sum": 1479,
    "cc_top20": 0.5050709939148073,
    "count": 311,
    "depth_max": 6,
    "extreme_cc_mean": 34.0,
    "high_cc_mean": 17.17391304347826,
    "lines_mean": 19.411575562700964,
    "lines_sum": 6037
  },
  "graph": {
    "cyclic_dependency_mass": 0.0,
    "dependency_entropy": 0.18660306633230883,
    "edge_count": 81,
    "node_count": 90,
    "propagation_cost": 0.024094881398252183
  },
  "lines": {
    "comments": 65,
    "loc": 5859,
    "multi_comment": 89,
    "single_comment": 133,
    "total_lines": 6875
  },
  "lint": {
    "counts": {
      "ANN401": 22,
      "ARG002": 13,
      "B007": 5,
      "B023": 3,
      "B905": 1,
      "C401": 2,
      "C901": 15,
      "DOC201": 27,
      "DOC501": 2,
      "EM101": 1,
      "EM102": 1,
      "EXE001": 8,
      "F401": 38,
      "F541": 60,
      "F841": 6,
      "FBT001": 2,
      "FLY002": 1,
      "FURB101": 1,
      "FURB103": 5,
      "FURB113": 22,
      "FURB148": 2,
      "FURB188": 1,
      "PERF401": 1,
      "PLC0415": 1,
      "PLC1901": 19,
      "PLR0911": 2,
      "PLR0912": 9,
      "PLR0913": 1,
      "PLR0914": 3,
      "PLR0915": 7,
      "PLR0917": 1,
      "PLR1702": 5,
      "PLR1714": 4,
      "PLR2004": 44,
      "PLR5501": 1,
      "PLR6201": 16,
      "PLR6301": 97,
      "PLW2901": 21,
      "PTH100": 24,
      "PTH123": 80,
      "RET505": 1,
      "RUF010": 3,
      "RUF015": 1,
      "RUF022": 1,
      "S324": 24,
      "SIM102": 3,
      "SIM103": 19,
      "TRY003": 1,
      "UP006": 306,
      "UP015": 51,
      "UP028": 3,
      "UP035": 84,
      "UP045": 109
    },
    "errors": 1180,
    "fixable": 657
  },
  "redundancy": {
    "clone_lines": 304,
    "clone_ratio_sum": 2.1876659793506823,
    "cloned_sloc_lines": 304,
    "files_with_clones": 57
  },
  "source_files": [
    "generators/__init__.py",
    "inference.py",
    "generators/javascript_gen.py",
    "generators/rust_gen.py",
    "generators/cpp_gen.py",
    "generators/python_gen.py",
    "parsers.py",
    "base_generator.py"
  ],
  "symbols": {
    "classes": 30,
    "expressions": 10832,
    "expressions_top_level": 100,
    "functions": 11,
    "globals": 25,
    "imports": 187,
    "max_imports": 6,
    "methods": 300,
    "statements": 2960,
    "total": 366,
    "type_aliases": 0,
    "variables": 25
  },
  "verbosity_flagged_sloc_lines": 304,
  "waste": {
    "single_use_functions": 10,
    "trivial_wrappers": 0,
    "unused_variables": 49
  }
}