{
  "ast_grep": {
    "category_counts": {},
    "category_weighted": {},
    "counts": {},
    "rules_checked": 355,
    "violation_lines": 0,
    "violations": 0,
    "weighted": 0
  },
  "classes": {
    "attribute_counts_mean": 1.3888888888888888,
    "attribute_counts_sum": 25,
    "count": 18,
    "method_counts_mean": 0.3333333333333333,
    "method_counts_sum": 6
  },
  "complexity": {
    "cc_max": 39,
    "cc_ratings": {
      "A": 35,
      "B": 0,
      "C": 1,
      "D": 2,
      "E": 1,
      "F": 0
    },
    "cc_sum": 131,
    "mi_min": 24.640831744050633,
    "mi_ratings": {
      "A": 1,
      "B": 0,
      "C": 0
    },
    "mi_sum": 24.640831744050633,
    "num_complex": 4
  },
  "file_count": 1,
  "functions": {
    "cc_concentration": 0.6644736842105263,
    "cc_extreme_count": 1,
    "cc_high_count": 4,
    "cc_max": 39,
    "cc_mean": 6.7368421052631575,
    "cc_normalized": 0.13527425130208331,
    "cc_std": 10.800422343918665,
    "cc_sum": 128,
    "cc_top20": 0.7890625,
    "count": 19,
    "depth_max": 5,
    "extreme_cc_mean": 39.0,
    "high_cc_mean": 25.25,
    "lines_mean": 30.894736842105264,
    "lines_sum": 587
  },
  "graph": {
    "cyclic_dependency_mass": 0.0,
    "dependency_entropy": 0.22557043650506908,
    "edge_count": 15,
    "node_count": 17,
    "propagation_cost": 0.11397058823529412
  },
  "lines": {
    "comments": 67,
    "loc": 531,
    "multi_comment": 0,
    "single_comment": 77,
    "total_lines": 731
  },
  "lint": {
    "counts": {
      "ARG001": 1,
      "BLE001": 1,
      "C901": 3,
      "DOC201": 10,
      "DOC501": 10,
      "EM101": 4,
      "EM102": 16,
      "EXE001": 1,
      "F401": 2,
      "FBT001": 3,
      "FURB101": 1,
      "FURB105": 6,
      "FURB118": 2,
      "PLR0911": 1,
      "PLR0912": 3,
      "PLR0914": 1,
      "PLR0915": 2,
      "PLR1714": 1,
      "PLR2004": 2,
      "PLR5501": 2,
      "PLR6201": 1,
      "PLW1514": 1,
      "PTH110": 1,
      "PTH123": 1,
      "RUF005": 1,
      "TRY003": 20,
      "TRY300": 1,
      "TRY301": 1,
      "UP015": 1,
      "UP045": 7
    },
    "errors": 107,
    "fixable": 21
  },
  "redundancy": {
    "clone_lines": 38,
    "clone_ratio_sum": 0.07156308851224105,
    "cloned_sloc_lines": 38,
    "files_with_clones": 1
  },
  "source_files": [],
  "symbols": {
    "classes": 18,
    "expressions": 531,
    "expressions_top_level": 14,
    "functions": 13,
    "globals": 2,
    "imports": 7,
    "max_imports": 7,
    "methods": 6,
    "statements": 161,
    "total": 39,
    "type_aliases": 0,
    "variables": 2
  },
  "verbosity_flagged_sloc_lines": 38,
  "waste": {
    "single_use_functions": 10,
    "trivial_wrappers": 0,
    "unused_variables": 9
  }
}