{
  "ast_grep": {
    "category_counts": {},
    "category_weighted": {},
    "counts": {},
    "rules_checked": 355,
    "violation_lines": 0,
    "violations": 0,
    "weighted": 0
  },
  "classes": {
    "attribute_counts_mean": 2.25,
    "attribute_counts_sum": 9,
    "count": 4,
    "method_counts_mean": 9.0,
    "method_counts_sum": 36
  },
  "complexity": {
    "cc_max": 97,
    "cc_ratings": {
      "A": 25,
      "B": 10,
      "C": 7,
      "D": 0,
      "E": 0,
      "F": 2
    },
    "cc_sum": 404,
    "mi_min": 2.3741587369912596,
    "mi_ratings": {
      "A": 0,
      "B": 0,
      "C": 1
    },
    "mi_sum": 2.3741587369912596,
    "num_complex": 9
  },
  "file_count": 1,
  "functions": {
    "cc_concentration": 0.4440789473684211,
    "cc_extreme_count": 0,
    "cc_high_count": 7,
    "cc_max": 20,
    "cc_mean": 5.7,
    "cc_normalized": 0.01748861582656596,
    "cc_std": 4.767410736259792,
    "cc_sum": 228,
    "cc_top20": 0.4692982456140351,
    "count": 40,
    "depth_max": 5,
    "extreme_cc_mean": 0.0,
    "high_cc_mean": 13.857142857142858,
    "lines_mean": 24.05,
    "lines_sum": 962
  },
  "graph": {
    "cyclic_dependency_mass": 0.05161290322580645,
    "dependency_entropy": 0.3980288608626126,
    "edge_count": 73,
    "node_count": 40,
    "propagation_cost": 0.0967948717948718
  },
  "lines": {
    "comments": 95,
    "loc": 731,
    "multi_comment": 3,
    "single_comment": 125,
    "total_lines": 1039
  },
  "lint": {
    "counts": {
      "ARG002": 3,
      "B007": 4,
      "BLE001": 4,
      "C901": 6,
      "DOC201": 34,
      "DOC501": 13,
      "EM101": 7,
      "EM102": 14,
      "EXE001": 1,
      "FBT001": 1,
      "FBT002": 1,
      "FURB101": 1,
      "FURB110": 1,
      "FURB148": 1,
      "PD015": 4,
      "PERF102": 3,
      "PIE790": 1,
      "PLC0415": 1,
      "PLR0911": 1,
      "PLR0912": 3,
      "PLR6201": 6,
      "PLR6301": 6,
      "PLW1514": 1,
      "PTH113": 1,
      "PTH123": 1,
      "RET504": 1,
      "RET505": 2,
      "RET506": 1,
      "RUF005": 1,
      "RUF015": 1,
      "SIM102": 1,
      "SIM108": 1,
      "SIM114": 1,
      "TRY003": 21,
      "UP015": 1,
      "UP045": 5
    },
    "errors": 155,
    "fixable": 14
  },
  "redundancy": {
    "clone_lines": 84,
    "clone_ratio_sum": 0.1094391244870041,
    "cloned_sloc_lines": 76,
    "files_with_clones": 1
  },
  "source_files": [],
  "symbols": {
    "classes": 4,
    "expressions": 2200,
    "expressions_top_level": 10,
    "functions": 4,
    "globals": 0,
    "imports": 8,
    "max_imports": 8,
    "methods": 36,
    "statements": 453,
    "total": 44,
    "type_aliases": 0,
    "variables": 0
  },
  "verbosity_flagged_sloc_lines": 76,
  "waste": {
    "single_use_functions": 4,
    "trivial_wrappers": 0,
    "unused_variables": 13
  }
}