{
  "ast_grep": {
    "category_counts": {},
    "category_weighted": {},
    "counts": {},
    "rules_checked": 355,
    "violation_lines": 0,
    "violations": 0,
    "weighted": 0
  },
  "classes": {
    "attribute_counts_mean": 4.484848484848484,
    "attribute_counts_sum": 148,
    "count": 33,
    "method_counts_mean": 1.8484848484848484,
    "method_counts_sum": 61
  },
  "complexity": {
    "cc_max": 145,
    "cc_ratings": {
      "A": 66,
      "B": 10,
      "C": 15,
      "D": 0,
      "E": 1,
      "F": 5
    },
    "cc_sum": 852,
    "mi_min": 0.0,
    "mi_ratings": {
      "A": 0,
      "B": 0,
      "C": 1
    },
    "mi_sum": 0.0,
    "num_complex": 21
  },
  "file_count": 1,
  "functions": {
    "cc_concentration": 0.5024812231759657,
    "cc_extreme_count": 2,
    "cc_high_count": 17,
    "cc_max": 43,
    "cc_mean": 7.28125,
    "cc_normalized": 0.018913182740109006,
    "cc_std": 8.010843345810173,
    "cc_sum": 466,
    "cc_top20": 0.5386266094420601,
    "count": 64,
    "depth_max": 6,
    "extreme_cc_mean": 41.5,
    "high_cc_mean": 17.470588235294116,
    "lines_mean": 23.15625,
    "lines_sum": 1482
  },
  "graph": {
    "cyclic_dependency_mass": 0.13681592039800994,
    "dependency_entropy": 0.4612861349648292,
    "edge_count": 169,
    "node_count": 63,
    "propagation_cost": 0.10189452124935997
  },
  "lines": {
    "comments": 100,
    "loc": 1481,
    "multi_comment": 9,
    "single_comment": 111,
    "total_lines": 1882
  },
  "lint": {
    "counts": {
      "ANN401": 8,
      "ARG001": 1,
      "ARG002": 1,
      "BLE001": 5,
      "C901": 13,
      "DOC201": 21,
      "DOC501": 4,
      "EM102": 11,
      "EXE001": 1,
      "F401": 3,
      "F841": 5,
      "FBT003": 1,
      "FURB101": 1,
      "FURB110": 1,
      "PIE790": 1,
      "PLC0415": 3,
      "PLR0904": 1,
      "PLR0911": 5,
      "PLR0912": 11,
      "PLR0914": 1,
      "PLR0915": 2,
      "PLR1702": 2,
      "PLR1714": 1,
      "PLR2004": 1,
      "PLR5501": 3,
      "PLR6201": 3,
      "PLR6301": 5,
      "PLW1510": 1,
      "PLW1514": 5,
      "PTH100": 2,
      "PTH103": 3,
      "PTH110": 7,
      "PTH113": 3,
      "PTH118": 5,
      "PTH123": 6,
      "PTH207": 3,
      "RET503": 5,
      "RET504": 1,
      "RET505": 12,
      "RUF012": 1,
      "RUF045": 1,
      "S101": 1,
      "S324": 1,
      "S404": 1,
      "S602": 1,
      "SIM102": 2,
      "SIM103": 2,
      "SIM108": 2,
      "SIM114": 2,
      "TRY003": 11,
      "UP006": 47,
      "UP015": 3,
      "UP035": 3,
      "UP037": 3,
      "UP045": 28
    },
    "errors": 277,
    "fixable": 124
  },
  "redundancy": {
    "clone_lines": 141,
    "clone_ratio_sum": 0.0925050641458474,
    "cloned_sloc_lines": 134,
    "files_with_clones": 1
  },
  "source_files": [],
  "symbols": {
    "classes": 33,
    "expressions": 4678,
    "expressions_top_level": 60,
    "functions": 3,
    "globals": 0,
    "imports": 17,
    "max_imports": 17,
    "methods": 61,
    "statements": 748,
    "total": 97,
    "type_aliases": 0,
    "variables": 0
  },
  "verbosity_flagged_sloc_lines": 134,
  "waste": {
    "single_use_functions": 3,
    "trivial_wrappers": 0,
    "unused_variables": 38
  }
}