{
  "ast_grep": {
    "category_counts": {},
    "category_weighted": {},
    "counts": {},
    "rules_checked": 355,
    "violation_lines": 0,
    "violations": 0,
    "weighted": 0
  },
  "classes": {
    "attribute_counts_mean": 4.0,
    "attribute_counts_sum": 4,
    "count": 1,
    "method_counts_mean": 15.0,
    "method_counts_sum": 15
  },
  "complexity": {
    "cc_max": 103,
    "cc_ratings": {
      "A": 49,
      "B": 1,
      "C": 3,
      "D": 4,
      "E": 0,
      "F": 4
    },
    "cc_sum": 451,
    "mi_min": 0.0,
    "mi_ratings": {
      "A": 4,
      "B": 0,
      "C": 1
    },
    "mi_sum": 258.60361179400456,
    "num_complex": 11
  },
  "file_count": 5,
  "functions": {
    "cc_concentration": 0.6475779967159278,
    "cc_extreme_count": 3,
    "cc_high_count": 10,
    "cc_max": 61,
    "cc_mean": 12.428571428571429,
    "cc_normalized": 0.07370218679506564,
    "cc_std": 17.854200815844063,
    "cc_sum": 348,
    "cc_top20": 0.7097701149425287,
    "count": 28,
    "depth_max": 6,
    "extreme_cc_mean": 57.333333333333336,
    "high_cc_mean": 30.8,
    "lines_mean": 40.964285714285715,
    "lines_sum": 1147
  },
  "graph": {
    "cyclic_dependency_mass": 0.22857142857142856,
    "dependency_entropy": 0.4416428494160763,
    "edge_count": 39,
    "node_count": 23,
    "propagation_cost": 0.2964426877470356
  },
  "lines": {
    "comments": 152,
    "loc": 1313,
    "multi_comment": 14,
    "single_comment": 163,
    "total_lines": 1714
  },
  "lint": {
    "counts": {
      "ANN401": 15,
      "ARG001": 1,
      "BLE001": 1,
      "C901": 8,
      "DOC201": 25,
      "DOC501": 3,
      "EM101": 3,
      "EM102": 4,
      "ERA001": 1,
      "EXE001": 5,
      "F541": 1,
      "F601": 1,
      "FURB110": 3,
      "PERF403": 1,
      "PLR0911": 7,
      "PLR0912": 6,
      "PLR0914": 2,
      "PLR0915": 5,
      "PLR1702": 2,
      "PLR2004": 2,
      "PLR6201": 10,
      "PLW1510": 4,
      "RET505": 5,
      "RUF012": 2,
      "RUF013": 5,
      "S101": 12,
      "S105": 2,
      "S404": 4,
      "S603": 1,
      "S607": 3,
      "SIM102": 2,
      "SIM116": 1,
      "TRY003": 7,
      "UP034": 2
    },
    "errors": 156,
    "fixable": 15
  },
  "redundancy": {
    "clone_lines": 167,
    "clone_ratio_sum": 0.2854062711759995,
    "cloned_sloc_lines": 150,
    "files_with_clones": 5
  },
  "source_files": [],
  "symbols": {
    "classes": 1,
    "expressions": 1242,
    "expressions_top_level": 25,
    "functions": 13,
    "globals": 32,
    "imports": 13,
    "max_imports": 4,
    "methods": 15,
    "statements": 610,
    "total": 61,
    "type_aliases": 0,
    "variables": 32
  },
  "verbosity_flagged_sloc_lines": 150,
  "waste": {
    "single_use_functions": 5,
    "trivial_wrappers": 0,
    "unused_variables": 7
  }
}