{
  "ast_grep": {
    "category_counts": {},
    "category_weighted": {},
    "counts": {},
    "rules_checked": 355,
    "violation_lines": 0,
    "violations": 0,
    "weighted": 0
  },
  "classes": {
    "attribute_counts_mean": 2.3333333333333335,
    "attribute_counts_sum": 7,
    "count": 3,
    "method_counts_mean": 9.666666666666666,
    "method_counts_sum": 29
  },
  "complexity": {
    "cc_max": 62,
    "cc_ratings": {
      "A": 31,
      "B": 12,
      "C": 6,
      "D": 2,
      "E": 0,
      "F": 1
    },
    "cc_sum": 343,
    "mi_min": 19.81691178602034,
    "mi_ratings": {
      "A": 5,
      "B": 0,
      "C": 0
    },
    "mi_sum": 201.60331968795765,
    "num_complex": 9
  },
  "file_count": 5,
  "functions": {
    "cc_concentration": 0.5064625850340136,
    "cc_extreme_count": 0,
    "cc_high_count": 6,
    "cc_max": 22,
    "cc_mean": 4.8979591836734695,
    "cc_normalized": 0.021559606481481485,
    "cc_std": 5.03423652751497,
    "cc_sum": 240,
    "cc_top20": 0.5416666666666666,
    "count": 49,
    "depth_max": 5,
    "extreme_cc_mean": 0.0,
    "high_cc_mean": 16.0,
    "lines_mean": 13.938775510204081,
    "lines_sum": 683
  },
  "graph": {
    "cyclic_dependency_mass": 0.0,
    "dependency_entropy": 0.0,
    "edge_count": 0,
    "node_count": 0,
    "propagation_cost": 0.0
  },
  "lines": {
    "comments": 16,
    "loc": 561,
    "multi_comment": 0,
    "single_comment": 67,
    "total_lines": 787
  },
  "lint": {
    "counts": {
      "ARG002": 3,
      "B007": 4,
      "BLE001": 5,
      "C901": 4,
      "DOC201": 41,
      "DOC501": 5,
      "E713": 1,
      "E722": 1,
      "EM101": 5,
      "EM102": 2,
      "EXE001": 2,
      "F401": 1,
      "FBT001": 3,
      "INP001": 3,
      "PD015": 2,
      "PERF203": 1,
      "PLC0415": 1,
      "PLR0912": 3,
      "PLR2004": 1,
      "PLR6201": 5,
      "PLR6301": 10,
      "PLW1514": 1,
      "PLW2901": 1,
      "PTH112": 1,
      "PTH123": 1,
      "RET504": 1,
      "RET505": 2,
      "RET507": 5,
      "RUF005": 1,
      "RUF012": 2,
      "S307": 1,
      "SIM102": 1,
      "TRY003": 7,
      "TRY300": 1,
      "UP006": 34,
      "UP015": 1,
      "UP035": 9,
      "UP045": 19
    },
    "errors": 191,
    "fixable": 65
  },
  "redundancy": {
    "clone_lines": 18,
    "clone_ratio_sum": 0.14603174603174604,
    "cloned_sloc_lines": 18,
    "files_with_clones": 5
  },
  "source_files": null,
  "symbols": {
    "classes": 3,
    "expressions": 1395,
    "expressions_top_level": 6,
    "functions": 20,
    "globals": 0,
    "imports": 26,
    "max_imports": 7,
    "methods": 29,
    "statements": 301,
    "total": 52,
    "type_aliases": 0,
    "variables": 0
  },
  "verbosity_flagged_sloc_lines": 18,
  "waste": {
    "single_use_functions": 18,
    "trivial_wrappers": 0,
    "unused_variables": 5
  }
}