{
  "model": "glm-5-kimi",
  "thinking": "none",
  "prompt": "just-solve",
  "agent_type": "claude_code",
  "agent_version": "2.0.51",
  "num_problems": 1,
  "num_checkpoints": 6,
  "expected_checkpoints": 6,
  "costs": {
    "checkpoint": {
      "mean": 7.625151500000002,
      "stddev": 4.101329763316809,
      "min": 4.580859,
      "max": 15.028860000000003,
      "median": 5.652339000000001,
      "count": 6
    },
    "problem": {
      "mean": 45.750909000000014,
      "stddev": null,
      "min": 45.750909000000014,
      "max": 45.750909000000014,
      "median": 45.750909000000014,
      "count": 1
    },
    "total": 45.750909000000014
  },
  "time": {
    "checkpoint": {
      "mean": 634.3301158333334,
      "stddev": 271.7471651586669,
      "min": 386.824613,
      "max": 1023.943717,
      "median": 527.0736775,
      "count": 6
    },
    "problem": {
      "mean": 3805.980695,
      "stddev": null,
      "min": 3805.980695,
      "max": 3805.980695,
      "median": 3805.980695,
      "count": 1
    }
  },
  "tokens": {
    "input": 14583063,
    "output": 79926,
    "cache_read": 0,
    "cache_write": 0,
    "reasoning": 0,
    "problem": {
      "input": 14583063.0,
      "output": 79926.0,
      "cache_read": 0.0,
      "cache_write": 0.0,
      "reasoning": 0.0
    },
    "checkpoint": {
      "input": 2430510.5,
      "output": 13321.0,
      "cache_read": 0.0,
      "cache_write": 0.0,
      "reasoning": 0.0
    }
  },
  "steps": {
    "checkpoint": {
      "mean": 53.666666666666664,
      "stddev": 19.89639833403691,
      "min": 33.0,
      "max": 82.0,
      "median": 50.0,
      "count": 6
    },
    "problem": {
      "mean": 322.0,
      "stddev": null,
      "min": 322.0,
      "max": 322.0,
      "median": 322.0,
      "count": 1
    }
  },
  "checkpoints_solved": 0,
  "checkpoints_iso_solved": 0,
  "checkpoints_core_solved": 5,
  "problem_solved": 0.0,
  "problem_partial": 0.0,
  "pct_checkpoints_solved": 0.0,
  "pct_checkpoints_iso_solved": 0.0,
  "pct_problems_solved": 0.0,
  "pct_problems_partial": 0.0,
  "pct_checkpoints_core_solved": 83.33333333333334,
  "pass_rates": {
    "problem": {
      "core": 0.9761904761904762,
      "total": 0.8832952356380044,
      "error": 0.8214840714840714,
      "functionality": 0.8860769949005243,
      "regression": 0.8910000343995922
    },
    "checkpoint": {
      "core": 0.9761904761904762,
      "total": 0.8832952356380044,
      "error": 0.8214840714840714,
      "functionality": 0.8860769949005243,
      "regression": 0.8910000343995922
    }
  },
  "cc": {
    "high_count": {
      "mean": 6.666666666666667,
      "stddev": 4.844240566555986,
      "min": 2.0,
      "max": 13.0,
      "median": 5.0,
      "count": 6
    },
    "high_mean": {
      "mean": 15.643772893772894,
      "stddev": 1.952042713761632,
      "min": 12.5,
      "max": 18.285714285714285,
      "median": 15.871794871794872,
      "count": 6
    },
    "max": {
      "mean": 21.833333333333332,
      "stddev": 5.269408568963567,
      "min": 14.0,
      "max": 27.0,
      "median": 22.5,
      "count": 6
    }
  },
  "ratios": {
    "rubric": {
      "mean": null,
      "stddev": null,
      "min": null,
      "max": null,
      "median": null,
      "count": 0
    },
    "lint": {
      "mean": 0.20405406343143984,
      "stddev": 0.0590339967062682,
      "min": 0.1552917903066271,
      "max": 0.3067226890756303,
      "median": 0.18046696650652494,
      "count": 6
    },
    "violation_pct": {
      "mean": 0.0,
      "stddev": 0.0,
      "min": 0.0,
      "max": 0.0,
      "median": 0.0,
      "count": 6
    }
  },
  "verbosity": {
    "mean": null,
    "stddev": null,
    "min": null,
    "max": null,
    "median": null,
    "count": 0
  },
  "erosion": {
    "mean": null,
    "stddev": null,
    "min": null,
    "max": null,
    "median": null,
    "count": 0
  }
}