{
  "ast_grep": {
    "category_counts": {},
    "category_weighted": {},
    "counts": {},
    "rules_checked": 355,
    "violation_lines": 0,
    "violations": 0,
    "weighted": 0
  },
  "classes": {
    "attribute_counts_mean": 4.75,
    "attribute_counts_sum": 76,
    "count": 16,
    "method_counts_mean": 3.0,
    "method_counts_sum": 48
  },
  "complexity": {
    "cc_max": 177,
    "cc_ratings": {
      "A": 51,
      "B": 4,
      "C": 3,
      "D": 0,
      "E": 3,
      "F": 4
    },
    "cc_sum": 658,
    "mi_min": 0.0,
    "mi_ratings": {
      "A": 0,
      "B": 0,
      "C": 1
    },
    "mi_sum": 0.0,
    "num_complex": 10
  },
  "file_count": 1,
  "functions": {
    "cc_concentration": 0.6868640413912044,
    "cc_extreme_count": 3,
    "cc_high_count": 6,
    "cc_max": 91,
    "cc_mean": 7.244897959183674,
    "cc_normalized": 0.0968713218276797,
    "cc_std": 15.78439447186801,
    "cc_sum": 355,
    "cc_top20": 0.752112676056338,
    "count": 49,
    "depth_max": 8,
    "extreme_cc_mean": 62.666666666666664,
    "high_cc_mean": 39.5,
    "lines_mean": 19.653061224489797,
    "lines_sum": 963
  },
  "graph": {
    "cyclic_dependency_mass": 0.04838709677419355,
    "dependency_entropy": 0.20950120677559747,
    "edge_count": 49,
    "node_count": 49,
    "propagation_cost": 0.0467687074829932
  },
  "lines": {
    "comments": 67,
    "loc": 900,
    "multi_comment": 4,
    "single_comment": 92,
    "total_lines": 1160
  },
  "lint": {
    "counts": {
      "A002": 2,
      "ANN401": 6,
      "ARG002": 1,
      "B904": 4,
      "B905": 2,
      "BLE001": 1,
      "C401": 1,
      "C901": 5,
      "DOC201": 25,
      "DOC501": 9,
      "E721": 3,
      "EM101": 9,
      "EM102": 17,
      "EXE001": 1,
      "F541": 1,
      "F841": 1,
      "FBT001": 2,
      "FBT002": 2,
      "FBT003": 2,
      "FURB103": 1,
      "FURB113": 1,
      "FURB118": 2,
      "PERF401": 1,
      "PIE790": 1,
      "PLR0911": 2,
      "PLR0912": 3,
      "PLR0914": 2,
      "PLR0915": 3,
      "PLR1702": 18,
      "PLR6201": 5,
      "PLR6301": 3,
      "PLW2901": 1,
      "PTH123": 2,
      "RET505": 10,
      "RET508": 1,
      "RUF010": 1,
      "RUF012": 1,
      "RUF023": 4,
      "SIM102": 1,
      "SIM110": 1,
      "SIM114": 1,
      "SIM116": 1,
      "TRY003": 26,
      "TRY004": 3,
      "UP015": 1,
      "UP045": 4
    },
    "errors": 194,
    "fixable": 27
  },
  "redundancy": {
    "clone_lines": 148,
    "clone_ratio_sum": 0.15666666666666668,
    "cloned_sloc_lines": 139,
    "files_with_clones": 1
  },
  "source_files": [],
  "symbols": {
    "classes": 16,
    "expressions": 2666,
    "expressions_top_level": 12,
    "functions": 1,
    "globals": 0,
    "imports": 5,
    "max_imports": 5,
    "methods": 48,
    "statements": 664,
    "total": 65,
    "type_aliases": 0,
    "variables": 0
  },
  "verbosity_flagged_sloc_lines": 139,
  "waste": {
    "single_use_functions": 1,
    "trivial_wrappers": 0,
    "unused_variables": 8
  }
}