{
  "ast_grep": {
    "category_counts": {},
    "category_weighted": {},
    "counts": {},
    "rules_checked": 355,
    "violation_lines": 0,
    "violations": 0,
    "weighted": 0
  },
  "classes": {
    "attribute_counts_mean": 0.8636363636363636,
    "attribute_counts_sum": 19,
    "count": 22,
    "method_counts_mean": 1.3636363636363635,
    "method_counts_sum": 30
  },
  "complexity": {
    "cc_max": 28,
    "cc_ratings": {
      "A": 82,
      "B": 18,
      "C": 11,
      "D": 3,
      "E": 0,
      "F": 0
    },
    "cc_sum": 493,
    "mi_min": 7.912133523740073,
    "mi_ratings": {
      "A": 6,
      "B": 0,
      "C": 1
    },
    "mi_sum": 365.4071453328034,
    "num_complex": 14
  },
  "file_count": 7,
  "functions": {
    "cc_concentration": 0.45893295893295893,
    "cc_extreme_count": 0,
    "cc_high_count": 12,
    "cc_max": 23,
    "cc_mean": 5.766233766233766,
    "cc_normalized": 0.010277703023079982,
    "cc_std": 5.129625265619989,
    "cc_sum": 444,
    "cc_top20": 0.509009009009009,
    "count": 77,
    "depth_max": 5,
    "extreme_cc_mean": 0.0,
    "high_cc_mean": 15.5,
    "lines_mean": 16.558441558441558,
    "lines_sum": 1275
  },
  "graph": {
    "cyclic_dependency_mass": 0.0,
    "dependency_entropy": 0.0,
    "edge_count": 0,
    "node_count": 0,
    "propagation_cost": 0.0
  },
  "lines": {
    "comments": 89,
    "loc": 1115,
    "multi_comment": 8,
    "single_comment": 158,
    "total_lines": 1600
  },
  "lint": {
    "counts": {
      "ARG001": 1,
      "B007": 1,
      "B905": 1,
      "BLE001": 5,
      "C901": 7,
      "DOC201": 40,
      "DOC501": 7,
      "E722": 1,
      "EM101": 2,
      "EM102": 10,
      "EXE001": 2,
      "F401": 7,
      "F841": 4,
      "FBT001": 1,
      "FURB148": 1,
      "INP001": 5,
      "PD011": 2,
      "PERF203": 3,
      "PERF401": 1,
      "PIE790": 4,
      "PLR0912": 4,
      "PLR2004": 2,
      "PLR6201": 9,
      "PLR6301": 5,
      "PLW1514": 2,
      "PLW2901": 1,
      "PTH108": 1,
      "PTH118": 1,
      "PTH207": 1,
      "RET505": 4,
      "RET507": 6,
      "RUF013": 1,
      "RUF015": 1,
      "RUF059": 1,
      "S307": 1,
      "SIM102": 5,
      "SIM114": 1,
      "TRY003": 12,
      "TRY300": 1,
      "UP006": 15,
      "UP035": 7,
      "UP045": 4
    },
    "errors": 190,
    "fixable": 42
  },
  "redundancy": {
    "clone_lines": 42,
    "clone_ratio_sum": 0.1612703086387297,
    "cloned_sloc_lines": 42,
    "files_with_clones": 7
  },
  "source_files": null,
  "symbols": {
    "classes": 22,
    "expressions": 1900,
    "expressions_top_level": 19,
    "functions": 47,
    "globals": 15,
    "imports": 30,
    "max_imports": 7,
    "methods": 30,
    "statements": 475,
    "total": 114,
    "type_aliases": 0,
    "variables": 15
  },
  "verbosity_flagged_sloc_lines": 42,
  "waste": {
    "single_use_functions": 38,
    "trivial_wrappers": 0,
    "unused_variables": 29
  }
}