{
  "ast_grep": {
    "category_counts": {},
    "category_weighted": {},
    "counts": {},
    "rules_checked": 355,
    "violation_lines": 0,
    "violations": 0,
    "weighted": 0
  },
  "classes": {
    "attribute_counts_mean": 0.0,
    "attribute_counts_sum": 0,
    "count": 0,
    "method_counts_mean": 0.0,
    "method_counts_sum": 0
  },
  "complexity": {
    "cc_max": 107,
    "cc_ratings": {
      "A": 28,
      "B": 4,
      "C": 3,
      "D": 3,
      "E": 0,
      "F": 3
    },
    "cc_sum": 396,
    "mi_min": 8.50126212821572,
    "mi_ratings": {
      "A": 2,
      "B": 0,
      "C": 1
    },
    "mi_sum": 89.48981720408608,
    "num_complex": 9
  },
  "file_count": 3,
  "functions": {
    "cc_concentration": 0.6792929292929293,
    "cc_extreme_count": 3,
    "cc_high_count": 9,
    "cc_max": 107,
    "cc_mean": 11.647058823529411,
    "cc_normalized": 0.09501581471278442,
    "cc_std": 20.934070175616757,
    "cc_sum": 396,
    "cc_top20": 0.73989898989899,
    "count": 34,
    "depth_max": 8,
    "extreme_cc_mean": 68.66666666666667,
    "high_cc_mean": 35.44444444444444,
    "lines_mean": 53.38235294117647,
    "lines_sum": 1815
  },
  "graph": {
    "cyclic_dependency_mass": 0.0,
    "dependency_entropy": 0.12462617830955112,
    "edge_count": 39,
    "node_count": 24,
    "propagation_cost": 0.125
  },
  "lines": {
    "comments": 196,
    "loc": 1345,
    "multi_comment": 33,
    "single_comment": 206,
    "total_lines": 1920
  },
  "lint": {
    "counts": {
      "ARG001": 1,
      "B904": 1,
      "BLE001": 20,
      "C901": 9,
      "DOC201": 22,
      "DOC501": 7,
      "E712": 18,
      "EM101": 7,
      "EM102": 3,
      "EXE001": 3,
      "F401": 1,
      "F541": 2,
      "F841": 4,
      "PERF203": 1,
      "PERF401": 5,
      "PLC1901": 5,
      "PLR0911": 5,
      "PLR0912": 6,
      "PLR0914": 4,
      "PLR0915": 4,
      "PLR1702": 1,
      "PLR1714": 2,
      "PLR2004": 59,
      "PLR6201": 5,
      "PLW1510": 1,
      "PT018": 1,
      "RET503": 1,
      "RET505": 3,
      "RUF010": 4,
      "RUF013": 1,
      "RUF059": 8,
      "S101": 89,
      "S310": 2,
      "S324": 2,
      "S404": 2,
      "S603": 14,
      "SIM102": 2,
      "SIM118": 4,
      "TRY002": 2,
      "TRY003": 10,
      "TRY203": 1,
      "TRY300": 1,
      "TRY301": 3
    },
    "errors": 346,
    "fixable": 14
  },
  "redundancy": {
    "clone_lines": 220,
    "clone_ratio_sum": 0.31555196939812324,
    "cloned_sloc_lines": 206,
    "files_with_clones": 3
  },
  "source_files": [],
  "symbols": {
    "classes": 0,
    "expressions": 1382,
    "expressions_top_level": 62,
    "functions": 34,
    "globals": 7,
    "imports": 28,
    "max_imports": 16,
    "methods": 0,
    "statements": 450,
    "total": 41,
    "type_aliases": 0,
    "variables": 7
  },
  "verbosity_flagged_sloc_lines": 206,
  "waste": {
    "single_use_functions": 19,
    "trivial_wrappers": 0,
    "unused_variables": 21
  }
}