{
  "ast_grep": {
    "category_counts": {},
    "category_weighted": {},
    "counts": {},
    "rules_checked": 355,
    "violation_lines": 0,
    "violations": 0,
    "weighted": 0
  },
  "classes": {
    "attribute_counts_mean": 4.0,
    "attribute_counts_sum": 40,
    "count": 10,
    "method_counts_mean": 4.2,
    "method_counts_sum": 42
  },
  "complexity": {
    "cc_max": 81,
    "cc_ratings": {
      "A": 36,
      "B": 13,
      "C": 2,
      "D": 3,
      "E": 1,
      "F": 5
    },
    "cc_sum": 614,
    "mi_min": 0.0,
    "mi_ratings": {
      "A": 0,
      "B": 0,
      "C": 1
    },
    "mi_sum": 0.0,
    "num_complex": 11
  },
  "file_count": 1,
  "functions": {
    "cc_concentration": 0.55787728026534,
    "cc_extreme_count": 2,
    "cc_high_count": 7,
    "cc_max": 45,
    "cc_mean": 7.444444444444445,
    "cc_normalized": 0.03396585593065878,
    "cc_std": 9.203644425284514,
    "cc_sum": 335,
    "cc_top20": 0.6029850746268657,
    "count": 45,
    "depth_max": 5,
    "extreme_cc_mean": 38.5,
    "high_cc_mean": 26.0,
    "lines_mean": 21.644444444444446,
    "lines_sum": 974
  },
  "graph": {
    "cyclic_dependency_mass": 0.0,
    "dependency_entropy": 0.18181818181818182,
    "edge_count": 44,
    "node_count": 44,
    "propagation_cost": 0.04386892177589852
  },
  "lines": {
    "comments": 96,
    "loc": 862,
    "multi_comment": 0,
    "single_comment": 122,
    "total_lines": 1123
  },
  "lint": {
    "counts": {
      "ANN401": 4,
      "ARG002": 3,
      "B007": 1,
      "B904": 6,
      "B905": 2,
      "BLE001": 6,
      "C901": 7,
      "DOC201": 24,
      "DOC501": 14,
      "EM101": 18,
      "EM102": 59,
      "ERA001": 1,
      "EXE001": 1,
      "F401": 7,
      "F541": 5,
      "F811": 1,
      "F841": 3,
      "FURB101": 1,
      "FURB103": 1,
      "N802": 1,
      "PD008": 1,
      "PD011": 3,
      "PERF203": 2,
      "PERF401": 1,
      "PIE810": 1,
      "PLC0415": 2,
      "PLR0911": 3,
      "PLR0912": 5,
      "PLR0915": 2,
      "PLR1714": 2,
      "PLR2004": 4,
      "PLR6104": 1,
      "PLR6201": 11,
      "PLR6301": 8,
      "PLW1514": 2,
      "PLW2901": 1,
      "PTH123": 2,
      "RET505": 6,
      "RUF005": 1,
      "RUF013": 1,
      "RUF021": 2,
      "SIM102": 2,
      "SIM201": 1,
      "SIM202": 1,
      "TRY003": 77,
      "TRY301": 9,
      "UP006": 25,
      "UP007": 1,
      "UP015": 1,
      "UP024": 4,
      "UP035": 4,
      "UP045": 2
    },
    "errors": 353,
    "fixable": 57
  },
  "redundancy": {
    "clone_lines": 121,
    "clone_ratio_sum": 0.13921113689095127,
    "cloned_sloc_lines": 118,
    "files_with_clones": 1
  },
  "source_files": [],
  "symbols": {
    "classes": 10,
    "expressions": 2611,
    "expressions_top_level": 7,
    "functions": 3,
    "globals": 5,
    "imports": 14,
    "max_imports": 14,
    "methods": 42,
    "statements": 801,
    "total": 60,
    "type_aliases": 0,
    "variables": 5
  },
  "verbosity_flagged_sloc_lines": 118,
  "waste": {
    "single_use_functions": 3,
    "trivial_wrappers": 0,
    "unused_variables": 21
  }
}