{
  "ast_grep": {
    "category_counts": {},
    "category_weighted": {},
    "counts": {},
    "rules_checked": 355,
    "violation_lines": 0,
    "violations": 0,
    "weighted": 0
  },
  "classes": {
    "attribute_counts_mean": 8.0,
    "attribute_counts_sum": 8,
    "count": 1,
    "method_counts_mean": 9.0,
    "method_counts_sum": 9
  },
  "complexity": {
    "cc_max": 51,
    "cc_ratings": {
      "A": 32,
      "B": 7,
      "C": 2,
      "D": 2,
      "E": 1,
      "F": 1
    },
    "cc_sum": 298,
    "mi_min": 5.963553044191033,
    "mi_ratings": {
      "A": 10,
      "B": 0,
      "C": 1
    },
    "mi_sum": 897.3452225305956,
    "num_complex": 6
  },
  "file_count": 11,
  "functions": {
    "cc_concentration": 0.5649330426658362,
    "cc_extreme_count": 1,
    "cc_high_count": 5,
    "cc_max": 38,
    "cc_mean": 6.333333333333333,
    "cc_normalized": 0.042874606076238976,
    "cc_std": 8.189638297177506,
    "cc_sum": 247,
    "cc_top20": 0.611336032388664,
    "count": 39,
    "depth_max": 6,
    "extreme_cc_mean": 38.0,
    "high_cc_mean": 24.2,
    "lines_mean": 34.92307692307692,
    "lines_sum": 1362
  },
  "graph": {
    "cyclic_dependency_mass": 0.10204081632653061,
    "dependency_entropy": 0.27308138602561854,
    "edge_count": 40,
    "node_count": 32,
    "propagation_cost": 0.10080645161290322
  },
  "lines": {
    "comments": 165,
    "loc": 1525,
    "multi_comment": 43,
    "single_comment": 161,
    "total_lines": 1982
  },
  "lint": {
    "counts": {
      "B007": 2,
      "B018": 1,
      "B904": 1,
      "BLE001": 6,
      "C401": 3,
      "C901": 4,
      "COM819": 2,
      "DOC201": 29,
      "DOC501": 2,
      "E741": 3,
      "EM101": 1,
      "EM102": 18,
      "ERA001": 1,
      "EXE001": 4,
      "F401": 1,
      "F541": 1,
      "F821": 2,
      "F841": 4,
      "FBT001": 1,
      "FURB101": 2,
      "FURB103": 13,
      "FURB118": 2,
      "INP001": 7,
      "PLR0911": 2,
      "PLR0912": 4,
      "PLR0913": 2,
      "PLR0914": 3,
      "PLR0915": 2,
      "PLR0917": 2,
      "PLR1702": 2,
      "PLR2004": 2,
      "PLR6201": 1,
      "PLR6301": 1,
      "PLW1510": 3,
      "PLW1514": 15,
      "PTH118": 18,
      "PTH123": 19,
      "Q001": 4,
      "RET505": 3,
      "S101": 3,
      "S404": 3,
      "S603": 3,
      "SIM102": 2,
      "SIM103": 1,
      "TRY003": 19,
      "TRY004": 4,
      "TRY300": 2,
      "UP006": 85,
      "UP015": 3,
      "UP024": 2,
      "UP035": 3,
      "UP045": 2
    },
    "errors": 325,
    "fixable": 142
  },
  "redundancy": {
    "clone_lines": 40,
    "clone_ratio_sum": 0.23944197155574856,
    "cloned_sloc_lines": 24,
    "files_with_clones": 11
  },
  "source_files": [],
  "symbols": {
    "classes": 1,
    "expressions": 1465,
    "expressions_top_level": 10,
    "functions": 30,
    "globals": 5,
    "imports": 33,
    "max_imports": 15,
    "methods": 9,
    "statements": 340,
    "total": 45,
    "type_aliases": 0,
    "variables": 5
  },
  "verbosity_flagged_sloc_lines": 24,
  "waste": {
    "single_use_functions": 25,
    "trivial_wrappers": 0,
    "unused_variables": 11
  }
}