{
  "ast_grep": {
    "category_counts": {},
    "category_weighted": {},
    "counts": {},
    "rules_checked": 355,
    "violation_lines": 0,
    "violations": 0,
    "weighted": 0
  },
  "classes": {
    "attribute_counts_mean": 1.6666666666666667,
    "attribute_counts_sum": 10,
    "count": 6,
    "method_counts_mean": 6.0,
    "method_counts_sum": 36
  },
  "complexity": {
    "cc_max": 106,
    "cc_ratings": {
      "A": 40,
      "B": 5,
      "C": 7,
      "D": 1,
      "E": 1,
      "F": 1
    },
    "cc_sum": 372,
    "mi_min": 2.522941132794495,
    "mi_ratings": {
      "A": 0,
      "B": 0,
      "C": 1
    },
    "mi_sum": 2.522941132794495,
    "num_complex": 10
  },
  "file_count": 1,
  "functions": {
    "cc_concentration": 0.5651995738054257,
    "cc_extreme_count": 1,
    "cc_high_count": 8,
    "cc_max": 36,
    "cc_mean": 5.081632653061225,
    "cc_normalized": 0.03819293237205852,
    "cc_std": 6.9517286060551085,
    "cc_sum": 249,
    "cc_top20": 0.6345381526104418,
    "count": 49,
    "depth_max": 4,
    "extreme_cc_mean": 36.0,
    "high_cc_mean": 17.75,
    "lines_mean": 19.20408163265306,
    "lines_sum": 941
  },
  "graph": {
    "cyclic_dependency_mass": 0.0,
    "dependency_entropy": 0.25216442118388716,
    "edge_count": 66,
    "node_count": 49,
    "propagation_cost": 0.04591836734693878
  },
  "lines": {
    "comments": 97,
    "loc": 767,
    "multi_comment": 3,
    "single_comment": 145,
    "total_lines": 1101
  },
  "lint": {
    "counts": {
      "A002": 1,
      "ANN401": 11,
      "ARG001": 5,
      "ARG002": 3,
      "ARG005": 2,
      "B904": 5,
      "BLE001": 2,
      "C901": 6,
      "DOC201": 24,
      "DOC501": 8,
      "E741": 12,
      "EM101": 13,
      "EM102": 7,
      "EXE001": 1,
      "F401": 2,
      "FURB110": 1,
      "PIE790": 2,
      "PIE810": 2,
      "PLR0911": 5,
      "PLR0912": 4,
      "PLR0915": 1,
      "PLR2004": 12,
      "PLR6201": 3,
      "RET505": 3,
      "RUF013": 7,
      "RUF059": 1,
      "S104": 2,
      "S506": 1,
      "SIM114": 2,
      "SIM118": 1,
      "TRY002": 4,
      "TRY003": 15,
      "TRY300": 2,
      "TRY301": 2,
      "UP006": 57,
      "UP035": 3,
      "UP045": 7
    },
    "errors": 239,
    "fixable": 74
  },
  "redundancy": {
    "clone_lines": 140,
    "clone_ratio_sum": 0.17861799217731422,
    "cloned_sloc_lines": 137,
    "files_with_clones": 1
  },
  "source_files": [],
  "symbols": {
    "classes": 6,
    "expressions": 1627,
    "expressions_top_level": 23,
    "functions": 13,
    "globals": 0,
    "imports": 12,
    "max_imports": 12,
    "methods": 36,
    "statements": 408,
    "total": 55,
    "type_aliases": 0,
    "variables": 0
  },
  "verbosity_flagged_sloc_lines": 137,
  "waste": {
    "single_use_functions": 9,
    "trivial_wrappers": 0,
    "unused_variables": 8
  }
}