{
  "ast_grep": {
    "category_counts": {},
    "category_weighted": {},
    "counts": {},
    "rules_checked": 355,
    "violation_lines": 0,
    "violations": 0,
    "weighted": 0
  },
  "classes": {
    "attribute_counts_mean": 2.730769230769231,
    "attribute_counts_sum": 71,
    "count": 26,
    "method_counts_mean": 2.6923076923076925,
    "method_counts_sum": 70
  },
  "complexity": {
    "cc_max": 44,
    "cc_ratings": {
      "A": 118,
      "B": 8,
      "C": 10,
      "D": 1,
      "E": 1,
      "F": 1
    },
    "cc_sum": 528,
    "mi_min": 0.0,
    "mi_ratings": {
      "A": 0,
      "B": 0,
      "C": 1
    },
    "mi_sum": 0.0,
    "num_complex": 13
  },
  "file_count": 1,
  "functions": {
    "cc_concentration": 0.49878048780487805,
    "cc_extreme_count": 1,
    "cc_high_count": 7,
    "cc_max": 44,
    "cc_mean": 3.6607142857142856,
    "cc_normalized": 0.017977930339619815,
    "cc_std": 5.1945112602580075,
    "cc_sum": 410,
    "cc_top20": 0.5829268292682926,
    "count": 112,
    "depth_max": 4,
    "extreme_cc_mean": 44.0,
    "high_cc_mean": 19.142857142857142,
    "lines_mean": 12.723214285714286,
    "lines_sum": 1425
  },
  "graph": {
    "cyclic_dependency_mass": 0.0,
    "dependency_entropy": 0.22849443422687524,
    "edge_count": 106,
    "node_count": 109,
    "propagation_cost": 0.011213047910295617
  },
  "lines": {
    "comments": 86,
    "loc": 1172,
    "multi_comment": 61,
    "single_comment": 177,
    "total_lines": 1767
  },
  "lint": {
    "counts": {
      "ANN401": 9,
      "B904": 1,
      "C901": 4,
      "DOC201": 39,
      "DOC501": 20,
      "EM101": 8,
      "EM102": 18,
      "EXE001": 1,
      "F811": 3,
      "F841": 4,
      "PERF401": 1,
      "PLR0912": 3,
      "PLR0915": 1,
      "PLR0916": 1,
      "PLR2004": 8,
      "PLR5501": 3,
      "PLR6201": 3,
      "PLR6301": 2,
      "PLW1514": 10,
      "PLW1641": 1,
      "PTH123": 10,
      "RUF013": 2,
      "RUF031": 3,
      "SIM102": 1,
      "SIM118": 1,
      "SLF001": 2,
      "TRY003": 26,
      "UP015": 5,
      "UP045": 23
    },
    "errors": 213,
    "fixable": 44
  },
  "redundancy": {
    "clone_lines": 326,
    "clone_ratio_sum": 0.27303754266211605,
    "cloned_sloc_lines": 289,
    "files_with_clones": 1
  },
  "source_files": [],
  "symbols": {
    "classes": 26,
    "expressions": 2270,
    "expressions_top_level": 71,
    "functions": 42,
    "globals": 1,
    "imports": 9,
    "max_imports": 9,
    "methods": 70,
    "statements": 457,
    "total": 139,
    "type_aliases": 0,
    "variables": 1
  },
  "verbosity_flagged_sloc_lines": 289,
  "waste": {
    "single_use_functions": 38,
    "trivial_wrappers": 0,
    "unused_variables": 41
  }
}